# Additional file 4a. Marker-gene control for the adjustment procedure (rho_raw vs rho_adj under G_epic, rho_adj_mc under G_mc).
# source: results\m2_marker_specificity.csv
gene,method,population,n,rho_raw,p_raw,rho_adj,p_adj,rho_adj_mc,p_adj_mc,fdr_raw,fdr_adj
JAML,MCPcounter,T cells,514,0.679611857248697,6.61465252993753e-71,0.635194493107066,2.01572399471369e-59,0.0950575549789779,0.0311823305688772,1.05834440479e-69,3.39949127757119e-58
JAML,MCPcounter,CD8 T cells,514,0.372394340172272,2.36280761757125e-18,0.346982198859394,5.47340726912568e-16,-0.379146896169983,5.11484316505528e-19,1.1341476564342e-17,2.51132804112825e-15
JAML,MCPcounter,Cytotoxic lymphocytes,514,0.460681519127433,2.28678146732063e-28,0.410810894807509,2.39113180283794e-22,-0.365972202171409,9.79904700820507e-18,1.60331644450345e-27,1.51022697894613e-21
JAML,MCPcounter,B lineage,514,0.507617715833588,5.14197316119436e-35,0.445307367621264,2.10044242264004e-26,-0.00358995042352958,0.935289330888227,4.49859926043756e-34,1.48940462696293e-25
JAML,MCPcounter,NK cells,514,0.323791896977752,5.2036978791475e-14,0.255692895033248,4.08084306755985e-09,-0.464529817671017,7.11278551276088e-29,1.99209047643438e-13,1.26061686839472e-08
JAML,MCPcounter,Monocytic lineage,514,0.677369586006374,2.81059458243912e-70,0.621810476609357,2.5454303245184e-56,0.292610515846876,1.31987707674738e-11,4.38452754860503e-69,3.78178219642734e-55
JAML,MCPcounter,Myeloid dendritic cells,514,0.757035394445136,1.07194183712862e-96,0.749909549318454,6.25580069349864e-94,0.658114120484325,4.1933564764181e-65,2.90822481029677e-95,2.16867757374619e-92
JAML,MCPcounter,Neutrophils,514,0.262515782471242,1.50838102313597e-09,0.241070084471688,3.13094986309461e-08,0.0514418243854773,0.244343656001783,4.56907649726625e-09,9.04496627116219e-08
JAML,MCPcounter,Endothelial cells,514,0.41412224571404,1.02147640755927e-22,0.280496709434355,9.52923945932038e-11,0.285272660204299,4.42077038265679e-11,6.01321960676398e-22,3.23165512098691e-10
JAML,MCPcounter,Fibroblasts,514,0.211493421201462,1.31121358370949e-06,-0.134801683033151,0.00219338723918724,0.0125477415049901,0.776567063423438,3.08753689145177e-06,0.00376009241003528
JAML,EPIC,Bcells,514,0.342886470834418,1.25840839001325e-15,0.308583059991429,8.40635374900358e-13,-0.132045508571079,0.00270392521483909,5.37840298197446e-15,3.36254149960143e-12
JAML,EPIC,CAFs,514,0.0951526605040212,0.0310131602784834,-0.36627328252388,9.17341672326149e-18,0.00445391009167846,0.919763380195592,0.0413508803713112,4.61630002847998e-17
JAML,EPIC,CD4_Tcells,514,0.333043722924137,8.85429477059278e-15,0.358191228025077,5.26328592842976e-17,0.113831358636087,0.00979872497756405,3.56456770119348e-14,2.48809880253043e-16
JAML,EPIC,CD8_Tcells,514,0.127549629067742,0.00377291722172506,0.392796685958021,2.07589999544618e-20,0.00626306996056793,0.887357020465,0.00582747610484266,1.23367771157944e-19
JAML,EPIC,Endothelial,514,0.344674414510966,8.76272829997418e-16,0.21370832099614,1.00881848888485e-06,0.189233612711135,1.56837489530631e-05,3.79718226332215e-15,2.53831748816189e-06
JAML,EPIC,Macrophages,514,0.617775631228156,2.04875095162086e-55,0.578332657825477,3.26879978159414e-47,0.302689679860226,2.36840313420721e-12,2.50670704668905e-54,4.1627164565607e-46
JAML,EPIC,NKcells,514,0.00331886989729553,0.940166177617978,-0.201961669154375,3.92560191448574e-06,-0.102807500219689,0.0197368706377765,0.946231765860674,9.20893080691392e-06
JAML,EPIC,otherCells,514,-0.351607567527062,2.10623831747614e-16,-0.0157321619356619,0.721970550424178,-0.14032579985202,0.00142541212326156,9.45534323816628e-16,0.753028769802206
JAML,CIBERSORT,B cells naive,514,-0.204743477170648,2.8656063551678e-06,-0.198050478942961,6.06610858243494e-06,-0.197555392957531,6.405759290377e-06,6.57403810891435e-06,1.37645518379615e-05
JAML,CIBERSORT,B cells memory,514,0.406535618458917,7.07045335193964e-22,0.368485638508135,5.6371665965985e-18,0.177833956035958,5.02805259632774e-05,3.97474134379309e-21,2.8832720953094e-17
JAML,CIBERSORT,Plasma cells,514,-0.450328534244353,4.92171654383272e-27,-0.441304830174695,6.56450981994124e-26,-0.421920664007628,1.32716228739471e-23,3.3382077427735e-26,4.60253272768914e-25
JAML,CIBERSORT,T cells CD8,514,0.0981478346901746,0.0260730145501417,0.131390177862975,0.0028402612755853,-0.262964430267611,1.4114058550065e-09,0.035139440776001,0.00480304345790035
JAML,CIBERSORT,T cells CD4 memory resting,514,0.0575364071242985,0.192798888797621,0.0603930001892147,0.171588128623143,0.0319595970774066,0.469683070162898,0.224034462960365,0.210769669804805
JAML,CIBERSORT,T cells CD4 memory activated,514,0.111088381407232,0.0117281244434216,0.067389663313172,0.127048576494744,-0.190997702179485,1.3013664259871e-05,0.0167852056254474,0.160482412414414
JAML,CIBERSORT,T cells follicular helper,514,-0.136027947524781,0.00199593349054826,-0.0731114422832234,0.0977761193212731,-0.283169664799393,6.21096241710734e-11,0.00327753288974241,0.127640791749947
JAML,CIBERSORT,T cells regulatory (Tregs),514,-0.0211089230072589,0.633034284130745,-0.0387732929606731,0.380355703608039,-0.0199289497978113,0.652158716866117,0.663888055962328,0.439522146391511
JAML,CIBERSORT,T cells gamma delta,514,0.0849453957468355,0.0542748610183279,0.129097768643865,0.00336785310552228,0.0219839600307684,0.619007479143362,0.0698299242792508,0.00557437755396791
JAML,CIBERSORT,NK cells resting,514,-0.0192331788221058,0.663544315780509,-0.0786513562181576,0.0748195575279518,-0.191326773802308,1.25660354622664e-05,0.691238151998394,0.0999730276176486
JAML,CIBERSORT,NK cells activated,514,-0.121284246361246,0.0059019490781735,-0.0381403948553679,0.388186222090445,-0.0213947500091586,0.628437677030605,0.00887425596332593,0.446915502923316
JAML,CIBERSORT,Monocytes,514,0.282041134912578,7.44541393133469e-11,0.345650751379947,7.18422215923776e-16,0.420245554686797,2.06662847096914e-23,2.41975952768377e-10,3.2485178459162e-15
JAML,CIBERSORT,Macrophages M0,514,-0.112255098104285,0.0108697861815809,-0.206680178693581,2.29581902308594e-06,-0.0348820222286385,0.430027301415945,0.0157008022622836,5.56730286930378e-06
JAML,CIBERSORT,Macrophages M1,514,0.0781991044112504,0.0765119633432545,0.0688470996747626,0.119014910440001,-0.346434533986122,6.12228070685792e-16,0.09606331011306,0.153124338380537
JAML,CIBERSORT,Macrophages M2,514,0.248216695627708,1.17540985192372e-08,0.230743237589065,1.22231490650255e-07,0.30523719830953,1.51790135224394e-12,3.30385471892074e-08,3.34528290200697e-07
JAML,CIBERSORT,Dendritic cells resting,514,0.356835323381297,7.02170344209925e-17,0.41080287763383,2.39603318775107e-22,0.445954182183176,1.74468721803893e-26,3.19820653129192e-16,1.51022697894613e-21
JAML,CIBERSORT,Dendritic cells activated,514,-0.109941003654773,0.0126301559336902,-0.0820126461860672,0.0631747942697026,0.0996245760376462,0.0238978066673735,0.0179526590036963,0.0853111862969634
JAML,CIBERSORT,Mast cells resting,514,0.228416312699491,1.64703311857808e-07,0.262138252894472,1.59497408838177e-09,0.359139917039462,4.29843819678452e-17,4.19489251425602e-07,5.13022593376404e-09
JAML,CIBERSORT,Mast cells activated,514,-0.121959975184175,0.00562918144489261,-0.117224144754995,0.00780565897606566,-0.083053367754702,0.059887946992853,0.00848456333722944,0.0122073463685839
JAML,CIBERSORT,Eosinophils,514,-0.0487752060548605,0.269690664202404,-0.00852818825802954,0.847052808694225,0.00123489108416933,0.977718965637833,0.305421006283667,0.863661687296072
JAML,CIBERSORT,Neutrophils,514,0.0102244427873381,0.81712382153277,-0.0156797100094996,0.72285934793513,0.0259254745380154,0.557580723418811,0.840008673206669,0.753028769802206
CD3D,MCPcounter,T cells,514,0.896843037402867,1.68203927472289e-183,0.89606656841696,1.03373821728243e-182,0.602893221219141,3.47720208447613e-52,1.31199063428386e-181,1.61263161896059e-180
CD3D,MCPcounter,CD8 T cells,514,0.744020676628859,1.02919439862048e-91,0.737886826154707,1.8073669497594e-89,0.308450560906685,8.60662709387659e-13,2.37858261014511e-90,5.12634989386303e-88
CD3D,MCPcounter,Cytotoxic lymphocytes,514,0.756380932494011,1.94178118537279e-96,0.742136636314438,5.11349889927974e-91,0.192689011642999,1.08641220412672e-05,5.04863108196924e-95,1.59541165657528e-89
CD3D,MCPcounter,B lineage,514,0.624307401550756,6.89607998443313e-57,0.598463079035494,2.95220460596028e-51,0.0817840879976316,0.0639161955932067,8.60630782057255e-56,4.00472972634612e-50
CD3D,MCPcounter,NK cells,514,0.591416133737625,8.28467383150955e-50,0.566205299553246,6.58228770755999e-45,-0.0940803720574745,0.0329667212717888,9.39933903793084e-49,7.46790459912261e-44
CD3D,MCPcounter,Monocytic lineage,514,0.607363190173017,3.88238588623782e-53,0.581267152508757,8.75589432710503e-48,-0.0734250624614914,0.096341749202141,4.65886306348539e-52,1.13826626252365e-46
CD3D,MCPcounter,Myeloid dendritic cells,514,0.447369258220317,1.16090172580063e-26,0.422364445960574,1.17974292970079e-23,0.0587837621001036,0.183312025721901,7.70641145637868e-26,7.66832904305512e-23
CD3D,MCPcounter,Neutrophils,514,0.0119483734687645,0.786976778393218,-0.0127814957790619,0.772517968414632,-0.485577167228035,9.14731731858477e-32,0.810352326266284,0.797772166834803
CD3D,MCPcounter,Endothelial cells,514,0.100658544835353,0.022469843598904,-0.0302022170375924,0.494467570528575,-0.308350741869969,8.76058079196539e-13,0.0304147123768244,0.551963799659805
CD3D,MCPcounter,Fibroblasts,514,0.255868012942687,3.97934079989983e-09,0.129955387199622,0.00316085689172736,0.037043021135596,0.401993427827006,1.16577871321009e-08,0.00530208252805879
CD3D,EPIC,Bcells,514,0.535853824624756,1.53167476891542e-39,0.519033147354631,8.55715808874326e-37,0.111398104844223,0.0114946096993046,1.42651500866153e-38,8.47566134504095e-36
CD3D,EPIC,CAFs,514,0.115043522859664,0.00903994953478109,-0.125840342532812,0.004271018792135,0.0145042670721905,0.742872992510429,0.013272772964008,0.00692237850984998
CD3D,EPIC,CD4_Tcells,514,0.230800703265505,1.21329690329039e-07,0.238313879179796,4.5313691272545e-08,-0.137167329589443,0.00182718754033816,3.14120805917763e-07,1.29344279064295e-07
CD3D,EPIC,CD8_Tcells,514,0.128260723950616,0.00358167578696788,0.297173845232843,6.11447641617226e-12,-0.0278114270282634,0.529273604237064,0.00557348052635401,2.28469058903682e-11
CD3D,EPIC,Endothelial,514,0.0864025792057371,0.0502563871327892,-0.0252170604218304,0.568400251860702,-0.320682685870853,9.31008121402948e-14,0.0653333032726259,0.617912468921739
CD3D,EPIC,Macrophages,514,0.51063041340531,1.77089928340325e-35,0.478923220219443,7.88777019399688e-31,-0.0427060804854419,0.33389535720558,1.57863021834804e-34,6.65130892034332e-30
CD3D,EPIC,NKcells,514,0.126155540230633,0.00417492042572434,0.0215097227216391,0.62659274140056,0.0717769506259853,0.104070716838626,0.00640086080012773,0.667225035211518
CD3D,EPIC,otherCells,514,-0.224114096132747,2.83502378414016e-07,-0.0106165820861469,0.810240851605709,0.1535002430622,0.000478813866117102,7.07621936521385e-07,0.828836543281905
CD3D,CIBERSORT,B cells naive,514,-0.0607993632919354,0.168718104324173,-0.0496261853709114,0.261413587762336,0.0325828105671128,0.461061135727759,0.199394123292204,0.3132225484563
CD3D,CIBERSORT,B cells memory,514,0.322970356576615,6.07226596401215e-14,0.292390522053017,1.369284629605e-11,-0.0365018290306755,0.408909531470901,2.31042314728267e-13,5.02608005219716e-11
CD3D,CIBERSORT,Plasma cells,514,-0.174950698324498,6.67607342108509e-05,-0.1544391006648,0.000441485371490663,0.0295136800997438,0.504364828063036,0.000131831323251807,0.000839898999421262
CD3D,CIBERSORT,T cells CD8,514,0.412156925213985,1.69415322364887e-22,0.440047013266913,9.36207767772736e-26,0.195887529697209,7.68853224784055e-06,9.87992160333547e-22,6.49104052322431e-25
CD3D,CIBERSORT,T cells CD4 memory resting,514,0.0225056226617736,0.610710171526115,0.0224391762463292,0.611764299030259,-0.0336519112649532,0.446478046641288,0.642635998368121,0.6536659633474
CD3D,CIBERSORT,T cells CD4 memory activated,514,0.400275316860814,3.36313375771063e-21,0.382605600592484,2.30336082309556e-19,0.239781540857667,3.72374648851494e-08,1.80913402138917e-20,1.27194438372711e-18
CD3D,CIBERSORT,T cells follicular helper,514,0.147324786938829,0.00080738527547461,0.200122439286627,4.82221826260099e-06,0.139658660060761,0.00150280590856637,0.00141122804452705,1.12699033552922e-05
CD3D,CIBERSORT,T cells regulatory (Tregs),514,0.139150673844121,0.00156430475690488,0.132994426267087,0.00251706132982569,0.26748128825247,7.1793106031896e-10,0.0026169602367524,0.00427969010847747
CD3D,CIBERSORT,T cells gamma delta,514,0.164342424789358,0.000182340853952746,0.192691937910428,1.08607142498322e-05,0.151664278229163,0.000560434319210465,0.000335636262143108,2.42038774710547e-05
CD3D,CIBERSORT,NK cells resting,514,0.0653606174994035,0.138925921522863,0.0324292925903174,0.463176777750084,-0.120209029896383,0.00636052097187549,0.166711105827436,0.524160822787225
CD3D,CIBERSORT,NK cells activated,514,-0.123135483519043,0.00518157422010485,-0.0718752656545783,0.103596287654522,0.00146118955417635,0.973637248713142,0.00786691560424678,0.134956332977916
CD3D,CIBERSORT,Monocytes,514,-0.110891341250396,0.0118788566659823,-0.088517003634738,0.0448698850844768,-0.178123333991966,4.88579585705735e-05,0.0169620287404415,0.0623581476452417
CD3D,CIBERSORT,Macrophages M0,514,-0.111453338470405,0.0114534015764119,-0.168495537631929,0.000123922486808739,-0.0163285441671198,0.711891427172121,0.0164675635568688,0.000251881536705712
CD3D,CIBERSORT,Macrophages M1,514,0.460325606233582,2.54570081691391e-28,0.463673535161172,9.23530026460407e-29,0.226832497253778,2.0140660305958e-07,1.76501923306031e-27,7.11460168532462e-28
CD3D,CIBERSORT,Macrophages M2,514,-0.0730636957917181,0.0979959769096786,-0.0970983693950249,0.0277207173023346,-0.208005089968268,1.97035095117906e-06,0.119900959983607,0.03985651519967
CD3D,CIBERSORT,Dendritic cells resting,514,0.0801378080533381,0.0694706104220701,0.0999348365415961,0.0234613000580501,0.0470374673207173,0.287144793595851,0.0882885150781502,0.0342052598977179
CD3D,CIBERSORT,Dendritic cells activated,514,-0.250640552259487,8.37237414780403e-09,-0.236338859820835,5.88942293920584e-08,-0.0831921533601004,0.0594605113371647,2.37470975828623e-08,1.67045450639293e-07
CD3D,CIBERSORT,Mast cells resting,514,-0.128968688654859,0.00340005209176352,-0.121545492951736,0.00579511533962783,-0.187874154032217,1.80885303856398e-05,0.00532779083403839,0.00927218454340453
CD3D,CIBERSORT,Mast cells activated,514,-0.0822582606946688,0.0623859800722108,-0.076415231677971,0.0834934045190147,-0.013577630938688,0.75877418628315,0.0796091034050297,0.110381111059036
CD3D,CIBERSORT,Eosinophils,514,-0.0706288728816231,0.109739163806149,-0.0460698030732455,0.297186714971018,-0.0234228596300145,0.596241744669157,0.13322419886194,0.351887116018815
CD3D,CIBERSORT,Neutrophils,514,-0.182747573033632,3.06961739032559e-05,-0.204292373978702,3.01655005699247e-06,-0.314750628466222,2.77277847235571e-13,6.25961193321297e-05,7.15713777780724e-06
CD3E,MCPcounter,T cells,514,0.950587672859665,2.97311221487665e-262,0.944857568359909,2.22482681298289e-250,0.747086681650156,7.35039681718133e-93,3.09203670347172e-260,4.62763977100442e-248
CD3E,MCPcounter,CD8 T cells,514,0.74029805942521,2.41153208412547e-90,0.740191068618424,2.63823675180206e-90,0.220000126844845,4.71771514648755e-07,5.37427150176532e-89,7.83933206249755e-89
CD3E,MCPcounter,Cytotoxic lymphocytes,514,0.785156778566626,1.2702974629461e-108,0.768469066920106,2.43077149671793e-101,0.164822478139208,0.000174461162179055,3.96332808439182e-107,1.01120094263466e-99
CD3E,MCPcounter,B lineage,514,0.705696224553663,1.19177202336069e-78,0.672069176836262,8.165790533912e-69,0.230639743983104,1.23871935138905e-07,2.25353255326385e-77,1.69848443105369e-67
CD3E,MCPcounter,NK cells,514,0.634238899093889,3.39575819407166e-59,0.601575740676823,6.59172202883963e-52,-0.106480476893393,0.0157321229778452,4.70878469577937e-58,9.14052121332429e-51
CD3E,MCPcounter,Monocytic lineage,514,0.631227725262324,1.7357685189997e-58,0.576589830988596,7.10275810673984e-47,-0.146817808673008,0.00084203329229836,2.30450969331023e-57,8.52330972808781e-46
CD3E,MCPcounter,Myeloid dendritic cells,514,0.450186892175164,5.12905927225098e-27,0.41743125853303,4.32497033162257e-23,0.00881255543786556,0.842018774936594,3.4414333181555e-26,2.7822489556005e-22
CD3E,MCPcounter,Neutrophils,514,0.0592081745430095,0.180164066824835,0.0260063634565626,0.556351702589866,-0.514924909345484,3.80415792660302e-36,0.211320258832137,0.606929130098035
CD3E,MCPcounter,Endothelial cells,514,0.19918293449894,5.35262386965626e-06,0.0263693615281795,0.550852610267258,-0.183761058911237,2.76803561307354e-05,1.2101584400962e-05,0.603038647029419
CD3E,MCPcounter,Fibroblasts,514,0.262544872844948,1.50190156624622e-09,0.00565860918584067,0.898166201120461,0.0246817466826122,0.576641866423859,4.56907649726625e-09,0.906886261325514
CD3E,EPIC,Bcells,514,0.591883006459352,6.65940370175789e-50,0.576941443608539,6.07565061831238e-47,0.199150636791167,5.37181321881072e-06,7.69531094425356e-49,7.43373722711162e-46
CD3E,EPIC,CAFs,514,0.137675295294498,0.00175625583980994,-0.233893952836493,8.12107425404523e-08,0.051812550034793,0.240956417785254,0.00289921598952752,2.28268033086677e-07
CD3E,EPIC,CD4_Tcells,514,0.339722487846957,2.37412470152139e-15,0.360729212531919,3.05715075756383e-17,0.0437210933688482,0.32252343758499,9.94264304529761e-15,1.47880780830994e-16
CD3E,EPIC,CD8_Tcells,514,0.135668950714128,0.00205198550486195,0.377341671732577,7.72735298674033e-19,-0.0377321698398659,0.393288537629671,0.00335076794123266,4.15678298597066e-18
CD3E,EPIC,Endothelial,514,0.209988268082436,1.56443348486703e-06,0.067431067340749,0.126814684378984,-0.14070184813094,0.00138341896747282,3.65620409946452e-06,0.160482412414414
CD3E,EPIC,Macrophages,514,0.52088507768792,4.33861697427048e-37,0.474678097149008,3.04268334917951e-30,-0.119649432162464,0.00661161869401377,3.92361882890548e-36,2.49820317090528e-29
CD3E,EPIC,NKcells,514,0.112677440972858,0.010573080603646,-0.0494542089945548,0.263072042876281,0.0443503205031574,0.315601761557392,0.0153076619412415,0.314476924817623
CD3E,EPIC,otherCells,514,-0.319738352059373,1.10945410782175e-13,-0.0196493531317184,0.656724517643626,0.0070938034284941,0.872535970975224,4.14550516934594e-13,0.69339441456789
CD3E,CIBERSORT,B cells naive,514,-0.0449693259025918,0.308888155686145,-0.0286674899595233,0.516669445620511,0.0850533007786215,0.0539683969543062,0.345423313885582,0.570837905050357
CD3E,CIBERSORT,B cells memory,514,0.408589927614067,4.20775181321574e-22,0.372919877805734,2.10020280457834e-18,0.107427243075302,0.014823219437058,2.38694284676965e-21,1.09210545838074e-17
CD3E,CIBERSORT,Plasma cells,514,-0.197487413593589,6.45378902943596e-06,-0.171271867943847,9.52356972075613e-05,0.0128900375577227,0.770639896160925,1.44342808400288e-05,0.000196128960585869
CD3E,CIBERSORT,T cells CD8,514,0.439265950624685,1.16622721482512e-25,0.48835852536719,3.66489941130988e-32,0.251361712967751,7.56332454383324e-09,7.42577328623342e-25,3.22098201782727e-31
CD3E,CIBERSORT,T cells CD4 memory resting,514,0.0873748021154866,0.047716023596525,0.0912563196515635,0.0386208576626065,0.0952342560494265,0.0308686476665286,0.062160331365828,0.0544004857369445
CD3E,CIBERSORT,T cells CD4 memory activated,514,0.383387067977657,1.92090523025966e-19,0.361447531598698,2.6191181282884e-17,0.20777592641025,2.02329048107788e-06,9.66649083614539e-19,1.28687378901729e-16
CD3E,CIBERSORT,T cells follicular helper,514,0.128039824500837,0.00364012129439791,0.20525232957547,2.70401353849708e-06,0.11564190901657,0.00868503045412893,0.00565033753160272,6.46476800008498e-06
CD3E,CIBERSORT,T cells regulatory (Tregs),514,0.126345560928433,0.0041179356499003,0.11891115133751,0.00695647855604647,0.294825702583709,9.10032907302299e-12,0.00632904395452657,0.011017367053231
CD3E,CIBERSORT,T cells gamma delta,514,0.118955080713365,0.00693551646854559,0.160232533283961,0.000264833394401008,0.0713610711480896,0.106096650876346,0.0103783268018524,0.000521312423048041
CD3E,CIBERSORT,NK cells resting,514,0.128942127210144,0.00340671240830339,0.0857029074000165,0.0521537174396821,-0.0230469935314131,0.60215180620753,0.00532779083403839,0.0712120780795659
CD3E,CIBERSORT,NK cells activated,514,-0.173235568688493,7.88569831137473e-05,-0.102814927931806,0.0197279500048207,-0.0908287821119147,0.0395446606768511,0.000153771117071807,0.0291022241205866
CD3E,CIBERSORT,Monocytes,514,-0.0793099181261695,0.0724097442557359,-0.0460939062810979,0.296933775596631,-0.143496307476767,0.00110526175024306,0.0916504673744,0.351887116018815
CD3E,CIBERSORT,Macrophages M0,514,-0.120452859724877,0.00625381387855676,-0.205561192067326,2.61022227734844e-06,-0.0247062677872899,0.576263118099004,0.00938072081783514,6.28872085353447e-06
CD3E,CIBERSORT,Macrophages M1,514,0.471984832080976,7.09572860561433e-30,0.485265470951334,1.01293927194807e-31,0.246458335442002,1.50007138142516e-08,5.20909958812158e-29,8.77880702354994e-31
CD3E,CIBERSORT,Macrophages M2,514,-0.0792450216672097,0.0726443636422541,-0.115987687088596,0.00848564955278233,-0.269439698981161,5.33434289969398e-10,0.0917613014428473,0.0131390702752759
CD3E,CIBERSORT,Dendritic cells resting,514,0.0226573841048319,0.608305596912266,0.0496150503616075,0.26152074959252,-0.0767053635858112,0.0823241203127152,0.641186980529146,0.3132225484563
CD3E,CIBERSORT,Dendritic cells activated,514,-0.281609678843003,7.97801515954788e-11,-0.266258435302501,8.63187651347731e-10,-0.139406716390658,0.00153302412052603,2.55296485105532e-10,2.84988938857664e-09
CD3E,CIBERSORT,Mast cells resting,514,-0.113783079229142,0.00983008492255694,-0.104170582370294,0.0181574859262402,-0.189126906337489,1.58609297045803e-05,0.0143317125973727,0.0269768362332711
CD3E,CIBERSORT,Mast cells activated,514,-0.0944761185449102,0.0322338305601546,-0.0879708249279873,0.0462125267283443,-0.0323782946858875,0.463880775413319,0.0428868022804616,0.0640813703966374
CD3E,CIBERSORT,Eosinophils,514,-0.0765711114538171,0.0828635246388937,-0.0418957258617676,0.343157180726164,-0.0329095122821378,0.456576811109583,0.103413678749339,0.400992660623832
CD3E,CIBERSORT,Neutrophils,514,-0.222481396432976,3.4740995568387e-07,-0.259321873458948,2.41211288576121e-09,-0.463651531861839,9.29739003935535e-29,8.56853013228201e-07,7.71876123443586e-09
CD8A,MCPcounter,T cells,514,0.819847943040656,4.42156849682471e-126,0.810887978245676,3.14802632447867e-121,0.292570133201818,1.32881408296817e-11,1.72441171376164e-124,1.78578947861335e-119
CD8A,MCPcounter,CD8 T cells,514,0.863821827371739,1.46361614335754e-154,0.862417231725588,1.6718116055054e-153,0.645137028621748,7.93470827732436e-62,8.30269521322821e-153,1.49030063119339e-151
CD8A,MCPcounter,Cytotoxic lymphocytes,514,0.882865510269168,3.45149160333734e-170,0.875938939630166,3.30396310066485e-164,0.620622639765842,4.7181834245179e-56,2.39303417831389e-168,3.43612162469144e-162
CD8A,MCPcounter,B lineage,514,0.536946494501629,1.00304749886554e-39,0.502642886493951,2.92107055999851e-34,-0.125952230189814,0.0042366795450012,9.48335817109238e-39,2.72051944692398e-33
CD8A,MCPcounter,NK cells,514,0.691746025469121,2.09245388283583e-74,0.672324467776438,6.95380424991083e-69,0.193217771460666,1.02646000726095e-05,3.73054635111302e-73,1.49626684549805e-67
CD8A,MCPcounter,Monocytic lineage,514,0.590215043917094,1.45062295752387e-49,0.559776054907343,1.0037821841887e-43,-0.102160530123668,0.0205274767829283,1.56067021637051e-48,1.07993117747198e-42
CD8A,MCPcounter,Myeloid dendritic cells,514,0.246920794215345,1.40712305419424e-08,0.211879989570534,1.25281979519457e-06,-0.345735403914606,7.06132861560429e-16,3.90402402771865e-08,3.12703820880566e-06
CD8A,MCPcounter,Neutrophils,514,0.00492632276401102,0.911286298303166,-0.0206367112706542,0.640659266301381,-0.483748443337054,1.66147115806013e-31,0.920133738092518,0.67988330301371
CD8A,MCPcounter,Endothelial cells,514,0.0779741173198386,0.0773654252682872,-0.0619121436867844,0.161042841702952,-0.339583746811689,2.44073267530395e-15,0.0967455418184594,0.19938637544175
CD8A,MCPcounter,Fibroblasts,514,0.224781547303476,2.60778755306716e-07,0.0680872146823347,0.123152545574448,-0.0170827999723023,0.699215896737223,6.5615299722335e-07,0.157473746800114
CD8A,EPIC,Bcells,514,0.478064816208654,1.03794159186146e-30,0.458591892524793,4.28487866657374e-28,-0.0069872322470264,0.87443491872443,7.80331991953675e-30,3.26068815602685e-27
CD8A,EPIC,CAFs,514,0.118790627880373,0.00701428126143363,-0.126950581646915,0.00394115434042776,0.0227349388788209,0.607078411339839,0.0104710801606091,0.00643790656656263
CD8A,EPIC,CD4_Tcells,514,0.26267140959699,1.47403066351851e-09,0.271387821148127,3.96023871631664e-10,-0.0681460570432108,0.122828195632626,4.50879967664484e-09,1.32859621450623e-09
CD8A,EPIC,CD8_Tcells,514,0.167498906339204,0.000136070540814542,0.348256749857129,4.21360868383359e-16,0.0459255776896162,0.298703218369463,0.000257297022631133,1.94762356941641e-15
CD8A,EPIC,Endothelial,514,0.103900890671344,0.0184609152147349,-0.00766474227475619,0.86237537900208,-0.276783207686073,1.71409322610799e-10,0.0254296050640057,0.876420580614492
CD8A,EPIC,Macrophages,514,0.506391481388681,7.91110900790108e-35,0.473442328491359,4.49153644010357e-30,-0.0399417787457198,0.366155163493608,6.76237263141134e-34,3.63989446574627e-29
CD8A,EPIC,NKcells,514,0.13926847358886,0.00154984112614051,0.0339777905331568,0.442085503601885,0.0951423275981602,0.0310315019665014,0.00259973350191311,0.504316918185697
CD8A,EPIC,otherCells,514,-0.229302880879938,1.47067644229289e-07,-0.0377025790178068,0.393659954680666,0.134872675435201,0.00218148624744309,3.76107418029002e-07,0.451551124486646
CD8A,CIBERSORT,B cells naive,514,-0.0784958891272387,0.0753978706001437,-0.0675990621488602,0.125869105912605,-0.000988077830664386,0.982171364725204,0.0948553855937292,0.159638866035499
CD8A,CIBERSORT,B cells memory,514,0.245500176569864,1.71194822715931e-08,0.210573037700662,1.46093509590722e-06,-0.180066120422167,4.02479816276189e-05,4.7059722191516e-08,3.60325494010318e-06
CD8A,CIBERSORT,Plasma cells,514,-0.14983002641411,0.000654727472124106,-0.1280465512117,0.00363832885369951,0.0713634769144707,0.106084842290393,0.00116065324603819,0.00595883780763384
CD8A,CIBERSORT,T cells CD8,514,0.590949818212359,1.03002580148273e-49,0.62510290928665,4.5375983401825e-57,0.539579021923014,3.59433885191799e-40,1.1477430359379e-48,7.0786534106847e-56
CD8A,CIBERSORT,T cells CD4 memory resting,514,0.0313560296717473,0.478117210556861,0.0315445776576681,0.475473644633615,-0.0165218509617903,0.708635098928541,0.511741233940791,0.534586584236713
CD8A,CIBERSORT,T cells CD4 memory activated,514,0.480986827096085,4.06413280710098e-31,0.466061094316693,4.45069048975947e-29,0.391423182332919,2.88538140455961e-20,3.17002358953876e-30,3.47153858201238e-28
CD8A,CIBERSORT,T cells follicular helper,514,0.161070965414159,0.000245595194200176,0.215838011024136,7.81965188630181e-07,0.162401082647657,0.000217735839587521,0.000446797087990991,1.99161746002136e-06
CD8A,CIBERSORT,T cells regulatory (Tregs),514,0.0515979631191165,0.24291300972564,0.0428964019669839,0.331743637710643,0.106329144409161,0.0158818464680614,0.277107345646799,0.389112838216995
CD8A,CIBERSORT,T cells gamma delta,514,0.101245460568456,0.0216926582954185,0.128315575924193,0.00356729560036162,0.0373477049331927,0.39813073013349,0.0294265625572633,0.0058733310148434
CD8A,CIBERSORT,NK cells resting,514,0.13422458229038,0.00229235489956408,0.10323201181342,0.019232635523282,0.00830589870934057,0.850992256902087,0.0037057757961865,0.0285063291366461
CD8A,CIBERSORT,NK cells activated,514,-0.106306653080076,0.0159042049746444,-0.0527682670763988,0.232376718888133,0.029505744041261,0.504479507735128,0.0222018431860808,0.281013706562393
CD8A,CIBERSORT,Monocytes,514,-0.126587538333,0.00404638872106706,-0.10425284229084,0.0180658063712207,-0.202445967012126,3.71744706086063e-06,0.00623443595542184,0.0269046853833931
CD8A,CIBERSORT,Macrophages M0,514,-0.117071626553707,0.00788681793410687,-0.175808343760034,6.139045641095e-05,-0.0277823146683956,0.529704962721132,0.0116897253940206,0.000131190564385044
CD8A,CIBERSORT,Macrophages M1,514,0.56001365093383,9.08594781753409e-44,0.566535414625034,5.71371981655617e-45,0.422998737301004,9.96704751483521e-24,9.29447776744471e-43,6.60252067690935e-44
CD8A,CIBERSORT,Macrophages M2,514,-0.056257929068393,0.202890739195142,-0.0803808522969083,0.0686265551510703,-0.173060948553544,8.01982052552138e-05,0.234886495840016,0.0922908845135084
CD8A,CIBERSORT,Dendritic cells resting,514,-0.101939475485891,0.0208038495341443,-0.0871366491744745,0.0483281339711964,-0.276832007695608,1.70101622768893e-10,0.0283441094089652,0.0667184858363419
CD8A,CIBERSORT,Dendritic cells activated,514,-0.309392758197478,7.27794910655815e-13,-0.296758265277448,6.56203750447197e-12,-0.192648919843092,1.09109136696574e-05,2.61002312786913e-12,2.43732821594673e-11
CD8A,CIBERSORT,Mast cells resting,514,-0.129654849444059,0.0032320412327841,-0.122148474738165,0.00555514119580722,-0.185568062418026,2.29874935588126e-05,0.0051058069095121,0.00893404151078275
CD8A,CIBERSORT,Mast cells activated,514,-0.103103459691365,0.0193841313552144,-0.0977525484724752,0.0266834440486188,-0.0517065714731923,0.241921337163262,0.0265839515728654,0.0384537392294183
CD8A,CIBERSORT,Eosinophils,514,-0.0194676245951302,0.659699017455832,0.00741656647874062,0.866789299922834,0.0670984115033629,0.12870333362807,0.688381583432172,0.879474021385119
CD8A,CIBERSORT,Neutrophils,514,-0.153835896440691,0.000465143701291482,-0.175146148811759,6.5499250734911e-05,-0.256970054158251,3.39457175664159e-09,0.000831660944429469,0.000139493284841585
CD4,MCPcounter,T cells,514,0.707753967958537,2.68471405370414e-79,0.660933047965852,7.74596798902938e-66,0.127438301788279,0.0038036813876148,5.23519240472308e-78,1.4216129485748e-64
CD4,MCPcounter,CD8 T cells,514,0.401135719480948,2.7196133922825e-21,0.390044093422142,4.0096619808515e-20,-0.364804483610238,1.26481158818766e-17,1.50180420954361e-20,2.3383449308891e-19
CD4,MCPcounter,Cytotoxic lymphocytes,514,0.501903628252245,3.77218009675873e-34,0.450124151306273,5.22364024070077e-27,-0.316737104957052,1.92916726703573e-13,3.18086537888845e-33,3.83476648258504e-26
CD4,MCPcounter,B lineage,514,0.490532515528472,1.78249085734312e-32,0.39635896275068,8.77397809507579e-21,-0.0726875248896384,0.0997419277149039,1.44451207140533e-31,5.31549740905563e-20
CD4,MCPcounter,NK cells,514,0.397675319544261,6.36557383362769e-21,0.31256043697093,4.12342332399553e-13,-0.351796740661901,2.02487603324739e-16,3.3949727112681e-20,1.68170990468837e-12
CD4,MCPcounter,Monocytic lineage,514,0.840180681917699,3.59536166903041e-138,0.79834163299819,7.47251220826315e-115,0.636288592910069,1.10691109704456e-59,1.49567045431665e-136,3.88570634829684e-113
CD4,MCPcounter,Myeloid dendritic cells,514,0.65162571725582,1.91044557911116e-63,0.667275789163443,1.61902730390062e-67,0.480949048596981,4.11393749014322e-31,2.70935918492128e-62,3.15710324260621e-66
CD4,MCPcounter,Neutrophils,514,0.181118140884856,3.62063090870476e-05,0.146111928443002,0.000892568086216727,-0.0852130045084061,0.0535174620644699,7.33530417867458e-05,0.00164904976170959
CD4,MCPcounter,Endothelial cells,514,0.419957060363364,2.22986687838123e-23,0.157269626612256,0.000344693512332366,0.293479841270475,1.14111780880663e-11,1.33792012702874e-22,0.000670058416496562
CD4,MCPcounter,Fibroblasts,514,0.422906058169592,1.02158580350014e-23,-0.0623179288637409,0.1583104126526,0.330543861075925,1.43736601246072e-14,6.18902467363193e-23,0.196393036769826
CD4,EPIC,Bcells,514,0.339310119947012,2.57751975439516e-15,0.302200015937636,2.57856112240227e-12,-0.166540970765633,0.000148793920876023,1.07224821782838e-14,9.93223543443838e-12
CD4,EPIC,CAFs,514,0.318065993223745,1.51119392253811e-13,-0.301751267253279,2.78710376249051e-12,0.334012834184412,7.32934442753005e-15,5.54697063331635e-13,1.06696487594729e-11
CD4,EPIC,CD4_Tcells,514,0.283169055926929,6.21157129093406e-11,0.345724662249783,7.07680757736971e-16,0.0257415359014569,0.560380369389335,2.02933009714285e-10,3.22330505713774e-15
CD4,EPIC,CD8_Tcells,514,-0.0394132781977762,0.372536679120227,0.360988066105321,2.89157200517868e-17,-0.250779079989236,8.21071907390537e-09,0.406403649949338,1.40964135252461e-16
CD4,EPIC,Endothelial,514,0.360774945015959,3.02723404905842e-17,0.126256840513793,0.0041444536032761,0.210419490559294,1.4874572491124e-06,1.38896621074445e-16,0.00675232127531145
CD4,EPIC,Macrophages,514,0.752481459074545,6.43889556890002e-95,0.749599809769922,8.21092028369815e-94,0.544985196630238,4.24514112989029e-41,1.60714833399745e-93,2.69663908264613e-92
CD4,EPIC,NKcells,514,0.156415832355859,0.000371574171603362,-0.154227012845121,0.000449672994204699,0.118695879805113,0.00706002370378212,0.000668191017523048,0.000852875223050857
CD4,EPIC,otherCells,514,-0.558503519409583,1.70919377204606e-43,-0.0221816892318942,0.615856718723662,-0.462078420699368,1.49921880869058e-28,1.7202208286399e-42,0.656913833305239
CD4,CIBERSORT,B cells naive,514,-0.211708661129818,1.27838558423499e-06,-0.21797740519504,6.03841668227319e-07,-0.211694559036054,1.28051205478748e-06,3.02163865364634e-06,1.55701322716466e-06
CD4,CIBERSORT,B cells memory,514,0.335696054458773,5.2698227114778e-15,0.279560258780886,1.10590250539616e-10,0.0541234832631872,0.22058471721008,2.14926102742624e-14,3.73017926144435e-10
CD4,CIBERSORT,Plasma cells,514,-0.411566170658005,1.97113307788463e-22,-0.422544750339457,1.12457738299734e-23,-0.369774316668666,4.23765595019028e-18,1.13887688944445e-21,7.38669775779305e-23
CD4,CIBERSORT,T cells CD8,514,0.0613474151346794,0.164904459901729,0.121268957161909,0.00590825589302904,-0.344132996107507,9.78010426702598e-16,0.195628104522203,0.00942903242263458
CD4,CIBERSORT,T cells CD4 memory resting,514,0.0595886348602851,0.177376309595487,0.0699222187330341,0.113347362253223,0.0345092831602013,0.434974660670176,0.20844221692577,0.146133789351263
CD4,CIBERSORT,T cells CD4 memory activated,514,0.16620643712601,0.000153494421111172,0.108329759629182,0.0140000830842825,-0.122359756493638,0.00547319477904429,0.00028506106777789,0.0212040093315346
CD4,CIBERSORT,T cells follicular helper,514,-0.262887762774928,1.42753696879662e-09,-0.188619159944378,1.67303993495229e-05,-0.484727926959157,1.20741747448619e-31,4.38809393364084e-09,3.63755024184749e-05
CD4,CIBERSORT,T cells regulatory (Tregs),514,0.00675688811639557,0.878541775647745,-0.0208940282345178,0.6364995158423,0.021071813736297,0.633632109881466,0.889951409097716,0.676619587539344
CD4,CIBERSORT,T cells gamma delta,514,0.0507372143009273,0.250873087446241,0.12941357813972,0.00329023846754025,-0.0314572891616403,0.476696491483367,0.285145367152011,0.00547495680998698
CD4,CIBERSORT,NK cells resting,514,0.0345607481340653,0.434289623949566,-0.0615735399865264,0.163349954662457,-0.122294340772183,0.00549844947262673,0.469665035259149,0.20184232021658
CD4,CIBERSORT,NK cells activated,514,-0.21848790691441,5.67500308945665e-07,-0.10051120973342,0.0226686911871007,-0.163131135030458,0.000203731297670926,1.37789958280971e-06,0.0331270803296273
CD4,CIBERSORT,Monocytes,514,0.139650036929901,0.00150383106123281,0.245530583844041,1.70479981382091e-08,0.223931477170828,2.90044631916172e-07,0.0025293546690277,5.06569087535355e-08
CD4,CIBERSORT,Macrophages M0,514,-0.0091999979782638,0.835170428430286,-0.161621078215216,0.000233691410022308,0.122082165521317,0.0055810861225935,0.855741128637928,0.00046293155509181
CD4,CIBERSORT,Macrophages M1,514,0.232546224597538,9.6800927241884e-08,0.254118584918798,5.11356760357646e-09,-0.121486489254627,0.00581909106559427,2.52735475309354e-07,1.57185526336538e-08
CD4,CIBERSORT,Macrophages M2,514,0.333050593494084,8.84245838314929e-15,0.339502204206916,2.48073285002629e-15,0.440263410742716,8.80834553182303e-26,3.56456770119348e-14,1.09785624001164e-14
CD4,CIBERSORT,Dendritic cells resting,514,0.226738740428355,2.03810196164709e-07,0.325275686309142,3.93291736654097e-14,0.265773058167876,9.28443926634454e-10,5.14888916626633e-07,1.63609362448104e-13
CD4,CIBERSORT,Dendritic cells activated,514,-0.194797581464838,8.65537960091068e-06,-0.171439536546946,9.37209546255676e-05,-0.0185838044958732,0.674241094772806,1.91523293296747e-05,0.000193648594987928
CD4,CIBERSORT,Mast cells resting,514,0.137770619767911,0.00174322953789507,0.198304035114828,5.89888128640387e-06,0.237973676046572,4.74144676699579e-08,0.00288534544203321,1.34339486230512e-05
CD4,CIBERSORT,Mast cells activated,514,-0.106041845441092,0.0161695312836694,-0.104371332316323,0.0179344585468536,-0.0592711179332047,0.179700632816446,0.022521847145111,0.026772971610614
CD4,CIBERSORT,Eosinophils,514,-0.0419661777930247,0.342345524800279,0.0278123030203998,0.529260627403516,0.0136728027411584,0.757136201541675,0.376761212478614,0.583495815370661
CD4,CIBERSORT,Neutrophils,514,0.0447261434156611,0.311514352344685,0.00631832785853479,0.886369889611318,0.0783946239964946,0.0757765138303086,0.347736951454532,0.896425949947265
LYZ,MCPcounter,T cells,514,0.577634660393091,4.46287141818076e-47,0.538338801545373,5.83559680652342e-40,0.0459987648102387,0.297933026673155,4.72005383888948e-46,6.17188543605189e-39
LYZ,MCPcounter,CD8 T cells,514,0.441988268966112,5.40957749105814e-26,0.423158336368606,9.55252912776627e-24,-0.0542199739965411,0.219761753028839,3.51622536918779e-25,6.34125337843208e-23
LYZ,MCPcounter,Cytotoxic lymphocytes,514,0.475783393520946,2.1448219472298e-30,0.439150081463582,1.20480326545267e-25,-0.0979659956002801,0.0263523123378296,1.59329630365643e-29,8.26150810596118e-25
LYZ,MCPcounter,B lineage,514,0.373896268021903,1.68635843963966e-18,0.31772046840522,1.61044166146033e-13,-0.118649433851501,0.0070825442619264,8.1572687312802e-18,6.61128682073186e-13
LYZ,MCPcounter,NK cells,514,0.331095759971755,1.29205075284496e-14,0.281801780746054,7.73644343594631e-11,-0.256042489783928,3.88064861059012e-09,5.13528452086151e-14,2.65249489232445e-10
LYZ,MCPcounter,Monocytic lineage,514,0.663767911415619,1.39116121701001e-66,0.633618157131132,4.76042075140239e-59,0.379271689878495,4.97053457364363e-19,2.11727951076645e-65,7.81711197072393e-58
LYZ,MCPcounter,Myeloid dendritic cells,514,0.480010132240721,5.56563358661196e-31,0.453394502625813,2.0050839059552e-27,0.24881590328553,1.08120587211249e-08,4.23531141225105e-30,1.48949090156672e-26
LYZ,MCPcounter,Neutrophils,514,0.173278503825228,7.85304605647953e-05,0.15113350259953,0.000586334362479496,-0.0320919960270041,0.467843978947014,0.000153614443236465,0.00110535541446286
LYZ,MCPcounter,Endothelial cells,514,0.244077342419065,2.08091482180825e-08,0.12373159344953,0.0049670718463371,0.0665642138430013,0.131781739264472,5.66296647768946e-08,0.00800892204680711
LYZ,MCPcounter,Fibroblasts,514,0.197575247694117,6.39179570674581e-06,-0.0232194476156347,0.599436895042971,0.0296387558494271,0.502559238408721,1.43470522338467e-05,0.641592834488531
LYZ,EPIC,Bcells,514,0.276756552746781,1.7212772868246e-10,0.245621811783173,1.68352614077324e-08,-0.130980737988812,0.00292858832619592,5.4799848315232e-10,5.02641297532299e-08
LYZ,EPIC,CAFs,514,0.0528381419391635,0.231758025278934,-0.294074174753841,1.03275317813515e-11,-0.0341449049816234,0.439842558958129,0.265352307842302,3.81324250388365e-11
LYZ,EPIC,CD4_Tcells,514,0.324714897625908,4.3727055905307e-14,0.3379924504129,3.34900015988617e-15,0.138134653978673,0.00169429433873238,1.68430141264886e-13,1.47167330969646e-14
LYZ,EPIC,CD8_Tcells,514,0.184196333416377,2.64732935307712e-05,0.39083164131072,3.32340055745881e-20,0.100590518065727,0.0225614657816758,5.45192579643604e-05,1.95641693193802e-19
LYZ,EPIC,Endothelial,514,0.167324332243384,0.000138310333608428,0.0499282724456108,0.258517886956836,-0.0290007193980875,0.511805447848822,0.000259956771601383,0.310819193566601
LYZ,EPIC,Macrophages,514,0.596077043999628,9.21471502640422e-51,0.56477806070996,1.21141437026333e-44,0.335489261725093,5.48838749952119e-15,1.08490229744835e-49,1.34986172686486e-43
LYZ,EPIC,NKcells,514,-0.0213617431960791,0.628967756805766,-0.17271939270143,8.28840184284373e-05,-0.109702990852312,0.0128247652668193,0.660733805129289,0.000173555796977667
LYZ,EPIC,otherCells,514,-0.259679759424234,2.28921981347605e-09,-0.0108794073155456,0.805635789499618,-0.0477309303631879,0.280090466439568,6.83479982588065e-09,0.825479035546406
LYZ,CIBERSORT,B cells naive,514,-0.151544646644251,0.000566177434671912,-0.142138421021719,0.00123325663007553,-0.119126977439475,0.0068540340526154,0.00100941348352935,0.00220502045033561
LYZ,CIBERSORT,B cells memory,514,0.253849053644727,5.31412671422097e-09,0.214844495605557,8.80917121601956e-07,0.000939880724028305,0.983040887616273,1.53519216188606e-08,2.23452147918545e-06
LYZ,CIBERSORT,Plasma cells,514,-0.370444526082282,3.65131654834794e-18,-0.355406898651217,9.49894117558886e-17,-0.299313525124944,4.24244686942154e-12,1.73925307341154e-17,4.45664608538906e-16
LYZ,CIBERSORT,T cells CD8,514,0.0913048028540764,0.0385172611972844,0.11360302399603,0.00994782784264946,-0.19221729465153,1.14269715697201e-05,0.0508134693173477,0.0153649618163695
LYZ,CIBERSORT,T cells CD4 memory resting,514,0.0545012627090282,0.217375200995063,0.0556728887849019,0.207634672723149,0.0306561243282972,0.488000033288286,0.250724815935156,0.252070108519931
LYZ,CIBERSORT,T cells CD4 memory activated,514,0.167069758639677,0.000141638661579224,0.137147263489037,0.00183004269850932,-0.0501761636993338,0.256158305832154,0.000264618337800706,0.00319873009487344
LYZ,CIBERSORT,T cells follicular helper,514,-0.17910756256826,4.4299032720765e-05,-0.135392882647935,0.00209606479975931,-0.29563651234598,7.93602650055308e-12,8.91696658637335e-05,0.00360315271363584
LYZ,CIBERSORT,T cells regulatory (Tregs),514,-0.0439237063090782,0.3202839404906,-0.0571273664702714,0.195986885683635,-0.0479817891902081,0.277567742535321,0.355617755989563,0.239326451402325
LYZ,CIBERSORT,T cells gamma delta,514,0.134506261965081,0.00224355077111915,0.16712463968109,0.000140914842882253,0.0951122647434846,0.0310849186070309,0.00363630047059312,0.000285489811553655
LYZ,CIBERSORT,NK cells resting,514,0.00759752867386952,0.86357038686748,-0.0334675961074521,0.448973366184335,-0.115286280133337,0.0088944358075831,0.877635051148709,0.510308525499134
LYZ,CIBERSORT,NK cells activated,514,-0.131202925809763,0.00288035112419766,-0.0717868199867555,0.104023013659198,-0.0505586143966397,0.252547238914407,0.00460223944249688,0.135229917756958
LYZ,CIBERSORT,Monocytes,514,0.167110378005113,0.000141102603431282,0.204543578583434,2.93158076317757e-06,0.224656933093856,2.64883620621822e-07,0.000264408482105465,6.98208548176643e-06
LYZ,CIBERSORT,Macrophages M0,514,-0.00452258019519012,0.918530560019205,-0.0648086726204438,0.142299945218286,0.0917158542416066,0.03764837188434,0.925950031424853,0.178303545815684
LYZ,CIBERSORT,Macrophages M1,514,0.211128581662879,1.36871287261983e-06,0.208236784486606,1.91817692933087e-06,-0.0641897692626706,0.146157505072858,3.21081515982998e-06,4.71237166890734e-06
LYZ,CIBERSORT,Macrophages M2,514,0.246917828442369,1.40770097153317e-08,0.231352871520158,1.12985469847593e-07,0.275402749222995,2.12739530517074e-10,3.90402402771865e-08,3.10585608744043e-07
LYZ,CIBERSORT,Dendritic cells resting,514,0.194663904217951,8.78164057476662e-06,0.222586327274328,3.42916548935779e-07,0.196974621873163,6.82732463862713e-06,1.93630520093794e-05,8.99075321579521e-07
LYZ,CIBERSORT,Dendritic cells activated,514,-0.20635216038138,2.3840145579018e-06,-0.18891119472408,1.62249353559591e-05,-0.0701877267461962,0.111980892757553,5.48939145435691e-06,3.55240689898895e-05
LYZ,CIBERSORT,Mast cells resting,514,0.146571386740931,0.000859366338165713,0.16474120154474,0.000175772400985144,0.210609105142287,1.4547712571015e-06,0.00148956831948724,0.000352675171108456
LYZ,CIBERSORT,Mast cells activated,514,-0.0589188510044409,0.182305664203124,-0.0516457925893613,0.242475941635075,-0.00439687486799786,0.920787468106833,0.213031337945223,0.292659550445429
LYZ,CIBERSORT,Eosinophils,514,-0.047408040319107,0.283360360105016,-0.017975699718594,0.68431799554189,-0.00584719490137026,0.894791726327999,0.319164015713953,0.720091786202596
LYZ,CIBERSORT,Neutrophils,514,0.0441020940660346,0.318320617586498,0.0267183383476881,0.545591189797454,0.0647535164235011,0.142640531878914,0.354067852716533,0.600438981364393
ITGAX,MCPcounter,T cells,514,0.630694295977502,2.31311621089851e-58,0.569219340073639,1.7975022826112e-45,0.107208074074845,0.0150294165438201,3.00705107416807e-57,2.11630457424413e-44
ITGAX,MCPcounter,CD8 T cells,514,0.352248565985436,1.84284193345054e-16,0.324476209497687,4.57420161881453e-14,-0.297894401345074,5.40814238860477e-12,8.33285048168939e-16,1.89026609943064e-13
ITGAX,MCPcounter,Cytotoxic lymphocytes,514,0.480451417589216,4.82920013395087e-31,0.426254827569064,4.17097819546687e-24,-0.167605516002617,0.000134719537897307,3.72027269578437e-30,2.79859182147454e-23
ITGAX,MCPcounter,B lineage,514,0.467303761006888,3.03692070261863e-29,0.385823648928573,1.08710362964354e-19,0.00166442350379146,0.969972127176158,2.15345286185685e-28,6.05672022229971e-19
ITGAX,MCPcounter,NK cells,514,0.440520560005582,8.19229171957645e-26,0.375777421023898,1.10256863224257e-18,-0.104287730461157,0.0180270453748115,5.27009281754196e-25,5.83053242813019e-18
ITGAX,MCPcounter,Monocytic lineage,514,0.757599920787191,6.41121420260766e-97,0.70186698502987,1.84462342864789e-77,0.52766904935333,3.4765128182936e-38,1.81845348292145e-95,4.42709622875494e-76
ITGAX,MCPcounter,Myeloid dendritic cells,514,0.419233477785808,2.69741984329152e-23,0.37897642586671,5.31865951961499e-19,0.136739348221694,0.00188897736660966,1.60303807829896e-22,2.9112662633682e-18
ITGAX,MCPcounter,Neutrophils,514,0.169189906985704,0.00011606948079547,0.136677396021547,0.00189807859344594,-0.0560372139512565,0.20467112628045,0.000222169803731206,0.00328088931387885
ITGAX,MCPcounter,Endothelial cells,514,0.232151325451494,1.01891608850404e-07,-0.00774607274067182,0.860929803805505,0.0360480589522698,0.414762496498521,2.6491818301105e-07,0.876378788865636
ITGAX,MCPcounter,Fibroblasts,514,0.300328327987861,3.56342440141844e-12,-0.0862261761854651,0.050729223682498,0.158075483883328,0.000320996139421209,1.23887987787109e-11,0.0694189376707868
ITGAX,EPIC,Bcells,514,0.336357607477163,4.62643389402823e-15,0.29823157001067,5.10565087893011e-12,-0.0752184224317378,0.0884592482711854,1.89927286175896e-14,1.91923261954963e-11
ITGAX,EPIC,CAFs,514,0.250013614149101,9.14337969023108e-09,-0.197222178287829,6.64449232567923e-06,0.221514812054261,3.9155533665717e-07,2.58166014782995e-08,1.49680982354651e-05
ITGAX,EPIC,CD4_Tcells,514,0.230769249462399,1.2182249203862e-07,0.258168443345685,2.85336465036555e-09,-0.00915380840816656,0.835986221541415,3.14120805917763e-07,9.08418133585768e-09
ITGAX,EPIC,CD8_Tcells,514,-0.116611080068274,0.00813647988728162,0.140218849044624,0.00143756749544554,-0.308806912593792,8.07831208643848e-13,0.0120311930086818,0.0025340172801074
ITGAX,EPIC,Endothelial,514,0.259615737024082,2.31074827698377e-09,0.0684504709543477,0.121160823109906,0.0821726003548563,0.0626601587794898,6.86622345160892e-09,0.155564513622595
ITGAX,EPIC,Macrophages,514,0.695268773348267,1.87006054007822e-75,0.663813375264421,1.35316822697179e-66,0.47831055515914,9.59573270550217e-31,3.43211110884944e-74,2.55871810191029e-65
ITGAX,EPIC,NKcells,514,0.167882595201232,0.000131266967826118,-0.0468535539147499,0.289035560805631,0.13273575041837,0.00256679660706028,0.000248968352351056,0.343539409414693
ITGAX,EPIC,otherCells,514,-0.426372041678539,4.04149255451178e-24,-0.0168625800498376,0.702908324674726,-0.267324226706309,7.35162583597416e-10,2.47244250393662e-23,0.738408745112843
ITGAX,CIBERSORT,B cells naive,514,-0.180438467144829,3.87710074949136e-05,-0.173436167981128,7.73423216514458e-05,-0.157798662753348,0.000328959473865319,7.82948500868158e-05,0.000163598673594923
ITGAX,CIBERSORT,B cells memory,514,0.299016466590403,4.46409965736231e-12,0.243877294613347,2.13860038971849e-08,0.0440753958708773,0.318613954793634,1.52218480119895e-11,6.26519550790768e-08
ITGAX,CIBERSORT,Plasma cells,514,-0.37572239199743,1.11640350113872e-18,-0.364274819802197,1.41955778342429e-17,-0.307147142423492,1.08429423261901e-12,5.48532113945325e-18,7.08643245485406e-17
ITGAX,CIBERSORT,T cells CD8,514,0.0838751851260546,0.0573935088600471,0.125948593186086,0.00423779183382382,-0.231089894209781,1.16888018573519e-07,0.0735391160752965,0.0068864117299637
ITGAX,CIBERSORT,T cells CD4 memory resting,514,-0.140559504167539,0.0013991788093903,-0.156733071058199,0.000361365980557792,-0.229456216263752,1.44208257908172e-07,0.00236609099474133,0.000700286869155473
ITGAX,CIBERSORT,T cells CD4 memory activated,514,0.164081153534254,0.000186768395829959,0.117359498418277,0.00773425943087444,-0.0740340508785622,0.0936044624513055,0.000342774938229102,0.0121260750876021
ITGAX,CIBERSORT,T cells follicular helper,514,-0.0749118261467815,0.0897688622960059,0.00975608011100304,0.825363112494965,-0.173565696129377,7.63789135613651e-05,0.11070310291049,0.842924029782092
ITGAX,CIBERSORT,T cells regulatory (Tregs),514,0.0963291739778069,0.0289845381709308,0.0862578369265323,0.0506440866165044,0.136475511888312,0.00192801618483797,0.0387288047508798,0.0694189376707868
ITGAX,CIBERSORT,T cells gamma delta,514,-0.00766527750752684,0.862365864217682,0.0390443655935359,0.377031674615466,-0.0952158846290494,0.0309011346277847,0.877635051148709,0.437300678364406
ITGAX,CIBERSORT,NK cells resting,514,0.192350842722558,1.12648677720326e-05,0.142538245065207,0.00119421863276123,0.119943508246223,0.00647857665964536,2.4322759480098e-05,0.00214135754839944
ITGAX,CIBERSORT,NK cells activated,514,-0.198567445851164,5.72981798202549e-06,-0.106606785784402,0.0156081063136669,-0.135423792510549,0.00209108678370912,1.29076044071621e-05,0.0234121594705004
ITGAX,CIBERSORT,Monocytes,514,0.0432287053257828,0.328008185931132,0.101374087889207,0.0215254828801011,0.0705101197888356,0.110339111965999,0.362260368178807,0.0316044736874896
ITGAX,CIBERSORT,Macrophages M0,514,0.239272052813581,3.98691326060022e-08,0.165835708231848,0.000158866141168009,0.427428051288211,3.04024142069609e-24,1.06773986034959e-07,0.000319782168028509
ITGAX,CIBERSORT,Macrophages M1,514,0.218234902738611,5.85240104072287e-07,0.222938590402048,3.28237203226548e-07,-0.0794446043416375,0.0719247887754244,1.41546443775623e-06,8.64219471786355e-07
ITGAX,CIBERSORT,Macrophages M2,514,0.157290047121415,0.000344073384305163,0.12999963708769,0.00315049721055024,0.165383243106363,0.00016566121735916,0.000620525409845149,0.0052989494862085
ITGAX,CIBERSORT,Dendritic cells resting,514,0.0399348024925148,0.366238954679843,0.0800818075388374,0.0696662916153744,-0.00367080781967587,0.933835134423587,0.400935276702144,0.0934876687483734
ITGAX,CIBERSORT,Dendritic cells activated,514,-0.293533474272613,1.13089981461175e-11,-0.280857580876254,8.99655739512948e-11,-0.179573345236963,4.22846327925681e-05,3.75362491658368e-11,3.06767858719169e-10
ITGAX,CIBERSORT,Mast cells resting,514,0.00715846475376895,0.871384153743097,0.0303449633834704,0.492428723957472,0.0359885255105587,0.415534037758378,0.884136116968606,0.551046189990957
ITGAX,CIBERSORT,Mast cells activated,514,-0.051537143990063,0.24346957510927,-0.0405271623875177,0.359166692125182,0.00976904289300924,0.825134812528564,0.277235428591577,0.418915917544137
ITGAX,CIBERSORT,Eosinophils,514,-0.0786333137649744,0.0748864867636098,-0.0323927818455476,0.463680727850238,-0.0441006207468225,0.318336800573328,0.094402359071702,0.524160822787225
ITGAX,CIBERSORT,Neutrophils,514,0.00635629090078445,0.885691817000792,-0.0263746236704444,0.550773090050438,0.0179528443324225,0.684697840761845,0.895740184454609,0.603038647029419
CLEC10A,MCPcounter,T cells,514,0.750493180134376,3.74335982708797e-94,0.72248230384349,4.22212145965521e-84,0.157055763831593,0.000351251003265874,8.98406358501113e-93,1.09775157951035e-82
CLEC10A,MCPcounter,CD8 T cells,514,0.495848109702142,2.99300700793102e-33,0.479241663758453,7.12265064587381e-31,-0.23742193023207,5.10231317069094e-08,2.49018183059861e-32,6.08840274387022e-30
CLEC10A,MCPcounter,Cytotoxic lymphocytes,514,0.560735631090993,6.70925138563789e-44,0.52555638069008,7.6768404104116e-38,-0.270418677017151,4.59413729760424e-10,6.9776214410634e-43,7.90109208210979e-37
CLEC10A,MCPcounter,B lineage,514,0.539397525783818,3.85899037080545e-40,0.490432056488754,1.84307078144383e-32,-0.03401680323145,0.441561307284234,3.70463075597323e-39,1.64296595374422e-31
CLEC10A,MCPcounter,NK cells,514,0.408996874809941,3.79502325577646e-22,0.358311598498183,5.1299671463249e-17,-0.426626633118765,3.77376646453573e-24,2.17256377211423e-21,2.44358740405094e-16
CLEC10A,MCPcounter,Monocytic lineage,514,0.708261609135648,1.85499474518267e-79,0.672596521771302,5.85852067716109e-69,0.28380641644249,5.60505893937379e-11,3.73392490643222e-78,1.30561317948161e-67
CLEC10A,MCPcounter,Myeloid dendritic cells,514,0.739988734885589,3.12647128503643e-90,0.728449993080784,3.88730189068165e-86,0.643141346026184,2.45139379720796e-61,6.72730373056114e-89,1.0546419042545e-84
CLEC10A,MCPcounter,Neutrophils,514,0.175837186754177,6.12171416623122e-05,0.151057935724706,0.000590110836116804,-0.122941340173523,0.00525321484111697,0.000121268242531057,0.0011091239811352
CLEC10A,MCPcounter,Endothelial cells,514,0.342714161390397,1.30291574977329e-15,0.22124293438425,4.04914654354785e-07,0.164176330505927,0.000185143973334902,5.53074440720089e-15,1.05718303061668e-06
CLEC10A,MCPcounter,Fibroblasts,514,0.215598100872083,8.04832820112582e-07,-0.0503053524777733,0.254934538083115,-0.00907997129356185,0.837290686433973,1.92419800670594e-06,0.307102609582748
CLEC10A,EPIC,Bcells,514,0.388780854466175,5.41274103063435e-20,0.360629301614211,3.12352454335318e-17,-0.12947528773433,0.00327526355355923,2.79136396951722e-19,1.49929178080952e-16
CLEC10A,EPIC,CAFs,514,0.0821344634737415,0.0627825452403406,-0.305438103509104,1.46529784341974e-12,-0.0291383718981239,0.509803173612833,0.0799516494489235,5.7869990778096e-12
CLEC10A,EPIC,CD4_Tcells,514,0.317747229849337,1.60253191827753e-13,0.335162684954144,5.85179990923944e-15,0.0614131088090918,0.164451705759302,5.8478357719601e-13,2.54713617218321e-14
CLEC10A,EPIC,CD8_Tcells,514,0.171350095861281,9.45261288286801e-05,0.406222821709418,7.64944794213759e-22,0.0604086947289321,0.171476610457217,0.000182613945477079,4.72599556029095e-21
CLEC10A,EPIC,Endothelial,514,0.294247298069201,1.00312457630359e-11,0.178973897320995,4.48936548746475e-05,0.0937508433506044,0.0335877893711573,3.34732478937669e-11,9.62668063291411e-05
CLEC10A,EPIC,Macrophages,514,0.661231994197424,6.46878846355984e-66,0.630584244177197,2.45411633561738e-58,0.344225683663235,9.5980589516366e-16,9.61077143157462e-65,3.92658613698782e-57
CLEC10A,EPIC,NKcells,514,0.0245937913560837,0.578001369578493,-0.143279578705083,0.00112483309089297,-0.0909823513874881,0.0392107057220565,0.611309923079627,0.00202860071883587
CLEC10A,EPIC,otherCells,514,-0.300311619857707,3.57369195539739e-12,-0.0132599840181869,0.764248929369474,-0.0288901192575084,0.513417181735707,1.23887987787109e-11,0.790864563725625
CLEC10A,CIBERSORT,B cells naive,514,-0.140040938206211,0.00145799898141253,-0.129443862954014,0.00328288157380494,-0.106683237724922,0.0155334591824997,0.00245889557946329,0.00547495680998698
CLEC10A,CIBERSORT,B cells memory,514,0.3811651837209,3.21481474948007e-19,0.345157573523324,7.94309848987232e-16,0.108341729887827,0.0139894415500103,1.60483552294045e-18,3.5658226314247e-15
CLEC10A,CIBERSORT,Plasma cells,514,-0.400605300975986,3.10028041032931e-21,-0.386787959352793,8.66664931551991e-20,-0.364824856965307,1.25920328020689e-17,1.69699559302236e-20,4.8720623179139e-19
CLEC10A,CIBERSORT,T cells CD8,514,0.185124898129034,2.40630029845266e-05,0.216597658618955,7.13601005618857e-07,-0.183986819123859,2.70479315476601e-05,4.97195823256443e-05,1.82494683404167e-06
CLEC10A,CIBERSORT,T cells CD4 memory resting,514,0.0756873670576695,0.0864859186589791,0.0784550571863604,0.0755503607386176,0.0596939319040999,0.176610452908746,0.107077804053974,0.100733814318157
CLEC10A,CIBERSORT,T cells CD4 memory activated,514,0.216462860147872,7.2529771686526e-07,0.185191014050952,2.38995719493747e-05,-0.069809931293213,0.113929189631421,1.74743542596109e-06,5.16032280152589e-05
CLEC10A,CIBERSORT,T cells follicular helper,514,-0.0823096155288928,0.0622220801985877,-0.0250720487902772,0.570627276975196,-0.238026571128802,4.70817665457337e-08,0.079562659926063,0.618179550056462
CLEC10A,CIBERSORT,T cells regulatory (Tregs),514,-0.041514232935218,0.347573516498803,-0.0571466379935347,0.195835827221318,-0.0538252259112419,0.223142464607228,0.381841327984601,0.239326451402325
CLEC10A,CIBERSORT,T cells gamma delta,514,0.0968388876460062,0.0281416559986462,0.133809055460382,0.00236612129203804,0.0337234309929748,0.445511912645855,0.0378456753085242,0.00403404285855666
CLEC10A,CIBERSORT,NK cells resting,514,0.0161324401726035,0.71520023708549,-0.0313927347805061,0.477601953834314,-0.172088700863341,8.80676058080898e-05,0.741060007362039,0.536013703583834
CLEC10A,CIBERSORT,NK cells activated,514,-0.169269874036471,0.000115195761917566,-0.103022942365069,0.0194795478578409,-0.0862251334136256,0.0507320297720658,0.000221175862881728,0.0288038811926367
CLEC10A,CIBERSORT,Monocytes,514,0.187377814579268,1.90507858379509e-05,0.233283991648306,8.79402766201325e-08,0.318575269613234,1.37574607838822e-13,3.96256345429379e-05,2.44985267427118e-07
CLEC10A,CIBERSORT,Macrophages M0,514,-0.16260992476606,0.000213640253162331,-0.244935064035217,1.85020435500891e-08,-0.107475282016623,0.014778357297729,0.000389799760155833,5.44588451663001e-08
CLEC10A,CIBERSORT,Macrophages M1,514,0.284730799958612,4.82683870955288e-11,0.286375186547938,3.69478871242435e-11,-0.0693363856723544,0.116408740690674,1.58523544987421e-10,1.29614884986636e-10
CLEC10A,CIBERSORT,Macrophages M2,514,0.26142612036105,1.77165077678251e-09,0.245469805415764,1.71911711658773e-08,0.356333620654203,7.80927582240071e-17,5.34062842856177e-09,5.08402407938741e-08
CLEC10A,CIBERSORT,Dendritic cells resting,514,0.292421580331187,1.36220142912621e-11,0.33137198623099,1.22483412797061e-14,0.387266202579292,7.74318576502367e-20,4.49742694060716e-11,5.27101031623215e-14
CLEC10A,CIBERSORT,Dendritic cells activated,514,-0.165943134826495,0.000157291690906066,-0.14462159160719,0.00100859713038801,0.0444616378771498,0.314387441704913,0.000291246335683636,0.00183488224303824
CLEC10A,CIBERSORT,Mast cells resting,514,0.123977148147072,0.00488106535126384,0.145100400947836,0.000969883564289878,0.236318923999899,5.90495731459829e-08,0.00742874336387472,0.00177480159565069
CLEC10A,CIBERSORT,Mast cells activated,514,-0.102183835855719,0.0204985257565637,-0.0961844010424709,0.0292278559209032,-0.051707053771166,0.241916939778798,0.0280506141931924,0.041734970468292
CLEC10A,CIBERSORT,Eosinophils,514,-0.0452184281890495,0.306213203783223,-0.0109055858928785,0.805177469589236,0.0141044335553282,0.749721224995031,0.343046748942067,0.825479035546406
CLEC10A,CIBERSORT,Neutrophils,514,-0.0799089936944649,0.0702729969145371,-0.106308453586272,0.0159024140856817,-0.114130199539752,0.00960658302838009,0.089126727794047,0.0237964182001568
FCER1A,MCPcounter,T cells,514,0.169364724491558,0.000114167445981973,0.13438627727575,0.00226422221053974,-0.0581207363813944,0.188310869600787,0.00021987804411343,0.00387088947774465
FCER1A,MCPcounter,CD8 T cells,514,-0.0889212992228647,0.0438972866182325,-0.109538556845376,0.0129607541177868,-0.393171834839138,1.89684815013887e-20,0.0573052444556005,0.0197256355353633
FCER1A,MCPcounter,Cytotoxic lymphocytes,514,-0.0729851530301369,0.0983584981542082,-0.109593026748485,0.0129155666554653,-0.468873205588723,1.86988192196914e-29,0.120109007530775,0.0197049232102943
FCER1A,MCPcounter,B lineage,514,0.192694163431417,1.08581231955542e-05,0.161428331811014,0.000237799386313838,0.060976920613106,0.167475404326543,2.36904506084819e-05,0.000469578534999477
FCER1A,MCPcounter,NK cells,514,-0.195231461452492,8.25738204910038e-06,-0.239482227564744,3.87624209232792e-08,-0.548530149912366,1.02410850172112e-41,1.83366775752265e-05,1.11464288737909e-07
FCER1A,MCPcounter,Monocytic lineage,514,0.178007621229632,4.94221705684521e-05,0.136704990800451,0.00189401977235964,0.0264119137266943,0.550209733190254,9.88443411369041e-05,0.00328088931387885
FCER1A,MCPcounter,Myeloid dendritic cells,514,0.847331913558721,7.83007872774885e-143,0.845407761904096,1.48380644700436e-141,0.876770198878504,6.61341928538107e-165,3.4899779472252e-141,1.1573690286634e-139
FCER1A,MCPcounter,Neutrophils,514,0.208947717240988,1.76621815891611e-06,0.197838564493268,6.20933280395695e-06,0.152561836197239,0.000519040436111055,4.08192641171723e-06,1.40384915567722e-05
FCER1A,MCPcounter,Endothelial cells,514,0.38078188596107,3.51208432603476e-19,0.375902053478219,1.0718558719544e-18,0.33856420137852,2.98978872065534e-15,1.73931795194103e-18,5.71656465042346e-18
FCER1A,MCPcounter,Fibroblasts,514,0.060576510977481,0.170287565410207,-0.0746325641382437,0.0909752203277496,0.000495801516956721,0.991053322943792,0.200489510973527,0.119261633370831
FCER1A,EPIC,Bcells,514,0.0441071988759637,0.318264550341886,0.0235205089037116,0.594710645067792,-0.100113031531735,0.0232137296202516,0.354067852716533,0.638725374392947
FCER1A,EPIC,CAFs,514,-0.0432518435714707,0.327749103995415,-0.264348386104737,1.1489154622936e-09,-0.0727478084131714,0.0994604762894353,0.362260368178807,3.75352486110581e-09
FCER1A,EPIC,CD4_Tcells,514,0.134987518060155,0.00216235921252235,0.136942830937814,0.00185936476407963,0.0639988176664455,0.147363651587252,0.00351383372034882,0.00324090394632875
FCER1A,EPIC,CD8_Tcells,514,0.0963447578061855,0.0289584505948533,0.19416371093956,9.26982930619725e-06,0.0621884284158315,0.159178598331201,0.0387288047508798,2.07325214590218e-05
FCER1A,EPIC,Endothelial,514,0.252854984160093,6.12190893309069e-09,0.219989161434316,4.72406176898244e-07,0.202062002722445,3.88158336873084e-06,1.76040146278737e-08,1.22825605993543e-06
FCER1A,EPIC,Macrophages,514,0.173910713260022,7.38676442215845e-05,0.145213914810875,0.000960909010900135,0.0520873292477055,0.238467189947896,0.000144947830170656,0.00176355065529907
FCER1A,EPIC,NKcells,514,-0.105263181149401,0.0169723211107393,-0.191840184683831,1.18967890751836e-05,-0.131019237800417,0.00292017768112966,0.0234827680113112,2.63248098684913e-05
FCER1A,EPIC,otherCells,514,-0.127998471238521,0.00365115814101019,-0.0233995200715694,0.596607964100449,-0.0559142670044693,0.205667770804478,0.00565340615382222,0.63966214707677
FCER1A,CIBERSORT,B cells naive,514,-0.130044358041183,0.00314005860820689,-0.124111817231409,0.00483446947396064,-0.113091893473993,0.0102889231626491,0.00497308774497741,0.00781530816515917
FCER1A,CIBERSORT,B cells memory,514,0.317309832970487,1.73671673147497e-13,0.300635043756227,3.3799838429454e-12,0.258472535325262,2.72996172348744e-09,6.30064674674641e-13,1.28604263292557e-11
FCER1A,CIBERSORT,Plasma cells,514,-0.297973887152446,5.33529137565776e-12,-0.287667113030989,2.99132183047215e-11,-0.262196211174054,1.58137330789054e-09,1.80935968391872e-11,1.06661989840836e-10
FCER1A,CIBERSORT,T cells CD8,514,-0.135639537182024,0.00205664122033992,-0.12806495327358,0.00363342941582372,-0.237228796558841,5.2347938611661e-08,0.00335076794123266,0.00595883780763384
FCER1A,CIBERSORT,T cells CD4 memory resting,514,0.153958786207817,0.000460230216801738,0.154869311355609,0.000425301574579071,0.147038544046681,0.000826782104325845,0.000825240388747945,0.000811584656077493
FCER1A,CIBERSORT,T cells CD4 memory activated,514,-0.247823574069522,1.24148360977312e-08,-0.270316205381532,4.66666911204485e-10,-0.344636325662976,8.83076597141247e-16,3.47392723093466e-08,1.55722006733475e-09
FCER1A,CIBERSORT,T cells follicular helper,514,-0.233611078979627,8.4267364516572e-08,-0.214412293554779,9.27619793338029e-07,-0.258351682658517,2.77837132747704e-09,2.20936283438407e-07,2.34346053053818e-06
FCER1A,CIBERSORT,T cells regulatory (Tregs),514,-0.115418168217429,0.00881625709112333,-0.12205155551236,0.00559309969205483,-0.115928005430178,0.00851976875624273,0.0129748689265589,0.00897196454458152
FCER1A,CIBERSORT,T cells gamma delta,514,0.0780097617377633,0.0772296991209821,0.0920785494572172,0.0368955634962826,0.0589997032990454,0.181705302448169,0.0967455418184594,0.052087854347693
FCER1A,CIBERSORT,NK cells resting,514,-0.242805562675641,2.47498809075118e-08,-0.267590890182667,7.06139812295078e-10,-0.286073937395304,3.88070640729788e-11,6.65686451995146e-08,2.34378320676664e-09
FCER1A,CIBERSORT,NK cells activated,514,-0.0475336105238286,0.282085665278734,-0.0166239725553326,0.706916957524049,-0.0165595006688151,0.708001490070312,0.318302812177089,0.741025068751191
FCER1A,CIBERSORT,Monocytes,514,0.34673788376798,5.75406725067632e-16,0.36642790184132,8.86757401235921e-18,0.358151391563226,5.30815354760135e-17,2.51086570938603e-15,4.49867169407492e-17
FCER1A,CIBERSORT,Macrophages M0,514,-0.274480541380007,2.45599672300782e-10,-0.312366711814665,4.27005483823935e-13,-0.256130025930844,3.832033119479e-09,7.77940078759839e-10,1.73020403835153e-12
FCER1A,CIBERSORT,Macrophages M1,514,-0.244102467306073,2.0737771808525e-08,-0.251385196811341,7.53829613186642e-09,-0.37378452719876,1.72931448772625e-18,5.66296647768946e-08,2.29458379818763e-08
FCER1A,CIBERSORT,Macrophages M2,514,0.297918675191213,5.38579221837415e-12,0.289505308556032,2.21075928853055e-11,0.294412715217458,9.75591326341689e-12,1.81661315906242e-11,8.06733214060272e-11
FCER1A,CIBERSORT,Dendritic cells resting,514,0.682940835534649,7.53864631975212e-72,0.700392515288992,5.23540491646495e-77,0.686187490143413,8.81437084036892e-73,1.2713825144663e-70,1.20996024736079e-75
FCER1A,CIBERSORT,Dendritic cells activated,514,0.177478951605131,5.20791946559092e-05,0.192127513116372,1.15371959327924e-05,0.242827381703552,2.46765513817153e-08,0.000103825614905071,2.5619965345418e-05
FCER1A,CIBERSORT,Mast cells resting,514,0.428555731782515,2.24079115101222e-24,0.438737923048607,1.35252241582093e-25,0.445356678135991,2.07096502180795e-26,1.39179135700338e-23,9.17363029861154e-25
FCER1A,CIBERSORT,Mast cells activated,514,-0.0298274526675903,0.499841678986214,-0.0255800935428475,0.562843192136045,-0.0110936022622589,0.801887753928791,0.533164457585295,0.612939183059149
FCER1A,CIBERSORT,Eosinophils,514,-0.0299415306150731,0.498202539607735,-0.0153007786805001,0.729291349151367,-0.0156446306083289,0.723453976331783,0.532326001224703,0.758463003117422
FCER1A,CIBERSORT,Neutrophils,514,0.0323402537922326,0.464406295401938,0.0235401009180983,0.594403666345059,0.0354724880295252,0.422257116545694,0.49963711781174,0.638725374392947
CD68,MCPcounter,T cells,514,0.467607878467013,2.76506950425126e-29,0.397293472008499,6.98758272012413e-21,-0.14861480494223,0.000725082992625554,1.98322226511814e-28,4.27475648760535e-20
CD68,MCPcounter,CD8 T cells,514,0.327902040328682,2.38694680145346e-14,0.299523953060775,4.09198129856411e-12,-0.196171707390685,7.45390746110871e-06,9.30909252566849e-14,1.54751292745697e-11
CD68,MCPcounter,Cytotoxic lymphocytes,514,0.457783265510749,5.45716507189441e-28,0.409335859829471,3.48192595196407e-22,-0.0431670218052344,0.328699511466204,3.74205604929902e-27,2.17272179402558e-21
CD68,MCPcounter,B lineage,514,0.246720392614201,1.44669521454121e-08,0.155488996641509,0.000402958802409661,-0.273659183591491,2.7899026094553e-10,3.99441510563591e-08,0.000776068804640829
CD68,MCPcounter,NK cells,514,0.366661877136898,8.42374692505867e-18,0.305716300813757,1.39539078864296e-12,-0.112229840038087,0.0108877621401424,3.95219404604256e-17,5.54601179689939e-12
CD68,MCPcounter,Monocytic lineage,514,0.8106127142928,4.39536025646381e-121,0.78337897804119,8.13424291889731e-108,0.706692126948802,5.8025618185556e-79,1.52372488890746e-119,3.6255482724228e-106
CD68,MCPcounter,Myeloid dendritic cells,514,0.34701127715526,5.44091233182637e-16,0.304738701987116,1.65653136999708e-12,0.0850850081601697,0.0538786181849807,2.39093612328145e-15,6.50110424451684e-12
CD68,MCPcounter,Neutrophils,514,0.223602417784621,3.02201768079578e-07,0.199819087282461,4.98773468782527e-06,0.0538298059943278,0.223103028176924,7.48309140006573e-07,1.15700611345835e-05
CD68,MCPcounter,Endothelial cells,514,0.238806175241472,4.24322735105518e-08,0.0649774271206342,0.141261761050115,0.0764838430543024,0.0832156845288894,1.13152729361472e-07,0.177358830775195
CD68,MCPcounter,Fibroblasts,514,0.295037236494406,8.78140735481624e-12,0.0393950396880649,0.372758124259278,0.169506547886054,0.000112645967036542,2.94602053193835e-11,0.433149105284524
CD68,EPIC,Bcells,514,0.163862888225568,0.000190544192819869,0.116646885670122,0.00811681982824011,-0.25188586281437,7.02341203933499e-09,0.000348679109441638,0.0126306622763637
CD68,EPIC,CAFs,514,0.166821792492524,0.000144952793822413,-0.207300497543773,2.13749819292078e-06,0.114898496725943,0.00912788900120021,0.000270001621925927,5.21015184524441e-06
CD68,EPIC,CD4_Tcells,514,0.21387697735169,9.88765417535278e-07,0.229472652062901,1.43904965158624e-07,0.010345874964641,0.8149908704062,2.35492221580921e-06,3.90420427212963e-07
CD68,EPIC,CD8_Tcells,514,-0.00821307132897634,0.852638461516183,0.211300298063126,1.34135520727863e-06,-0.131204156026696,0.00288008606785463,0.872207213091964,3.33468386191978e-06
CD68,EPIC,Endothelial,514,0.172773092387002,8.2456210559699e-05,0.0127258663409704,0.773481027139512,-0.00177843327687937,0.967916346532458,0.000160288708377733,0.797772166834803
CD68,EPIC,Macrophages,514,0.773904928057094,1.20928649637203e-103,0.752156156573209,8.59766578856299e-95,0.649212166265828,7.72224598685001e-63,3.59330844636259e-102,3.155849089449e-93
CD68,EPIC,NKcells,514,0.124721650010644,0.00462844910254608,-0.0451893097854914,0.306525095352098,0.0800547678056063,0.0697609372745599,0.00706149691928791,0.362256930870661
CD68,EPIC,otherCells,514,-0.336923794230938,4.13752358020956e-15,-0.0244591648101362,0.580085164729672,-0.16962290404227,0.000111411962265008,1.70981106890779e-14,0.626251112095701
CD68,CIBERSORT,B cells naive,514,-0.2343684299653,7.63225624414604e-08,-0.229303608140209,1.47053954171698e-07,-0.220777557475086,4.28805924920468e-07,2.01802029506234e-07,3.97236655424845e-07
CD68,CIBERSORT,B cells memory,514,0.128450630441308,0.00353211216838595,0.0684011687380643,0.121429662545386,-0.139829882277728,0.0014825827762604,0.00551009498268209,0.155589547080741
CD68,CIBERSORT,Plasma cells,514,-0.369831207834366,4.18447985319772e-18,-0.354509816522843,1.1475011852672e-16,-0.299353462286818,4.21348018821116e-12,1.97811774878438e-17,5.34358760900547e-16
CD68,CIBERSORT,T cells CD8,514,0.0293656718540478,0.506505869138314,0.0563148668496213,0.20243328400366,-0.241227062362487,3.06529857102839e-08,0.538432133462194,0.246234637852405
CD68,CIBERSORT,T cells CD4 memory resting,514,-0.0941982135868186,0.0327470156438961,-0.101065847908229,0.0219279833782917,-0.148970198373968,0.000703814912489662,0.0434768888548749,0.0321198629766526
CD68,CIBERSORT,T cells CD4 memory activated,514,0.149479346079792,0.000674351338522498,0.110351476903955,0.0123006537542437,-0.0499604053182991,0.258211182017275,0.00119205449075932,0.0188127645653138
CD68,CIBERSORT,T cells follicular helper,514,-0.256835148770691,3.46140259203767e-09,-0.206657308131365,2.30186560942368e-06,-0.372616827100943,2.24790585283169e-18,1.01882793275071e-08,5.56730286930378e-06
CD68,CIBERSORT,T cells regulatory (Tregs),514,-0.0140002297269076,0.751509259086606,-0.0303215759663055,0.492762458357298,-0.0100562684973576,0.820080024096059,0.776393671639142,0.551046189990957
CD68,CIBERSORT,T cells gamma delta,514,0.0546403916610664,0.216201675812507,0.0944355123759776,0.0323083834062306,-0.000937316018523546,0.983087157981265,0.249833047605563,0.0458191619215634
CD68,CIBERSORT,NK cells resting,514,0.075940357247261,0.0854361411342179,0.0264773983271628,0.549221114518442,-0.0166188469435007,0.70700315782535,0.10619950611106,0.603038647029419
CD68,CIBERSORT,NK cells activated,514,-0.0967380821411689,0.0283066607037567,-0.0149887562335388,0.734601956349446,-0.0148196230118852,0.73748591209664,0.037985712428267,0.762714843198093
CD68,CIBERSORT,Monocytes,514,0.111128234812698,0.0116978437920201,0.159228903834822,0.00028971302115277,0.145785254562653,0.000916891266484474,0.0167803552326909,0.000566711364261218
CD68,CIBERSORT,Macrophages M0,514,0.135726284547426,0.00204293813041771,0.0678418066212172,0.124512475441243,0.252373362616134,6.55492244802034e-09,0.00334591441832191,0.158239887322475
CD68,CIBERSORT,Macrophages M1,514,0.188799613398098,1.64163265924105e-05,0.18662507619007,2.06033937589299e-05,-0.0642315027246568,0.145894901352502,3.46073911948112e-05,4.46406864776814e-05
CD68,CIBERSORT,Macrophages M2,514,0.396488046445185,8.50273034766084e-21,0.389085852401403,5.03508446552025e-20,0.448568051978423,8.20850766534867e-27,4.45857456885745e-20,2.88247037292169e-19
CD68,CIBERSORT,Dendritic cells resting,514,0.0680291710936316,0.123473145528262,0.0996445124342123,0.0238695484153786,0.0377582079866423,0.392961888054088,0.149027548954808,0.0347193431496416
CD68,CIBERSORT,Dendritic cells activated,514,-0.192157257094782,1.15005677839543e-05,-0.170758179255536,0.000100021185093665,-0.0643820296958906,0.144950716264261,2.47460493006464e-05,0.000205306643086997
CD68,CIBERSORT,Mast cells resting,514,0.0890458728025538,0.0436012053372798,0.111704707913052,0.0112675094082952,0.129544925569174,0.00325843908020408,0.0571471576806533,0.0172750021394993
CD68,CIBERSORT,Mast cells activated,514,-0.10130259443616,0.0216182634953983,-0.0951455379205102,0.0310258024081523,-0.0613261940875478,0.165050912974042,0.0293895346865545,0.0441004571815194
CD68,CIBERSORT,Eosinophils,514,-0.020359022526541,0.645161001883544,0.0200830451167091,0.649647878395266,0.0233027671270488,0.598127195794515,0.675470579153241,0.687085213760417
CD68,CIBERSORT,Neutrophils,514,0.171920656988515,8.9499407049388e-05,0.157684133925416,0.000332307731483788,0.216848353173089,6.92327912229165e-07,0.000173439844716827,0.000648000076393387
PTPRC,MCPcounter,T cells,514,0.85538464284658,2.23154437451604e-148,0.836258966566348,1.03705692448432e-135,0.298131029413417,5.19407730133746e-12,1.0711412997677e-146,6.47123520878216e-134
PTPRC,MCPcounter,CD8 T cells,514,0.590778675237745,1.11562628347688e-49,0.597995438308682,3.69282289457698e-51,-0.231703079932947,1.07983161801839e-07,1.22131719454311e-48,4.90281167280008e-50
PTPRC,MCPcounter,Cytotoxic lymphocytes,514,0.688646793285071,1.70199531676608e-73,0.667459968077652,1.44496100136238e-67,-0.163464845278003,0.000197614802911328,2.95012521572788e-72,2.90856666080686e-66
PTPRC,MCPcounter,B lineage,514,0.633328300056081,5.57232662847766e-59,0.57731245997128,5.15140893940519e-47,0.0354356650561394,0.42273927371081,7.55898220906534e-58,6.42895835637767e-46
PTPRC,MCPcounter,NK cells,514,0.554611705018177,8.58163184496815e-43,0.505583742932474,1.04972098604753e-34,-0.316108722235369,2.16437906471391e-13,8.49990201787322e-42,1.00773214660563e-33
PTPRC,MCPcounter,Monocytic lineage,514,0.81510246478293,1.77221230491985e-123,0.767815187319228,4.55555634222637e-101,0.477874371607665,1.103003639215e-30,6.50506163688227e-122,1.77666697346828e-99
PTPRC,MCPcounter,Myeloid dendritic cells,514,0.546649188418875,2.18240302668684e-41,0.525540050670095,7.72382399052399e-38,0.255196291279825,4.38254135803019e-09,2.12784295101967e-40,7.90109208210979e-37
PTPRC,MCPcounter,Neutrophils,514,0.202905322380069,3.52979284913901e-06,0.173132934752915,7.96427096279538e-05,-0.164848437075475,0.000174044301853246,8.06809794088917e-06,0.000167895441918389
PTPRC,MCPcounter,Endothelial cells,514,0.33977360105861,2.35003845812716e-15,0.107219073905486,0.0150190080259284,0.141026231959547,0.00134811223870474,9.90827025588749e-15,0.0225827976100707
PTPRC,MCPcounter,Fibroblasts,514,0.348132029388359,4.32308432929255e-16,-0.0609528082407592,0.167643760172464,0.215853826252739,7.80479850322714e-07,1.91319476700607e-15,0.206330781750725
PTPRC,EPIC,Bcells,514,0.507590929205608,5.19069145435104e-35,0.493824947413752,5.92450684175053e-33,-0.00463674234652698,0.916481464067005,4.49859926043756e-34,5.3578148829744e-32
PTPRC,EPIC,CAFs,514,0.221605342022,3.87201822742191e-07,-0.326799632752232,2.94530571884656e-14,0.227208656442832,1.92034978063222e-07,9.51235973980816e-07,1.23347031446997e-13
PTPRC,EPIC,CD4_Tcells,514,0.391615080363688,2.75590877106401e-20,0.446541254478292,1.47373225843011e-26,0.167290844888919,0.000138743916826272,1.43307256095328e-19,1.05702175777056e-25
PTPRC,EPIC,CD8_Tcells,514,0.109242406679344,0.0132088845042215,0.473185711135532,4.86890731938849e-30,-0.085935725275277,0.0515158510907381,0.0187325998423504,3.89512585551079e-29
PTPRC,EPIC,Endothelial,514,0.331364523023068,1.22660428544259e-14,0.136866793480121,0.00187038028472381,0.138953270749565,0.0015888203039467,4.90641714177035e-14,0.00325102311328038
PTPRC,EPIC,Macrophages,514,0.682163489659997,1.25506912457301e-71,0.650385703825395,3.92178584124308e-63,0.340463684059387,2.04740840441562e-15,2.0609556150883e-70,6.79776212482133e-62
PTPRC,EPIC,NKcells,514,0.0858246563429775,0.0518193371695888,-0.179630818062183,4.20421692553439e-05,-0.010672343077926,0.809263288484669,0.0670856149249448,9.04631503977054e-05
PTPRC,EPIC,otherCells,514,-0.467908042890237,2.52039122784695e-29,-0.0251207783866125,0.569878446984963,-0.332396615080732,1.00416673749823e-14,1.82874898392616e-28,0.618179550056462
PTPRC,CIBERSORT,B cells naive,514,-0.132604466897546,0.00259237961900553,-0.120675539646777,0.00615776936438516,-0.103740066031173,0.0186439567513088,0.00415847013434307,0.00977722158619933
PTPRC,CIBERSORT,B cells memory,514,0.387601816240959,7.15374317743959e-20,0.342499031285714,1.36065838823691e-15,0.0671901454104889,0.128180352491127,3.65896372354287e-19,6.06464881614165e-15
PTPRC,CIBERSORT,Plasma cells,514,-0.303851357793837,1.93456874947551e-12,-0.285622314818979,4.17664023291117e-11,-0.219829275863167,4.81753912722951e-07,6.82017457442214e-12,1.44790194740921e-10
PTPRC,CIBERSORT,T cells CD8,514,0.194631206979323,8.81278986506024e-06,0.25782642369044,2.99863307746307e-09,-0.294272894878804,9.98814954658702e-12,1.93633129429493e-05,9.45023757745938e-09
PTPRC,CIBERSORT,T cells CD4 memory resting,514,0.130452455334855,0.00304624439340478,0.146102858401737,0.000893235287592697,0.180414894910283,3.88629688107987e-05,0.00483678499105492,0.00164904976170959
PTPRC,CIBERSORT,T cells CD4 memory activated,514,0.330709464506077,1.39215641839957e-14,0.303926476986911,1.90936309135336e-12,0.091634181749877,0.0378196768191046,5.49813674102109e-14,7.44651605627811e-12
PTPRC,CIBERSORT,T cells follicular helper,514,-0.114299567817832,0.00949917993571245,-0.0260701261909643,0.555383825207808,-0.389481163630157,4.58401922633341e-20,0.0139142917368182,0.606929130098035
PTPRC,CIBERSORT,T cells regulatory (Tregs),514,-0.0749815341082512,0.089469748729619,-0.107762060833866,0.0145130169248341,-0.136420920602395,0.00193618550584276,0.110552719222341,0.0219276575329212
PTPRC,CIBERSORT,T cells gamma delta,514,0.133527967379955,0.00241724336218951,0.205276561281711,2.69654012417818e-06,0.100512241701772,0.0226672931284598,0.00388752540723261,6.46476800008498e-06
PTPRC,CIBERSORT,NK cells resting,514,0.0921703051320777,0.0367071545728127,0.0239552650614081,0.587915692314923,-0.0939493711964794,0.0332124369122981,0.0485281026555829,0.633608621769451
PTPRC,CIBERSORT,NK cells activated,514,-0.259765103605519,2.26082428937754e-09,-0.168607744558361,0.000122620526375107,-0.270632688879464,4.44617550466867e-10,6.78247286813261e-09,0.000250869535928087
PTPRC,CIBERSORT,Monocytes,514,0.0625939667265063,0.156471762129171,0.131120379426157,0.00289818695981675,0.15636196511912,0.000373333994559238,0.187046704154411,0.00488775314304231
PTPRC,CIBERSORT,Macrophages M0,514,-0.0940908079308386,0.0329472138175975,-0.227236325880674,1.91362470242618e-07,0.0277987664702512,0.529461174113909,0.0436498119366896,5.10299920646982e-07
PTPRC,CIBERSORT,Macrophages M1,514,0.362741635903027,1.98029038846427e-17,0.389968841306522,4.08212398902744e-20,-0.00119888196574907,0.978368513964756,9.22165076419183e-17,2.35856052699363e-19
PTPRC,CIBERSORT,Macrophages M2,514,0.167902212831092,0.000131025698976729,0.140662808664314,0.00138772496119034,0.256647055374407,3.55671784831634e-09,0.000248968352351056,0.00246706659767171
PTPRC,CIBERSORT,Dendritic cells resting,514,0.144126943279198,0.00105008508292589,0.203767759270105,3.2016592884423e-06,0.180244047413929,3.9535684830827e-05,0.00179521394998837,7.56755831813634e-06
PTPRC,CIBERSORT,Dendritic cells activated,514,-0.254245791558053,5.02148236094562e-09,-0.238300452803763,4.53948671716037e-08,-0.0810439643689358,0.06636633296758,1.4573976712698e-08,1.29344279064295e-07
PTPRC,CIBERSORT,Mast cells resting,514,0.0456136447745559,0.302000725489006,0.0768552838546915,0.0817251224297032,0.148932488446504,0.000706043891120869,0.338936066016439,0.108503141268372
PTPRC,CIBERSORT,Mast cells activated,514,-0.0902994563710322,0.0407142494673665,-0.0837227839626276,0.0578494686101018,-0.0245904866331893,0.578052479133213,0.0535985056279255,0.0788167432591781
PTPRC,CIBERSORT,Eosinophils,514,-0.0585758060994826,0.184869232349993,-0.00480724951647835,0.913422065724697,0.00404347904441297,0.927135672173432,0.215484833126261,0.920800273040728
PTPRC,CIBERSORT,Neutrophils,514,0.0336200284781274,0.44690912250863,0.000599928375924266,0.989174471636478,0.0890312164240486,0.0436359524783805,0.482476284507586,0.989174471636478
MS4A1,MCPcounter,T cells,514,0.739139770061506,6.36372770656165e-90,0.718159009886953,1.16779108278187e-82,0.281365916716002,8.29515702343362e-11,1.32365536296482e-88,2.91480654262354e-81
MS4A1,MCPcounter,CD8 T cells,514,0.491123342821153,1.46408046398291e-32,0.474764435363808,2.9608334272418e-30,-0.13050897446576,0.00303345456395893,1.20208711779649e-31,2.46341341146518e-29
MS4A1,MCPcounter,Cytotoxic lymphocytes,514,0.488023403832423,4.09371079281938e-32,0.453451398511,1.97177831242582e-27,-0.312908665622466,3.87214302891148e-13,3.2749686342555e-31,1.48239718910086e-26
MS4A1,MCPcounter,B lineage,514,0.948962990656419,9.5079269635817e-259,0.947185077434226,4.83631585682165e-255,0.895258524667667,6.73666270302446e-182,8.47563775039283e-257,1.50893054732836e-252
MS4A1,MCPcounter,NK cells,514,0.428536113051273,2.25273921566253e-24,0.38789973875282,6.66769310622271e-20,-0.251297382630865,7.63229932832204e-09,1.39179135700338e-23,3.78240045298452e-19
MS4A1,MCPcounter,Monocytic lineage,514,0.396737172898121,8.00240240821136e-21,0.329315406182182,1.82079945412466e-14,-0.341867589792144,1.54504814177301e-15,4.23177890061346e-20,7.72910788689651e-14
MS4A1,MCPcounter,Myeloid dendritic cells,514,0.403170818582463,1.64159623428546e-21,0.373132391051158,2.00236876455261e-18,0.065698106937325,0.136893329300272,9.14603616244757e-21,1.04998160426961e-17
MS4A1,MCPcounter,Neutrophils,514,0.192385138947933,1.12235928098836e-05,0.171585617947318,9.24197547029763e-05,-0.0586925547483218,0.183993803270498,2.43177844214145e-05,0.000192233089782191
MS4A1,MCPcounter,Endothelial cells,514,0.300232442398398,3.62274303444648e-12,0.19914271078728,5.37653239766716e-06,0.111001665400856,0.0117942509751923,1.24616406961596e-11,1.24257637634974e-05
MS4A1,MCPcounter,Fibroblasts,514,0.167344516869383,0.000138049604779995,-0.064688148428511,0.143044983329874,-0.0570553192034063,0.19655237714008,0.000259956771601383,0.178877894985654
MS4A1,EPIC,Bcells,514,0.789325774124785,1.52173166205445e-110,0.783417667993083,7.81355470048138e-108,0.655565226381549,1.90109796332925e-64,4.99768714274726e-109,3.6255482724228e-106
MS4A1,EPIC,CAFs,514,0.0356916249226866,0.419394408621815,-0.312186074913516,4.41137228747531e-13,-0.0837343918318192,0.057814634440584,0.455927022613262,1.77593310153845e-12
MS4A1,EPIC,CD4_Tcells,514,0.348434187350434,4.0625401138074e-16,0.361677412120989,2.49244561627143e-17,0.135025893955245,0.00215600195992963,1.8107321650113e-15,1.2343540194868e-16
MS4A1,EPIC,CD8_Tcells,514,0.138681879578289,0.00162310033991193,0.329325722145257,1.8171955370984e-14,0.0209396884656464,0.635762566158076,0.00270083896561345,7.72910788689651e-14
MS4A1,EPIC,Endothelial,514,0.318102858630969,1.5009654341242e-13,0.232285621119177,1.00132064348069e-07,0.147516347878936,0.000794640523221646,5.54202621830474e-13,2.77699591791979e-07
MS4A1,EPIC,Macrophages,514,0.303030466376654,2.23212495984156e-12,0.250802048270979,8.18421030743962e-09,-0.292500024745528,1.3444702065259e-11,7.82497738730973e-12,2.46712426659049e-08
MS4A1,EPIC,NKcells,514,-0.0479268838595936,0.278118566433476,-0.198926192166156,5.5069899583693e-06,-0.179650734435211,4.19584543220567e-05,0.314394901185668,1.26336828456708e-05
MS4A1,EPIC,otherCells,514,-0.251376321375998,7.54774586433224e-09,-0.00666418190598949,0.880195581901096,0.0181138584170554,0.682023564340187,2.15059060243987e-08,0.891626693354357
MS4A1,CIBERSORT,B cells naive,514,0.144952226210984,0.000981714912564699,0.164516062185082,0.000179452997292189,0.310549061387668,5.91942906929882e-13,0.00168293985011091,0.000358626946363067
MS4A1,CIBERSORT,B cells memory,514,0.629401847383279,4.62741848636594e-58,0.611555474812161,4.81133906639522e-54,0.529256242756157,1.91019973245563e-38,5.89287578671908e-57,6.82335358506958e-53
MS4A1,CIBERSORT,Plasma cells,514,-0.0294194668475027,0.505727136766191,-0.000954339931303351,0.982780027234589,0.202827769633224,3.56082589424356e-06,0.538432133462194,0.984357523265463
MS4A1,CIBERSORT,T cells CD8,514,0.259509799447593,2.34680390764938e-09,0.286955508684088,3.36081753984743e-11,-0.0176025581586785,0.690529321963241,6.94031108233752e-09,1.19156258230954e-10
MS4A1,CIBERSORT,T cells CD4 memory resting,514,0.0327751800544483,0.458417696787421,0.0331240945289531,0.453644794154686,-0.00414349628808324,0.925338531624773,0.494046015190588,0.514680639186407
MS4A1,CIBERSORT,T cells CD4 memory activated,514,0.165517744463286,0.000163613333671749,0.136414716278381,0.00193711595547712,-0.112969404623594,0.010372190209249,0.000302055385240151,0.0033391170061263
MS4A1,CIBERSORT,T cells follicular helper,514,0.268819465991744,5.86204082364778e-10,0.335139910152831,5.87800655119202e-15,0.302000727949112,2.66921969737882e-12,1.82895673697811e-09,2.54713617218321e-14
MS4A1,CIBERSORT,T cells regulatory (Tregs),514,-0.0199376933290258,0.652016143649794,-0.031822902743643,0.471585999226766,-0.0183389629302972,0.678291484385743,0.681504310950539,0.531172677829426
MS4A1,CIBERSORT,T cells gamma delta,514,0.0890107107800983,0.0436846061116532,0.118636483417682,0.00708883508001045,0.0271457716306658,0.53918095772989,0.0571471576806533,0.0111985647846241
MS4A1,CIBERSORT,NK cells resting,514,0.0851875642157321,0.0535890837701574,0.0490398886650431,0.267097233221769,-0.0416811718621914,0.345636538329502,0.0690900584144178,0.318678152065743
MS4A1,CIBERSORT,NK cells activated,514,-0.281711264458488,7.84936739216953e-11,-0.234260246337903,7.74114457895732e-08,-0.255276996231348,4.3320796122112e-09,2.52474497562567e-10,2.18573493994089e-07
MS4A1,CIBERSORT,Monocytes,514,-0.0708899537817471,0.108429206082746,-0.0443519372364021,0.315584103264285,-0.0868709354571607,0.0490188304223046,0.132148094913346,0.372257997045206
MS4A1,CIBERSORT,Macrophages M0,514,-0.129321607815526,0.00331267210010682,-0.194858310909947,8.59859252882097e-06,-0.0589229144525267,0.182275456457836,0.0052068196233417,1.93004379064183e-05
MS4A1,CIBERSORT,Macrophages M1,514,0.26345373936611,1.31254898726705e-09,0.262204292546728,1.57948586746686e-09,-0.0594793187584931,0.178174004391499,4.05460677254772e-09,5.10673150932292e-09
MS4A1,CIBERSORT,Macrophages M2,514,-0.116329358694185,0.00829265537249461,-0.145338269924708,0.000951165398214146,-0.22118893524904,4.07619720627203e-07,0.0122331370033963,0.00175081772414639
MS4A1,CIBERSORT,Dendritic cells resting,514,0.0160779558265412,0.716120487883509,0.0363876970517332,0.410377033089512,-0.0450477289400576,0.308044579097797,0.741060007362039,0.469862878252946
MS4A1,CIBERSORT,Dendritic cells activated,514,-0.183994071284724,2.70278448730325e-05,-0.16609881946806,0.000155035935925554,-0.00752718469114454,0.864821383915129,5.54782078972773e-05,0.000313082278373934
MS4A1,CIBERSORT,Mast cells resting,514,-0.0574279730325059,0.193640281710121,-0.0470459672452476,0.287057609732289,-0.0513432978848082,0.245249450534156,0.224593932689805,0.341839596322421
MS4A1,CIBERSORT,Mast cells activated,514,-0.0371825604729225,0.400221611641578,-0.0293575483701332,0.506623518703635,0.040383934171788,0.360868819043633,0.435843430478787,0.562514369521474
MS4A1,CIBERSORT,Eosinophils,514,-0.108680137193567,0.0136915290757968,-0.0826747062835366,0.0610670974779273,-0.0851006901016215,0.0538342610685466,0.0193730479439846,0.0828388452744058
MS4A1,CIBERSORT,Neutrophils,514,-0.183081932198985,2.9668388709768e-05,-0.208044254434342,1.96143727312962e-06,-0.253943503216914,5.24299308235751e-09,6.06986050980172e-05,4.79975238601131e-06
CD79A,MCPcounter,T cells,514,0.658153955362736,4.09498069613792e-65,0.61183693820021,4.1772987964247e-54,0.283913044077022,5.50939809838328e-11,5.9424836148606e-64,6.0619405789977e-53
CD79A,MCPcounter,CD8 T cells,514,0.486133427639352,7.6232505190024e-32,0.469567830376103,1.50746414609309e-29,0.0271477555075056,0.539151293412048,6.02140294159177e-31,1.1907058571672e-28
CD79A,MCPcounter,Cytotoxic lymphocytes,514,0.444565081093721,2.59768903354559e-26,0.393884801003358,1.59751420410187e-20,-0.177860426331117,5.0148790343803e-05,1.7062715336131e-25,9.58508522461122e-20
CD79A,MCPcounter,B lineage,514,0.856303767884189,4.94688245190307e-149,0.838754917362472,2.86910287232584e-137,0.752005142542959,9.83120366540507e-95,2.5723788749896e-147,1.98924465814592e-135
CD79A,MCPcounter,NK cells,514,0.433335126461368,6.07073645863235e-25,0.378036343808609,6.59485796320124e-19,-0.0643814216451575,0.144954520870033,3.82640358604705e-24,3.57842727742398e-18
CD79A,MCPcounter,Monocytic lineage,514,0.319983572443459,1.06013039262307e-13,0.200058774930505,4.85651419115561e-06,-0.299795095016892,3.90577447383631e-12,3.98506846383612e-13,1.13077046838847e-05
CD79A,MCPcounter,Myeloid dendritic cells,514,0.209704868216581,1.6170861710123e-06,0.154915309202779,0.000423604291809522,-0.152230569910741,0.000533975370606271,3.75115899892817e-06,0.000810825392911477
CD79A,MCPcounter,Neutrophils,514,0.146060326952552,0.000896370096675142,0.116431773438068,0.00823557387523427,-0.070342247281769,0.11119161811041,0.00154940426682905,0.0127835773585726
CD79A,MCPcounter,Endothelial cells,514,0.218581629834087,5.61060910859741e-07,0.033766129812067,0.444935676602332,0.0310510440938531,0.482410213429454,1.36758597022062e-06,0.506642084306304
CD79A,MCPcounter,Fibroblasts,514,0.384330364782326,1.54183228001135e-19,0.190992067311262,1.30214597519066e-05,0.277160576856917,1.61546519547853e-10,7.82197839615517e-19,2.8711628569575e-05
CD79A,EPIC,Bcells,514,0.870944314516922,4.10547120238086e-160,0.879274647634672,4.83768345561464e-167,0.799129785479965,3.06461778196819e-115,2.56181403028565e-158,6.03742895260706e-165
CD79A,EPIC,CAFs,514,0.223793817291731,2.95072081611756e-07,-0.112637110131665,0.0106011004392925,0.185336836433812,2.35428302369764e-05,7.3356565309058e-07,0.0163335473435024
CD79A,EPIC,CD4_Tcells,514,0.133841547781545,0.00236027593007189,0.14494082951267,0.000982630403959429,-0.124516779983106,0.00469675904897249,0.00380571622833296,0.00179286950897861
CD79A,EPIC,CD8_Tcells,514,-0.0675631629151854,0.126070707466043,0.142568382760574,0.00119132268161545,-0.22622251857652,2.17547428454884e-07,0.151868960345195,0.00214135754839944
CD79A,EPIC,Endothelial,514,0.192428186770269,1.11719891576049e-05,0.0322099688250376,0.466208631712419,0.0031740821437301,0.942771895575111,2.42903178897055e-05,0.526065436145659
CD79A,EPIC,Macrophages,514,0.244054897022244,2.08731136196887e-08,0.164489728217882,0.000179888195851987,-0.248328921393298,1.15718135145597e-08,5.66296647768946e-08,0.000358626946363067
CD79A,EPIC,NKcells,514,0.106863594684206,0.0153585998066358,-0.0714524496321517,0.105648853503257,0.0541233729038004,0.220585659719157,0.0214882652003156,0.136773619473096
CD79A,EPIC,otherCells,514,-0.344514130724909,9.05256306737068e-16,0.00282446739538892,0.949066310641186,-0.162490800952761,0.000215967456652762,3.8957236924409e-15,0.955189319096936
CD79A,CIBERSORT,B cells naive,514,0.0469909153215179,0.287622594241908,0.0706517108598743,0.109624080166276,0.13557640621417,0.00206666653615819,0.323381078931443,0.141626140835935
CD79A,CIBERSORT,B cells memory,514,0.533684420438606,3.53338124021794e-39,0.506999398442812,6.39104588389508e-35,0.390692162858974,3.43587353633537e-20,3.24239690278823e-38,6.2312697367977e-34
CD79A,CIBERSORT,Plasma cells,514,0.307543594526661,1.01085279637312e-12,0.37160436969423,2.81945567644874e-18,0.590174892166203,1.47798366743066e-49,3.60441225678188e-12,1.45400028273059e-17
CD79A,CIBERSORT,T cells CD8,514,0.281999290108193,7.49551112240877e-11,0.326812476046373,2.93811637486144e-14,0.0679714609213384,0.123792547580593,2.42341914009486e-10,1.23347031446997e-13
CD79A,CIBERSORT,T cells CD4 memory resting,514,-0.0614219688581738,0.164390714708665,-0.0664712226301219,0.132323383664251,-0.117686848167737,0.00756398782504699,0.195390106625156,0.166807659407056
CD79A,CIBERSORT,T cells CD4 memory activated,514,0.243589660200454,2.22426277387953e-08,0.210765470147082,1.42833601979148e-06,0.0516643407403907,0.242306596182909,6.00839814242783e-08,3.53683204900746e-06
CD79A,CIBERSORT,T cells follicular helper,514,0.147232891027898,0.00081356609498279,0.233283716593373,8.79434293328116e-08,0.121268917959909,0.00590827207168677,0.00141676197681314,2.44985267427118e-07
CD79A,CIBERSORT,T cells regulatory (Tregs),514,0.0861962098730054,0.0508099144413632,0.0760703907892175,0.0849005793961669,0.118091223507486,0.00735828234617339,0.0659155646806874,0.111767851356979
CD79A,CIBERSORT,T cells gamma delta,514,0.00116968030814947,0.978895276838474,0.0382812429135244,0.386435164527741,-0.0760899692154656,0.0848201778565557,0.980466537314941,0.445721890324048
CD79A,CIBERSORT,NK cells resting,514,0.111739568744405,0.0112419412540116,0.0638929579034891,0.148035576060067,0.0183000844946131,0.678935503734927,0.0162008576039336,0.184379639643677
CD79A,CIBERSORT,NK cells activated,514,-0.304277044288557,1.79591722675372e-12,-0.241089311632084,3.12283618072916e-08,-0.273605743127694,2.81309650278212e-10,6.36734289485408e-12,9.04496627116219e-08
CD79A,CIBERSORT,Monocytes,514,-0.200590501570438,4.57708123159934e-06,-0.173551281915533,7.64855618453358e-05,-0.244175837654785,2.05306903972796e-08,1.03858134127927e-05,0.000162336702692141
CD79A,CIBERSORT,Macrophages M0,514,-0.00776550019209025,0.860584567032501,-0.0903727105460964,0.040550665593812,0.0883977708103773,0.0451601556611895,0.877635051148709,0.0568620569225589
CD79A,CIBERSORT,Macrophages M1,514,0.255140834837004,4.41754629297724e-09,0.257576266375024,3.10940473862446e-09,-0.00460373916352862,0.917073781810616,1.28810695645691e-08,9.75009325076213e-09
CD79A,CIBERSORT,Macrophages M2,514,-0.238000869803312,4.72431407297561e-08,-0.289432602236713,2.23745210955224e-11,-0.343961705669939,1.01254999681874e-15,1.25445616235608e-07,8.11726811837558e-11
CD79A,CIBERSORT,Dendritic cells resting,514,-0.0897564389438797,0.0419443359990528,-0.0680085219796918,0.123587356094498,-0.166656192172976,0.000147206485353577,0.0551016119229662,0.157559216252917
CD79A,CIBERSORT,Dendritic cells activated,514,-0.272614587901252,3.27891221301763e-10,-0.25658037009161,3.59111807416354e-09,-0.156657511098354,0.000363773368287825,1.03335415198131e-09,1.11485456630749e-08
CD79A,CIBERSORT,Mast cells resting,514,-0.229871457749079,1.36731474736807e-07,-0.227681754550351,1.80843668667977e-07,-0.26953926356179,5.25405599487981e-10,3.51112922780937e-07,4.86407108831111e-07
CD79A,CIBERSORT,Mast cells activated,514,-0.0247397288955549,0.575746473074934,-0.0135361365642969,0.759488676982255,0.0398094902674065,0.367746099806408,0.609958912052222,0.787244077137753
CD79A,CIBERSORT,Eosinophils,514,-0.103411360369102,0.0190230016035981,-0.0679837670116091,0.123724384557579,-0.0772632051014942,0.0801131272648976,0.0261461519838001,0.157559216252917
CD79A,CIBERSORT,Neutrophils,514,-0.118653794925512,0.00708042694658664,-0.152727131434546,0.000511734250707598,-0.142856118036043,0.00116399792375045,0.0105445976483772,0.000967642946792549
EPCAM,MCPcounter,T cells,514,-0.329814354468153,1.65427436555042e-14,-0.229949436623743,1.35369729889466e-07,0.0600272282289714,0.174202488866745,6.49224656668845e-14,3.68867735594003e-07
EPCAM,MCPcounter,CD8 T cells,514,-0.190452566841228,1.37887508911948e-05,-0.148351392406138,0.000741229027739774,0.173578923813265,7.62811675843872e-05,2.94663717674847e-05,0.00137656819437387
EPCAM,MCPcounter,Cytotoxic lymphocytes,514,-0.319427363088481,1.17525047583093e-13,-0.250882946836654,8.09150063718626e-09,0.0106133121223707,0.810298187525862,4.36521605308631e-13,2.45101766873991e-08
EPCAM,MCPcounter,B lineage,514,-0.21903081740001,5.31161311218579e-07,-0.112535022525633,0.0106723202608426,0.0872447841522423,0.0480493907495725,1.29978297333488e-06,0.0164027779378468
EPCAM,MCPcounter,NK cells,514,-0.300213388136632,3.63464520304655e-12,-0.224955130603361,2.55162791187111e-07,-0.0150318156857633,0.733868326780527,1.24616406961596e-11,6.74667719071006e-07
EPCAM,MCPcounter,Monocytic lineage,514,-0.400525672995778,3.16179134252385e-21,-0.283296908221338,6.08498756680803e-11,-0.176490639960315,5.74121968147591e-05,1.7156154762912e-20,2.09780786833603e-10
EPCAM,MCPcounter,Myeloid dendritic cells,514,-0.26706060107185,7.64993715362474e-10,-0.213452621541256,1.03996712600784e-06,-0.0903826981031556,0.0405284054789203,2.37490586261783e-09,2.60618267722447e-06
EPCAM,MCPcounter,Neutrophils,514,-0.129341914191245,0.00330770700275747,-0.0961883992964014,0.0292211126566924,-0.00651018409445768,0.882943930876055,0.0052068196233417,0.041734970468292
EPCAM,MCPcounter,Endothelial cells,514,-0.269425105968903,5.34621026743896e-10,-0.0782939075926403,0.0761546383934708,-0.168569688255452,0.000123060653865796,1.6763996014482e-09,0.101323015687688
EPCAM,MCPcounter,Fibroblasts,514,-0.227903013966253,1.75828026876694e-07,0.140596342824224,0.00139508440321779,-0.133500597913228,0.0024222745751853,4.46002799882347e-07,0.0024721300724918
EPCAM,EPIC,Bcells,514,-0.147339809449178,0.00080637901896204,-0.0935612570827135,0.033949607227009,0.105022541349006,0.0172273715343122,0.00141122804452705,0.0480375394776725
EPCAM,EPIC,CAFs,514,-0.158164853670588,0.00031846389373627,0.286370940664447,3.69734768070854e-11,-0.11853306334134,0.00713925228022686,0.000576004259975166,1.29614884986636e-10
EPCAM,EPIC,CD4_Tcells,514,-0.212399783287035,1.17822176984199e-06,-0.231716356310627,1.07797792367614e-07,-0.0840419378087801,0.05689802958909,2.79547674669734e-06,2.97636382466333e-07
EPCAM,EPIC,CD8_Tcells,514,0.00101773089222843,0.981636404952071,-0.249030786737042,1.04923954597281e-08,0.0745706501462282,0.0912444293798054,0.981636404952071,3.14771863791843e-08
EPCAM,EPIC,Endothelial,514,-0.252522345763226,6.41789752493139e-09,-0.0886115938992654,0.0446407239286469,-0.152670542465616,0.000514224700361592,1.83704956676935e-08,0.0622233421635017
EPCAM,EPIC,Macrophages,514,-0.361784200578441,2.435670413463e-17,-0.289298819711923,2.28739236983442e-11,-0.162469559529902,0.00021638491437993,1.12582099111179e-16,8.25047883685941e-11
EPCAM,EPIC,NKcells,514,-0.14556052565001,0.000933977916312848,0.0426793385512177,0.334198411293446,-0.114760621613533,0.00921219748942022,0.00160879264536415,0.391256676636229
EPCAM,EPIC,otherCells,514,0.374825065076193,1.36767814633047e-18,0.0165730246255978,0.70777394387133,0.272369148446672,3.40538948927239e-10,6.66743096336104e-18,0.741025068751191
EPCAM,CIBERSORT,B cells naive,514,0.143491203160948,0.00110571905415346,0.132411811986149,0.00263034298794689,0.116490940796585,0.00820275658235386,0.00188516035462229,0.00446014680564908
EPCAM,CIBERSORT,B cells memory,514,-0.209846657967531,1.59053433160705e-06,-0.15088583441108,0.000598796057495038,-0.0607336406927832,0.169179833287922,3.70333366762238e-06,0.00112206828791863
EPCAM,CIBERSORT,Plasma cells,514,0.21626493440296,7.42806401409709e-07,0.188647304491703,1.66810417751419e-05,0.142121266669481,0.00123495754428992,1.7827353633833e-06,3.63755024184749e-05
EPCAM,CIBERSORT,T cells CD8,514,-0.0855650283432195,0.0525345693551936,-0.120820573085689,0.00609592901735195,0.069642710636617,0.114800001151898,0.067870747986834,0.00970372374190719
EPCAM,CIBERSORT,T cells CD4 memory resting,514,0.0395779170869181,0.37054137562198,0.0438401262947791,0.321206525908872,0.0637336433875456,0.149051190000449,0.404934883341708,0.37817523050403
EPCAM,CIBERSORT,T cells CD4 memory activated,514,-0.0628977025786618,0.154467329242626,-0.0120677963091655,0.784899568808052,0.0749578095968966,0.0895714595256241,0.185005016213816,0.806881929054736
EPCAM,CIBERSORT,T cells follicular helper,514,0.131187043525519,0.0028837750352825,0.0634950751035496,0.150581943360944,0.178584600697398,4.66687743774543e-05,0.00460223944249688,0.187177555094082
EPCAM,CIBERSORT,T cells regulatory (Tregs),514,0.0519317969355889,0.239873926979261,0.0735099074925334,0.09595660171492,0.0521103533281732,0.23825943930595,0.274141630833441,0.125528133061027
EPCAM,CIBERSORT,T cells gamma delta,514,-0.0530311163529042,0.230055430758038,-0.0982864254471112,0.0258618613590041,-0.0167014450871099,0.705614515204634,0.264373091699845,0.0374426948677925
EPCAM,CIBERSORT,NK cells resting,514,-0.139008040491345,0.00158198332188694,-0.0894211360382544,0.0427194408985182,-0.0858473131642205,0.0517573086026127,0.00263945880443168,0.0597689038580165
EPCAM,CIBERSORT,NK cells activated,514,0.118478679191991,0.00716589306351165,0.02901972684001,0.511528724940566,0.0667432421283708,0.130743782038673,0.0106464696943602,0.566951908282261
EPCAM,CIBERSORT,Monocytes,514,-0.0181439496222841,0.681524220830126,-0.0653942957941696,0.138722052793154,-0.0260688486817442,0.555403208924891,0.708785189663331,0.174521292223645
EPCAM,CIBERSORT,Macrophages M0,514,-0.059160666122491,0.180514443493418,0.0248432603590981,0.574149313191201,-0.116809442359132,0.00802809573490712,0.211333982626441,0.620917108199843
EPCAM,CIBERSORT,Macrophages M1,514,-0.147916253719942,0.000768632161199406,-0.143793302445,0.00107895179032828,0.0158119409043772,0.72061941388252,0.00135106047489698,0.0019571683638513
EPCAM,CIBERSORT,Macrophages M2,514,-0.105597069231947,0.0166239133544775,-0.0760989805561093,0.0847831921705302,-0.0937239373050645,0.0336389373940562,0.0231031668890734,0.111767851356979
EPCAM,CIBERSORT,Dendritic cells resting,514,-0.0707808458863689,0.108975139908866,-0.107278196416335,0.0149631721276673,-0.0495251349141947,0.262387193093297,0.132554556146457,0.0225531869750347
EPCAM,CIBERSORT,Dendritic cells activated,514,0.194034595676392,9.39998231527388e-06,0.171536785897683,9.28528146539553e-05,0.109885348149195,0.012675427234297,2.05810139113365e-05,0.000192492213767668
EPCAM,CIBERSORT,Mast cells resting,514,-0.101998185224758,0.0207301343082066,-0.12937546213455,0.003299519023226,-0.123530318658175,0.00503858560718645,0.0283054787928248,0.00547579752790698
EPCAM,CIBERSORT,Mast cells activated,514,0.104392716485477,0.0179108429611397,0.0985326640698801,0.0254903344418594,0.0758212918159707,0.085928914180551,0.0247264734684761,0.0369906248644657
EPCAM,CIBERSORT,Eosinophils,514,0.0620397694397375,0.160179647756087,0.0200875781890857,0.649574076100436,0.0382648734377442,0.386638426635658,0.190748282824043,0.687085213760417
EPCAM,CIBERSORT,Neutrophils,514,-0.028318381869309,0.521790714824005,-0.0019574459451738,0.964688892668463,-0.0353335012359253,0.424078681213927,0.553737085119353,0.969349225483286
KRT18,MCPcounter,T cells,514,-0.22464523515717,2.65272136594972e-07,-0.189129571166919,1.58564818152265e-05,-0.105344893416526,0.0168864701426927,6.64778366406677e-07,3.48395938475399e-05
KRT18,MCPcounter,CD8 T cells,514,-0.0585456376674416,0.185095946403327,-0.0388180235959563,0.379805960618255,0.146110680453702,0.000892659862231643,0.215484833126261,0.439522146391511
KRT18,MCPcounter,Cytotoxic lymphocytes,514,-0.0737611869373532,0.0948231428712047,-0.0398260048864664,0.367547256458461,0.174476372880697,6.9918128310491e-05,0.11647567155833,0.427890835877014
KRT18,MCPcounter,B lineage,514,-0.195571916345386,7.95735927940695e-06,-0.160181232496238,0.000266055090479831,-0.0777512663491668,0.0782183916803249,1.77335435369641e-05,0.000522070366224574
KRT18,MCPcounter,NK cells,514,-0.0528601908486141,0.231563039706515,-0.0161931008296252,0.714176152629651,0.14978976523877,0.000656953250772412,0.265352307842302,0.746475576617927
KRT18,MCPcounter,Monocytic lineage,514,-0.188402816932649,1.71144638832061e-05,-0.141985738042814,0.00124847182253718,-0.0574322585864984,0.193606977066524,3.59576614919887e-05,0.00222584690646628
KRT18,MCPcounter,Myeloid dendritic cells,514,-0.322547547181008,6.57314182230057e-14,-0.303816567994721,1.94635217503484e-12,-0.262206938658054,1.57886833227829e-09,2.48584272552458e-13,7.54362582125303e-12
KRT18,MCPcounter,Neutrophils,514,-0.0164351554377939,0.710094866380025,-0.00109129148464704,0.980309361924274,0.0508781609215638,0.249557352639568,0.737269877905384,0.983461482059079
KRT18,MCPcounter,Endothelial cells,514,-0.202491390445057,3.69847427140498e-06,-0.150377359975306,0.000625154493101991,-0.150176418397278,0.0006358645595245,8.42280272027996e-06,0.00116795330447797
KRT18,MCPcounter,Fibroblasts,514,-0.0317356253971162,0.472803205284524,0.143524073139685,0.00110277723231677,0.0264625818952986,0.54944472116895,0.507795525124858,0.00199458838540772
KRT18,EPIC,Bcells,514,-0.192035078796486,1.16517339149398e-05,-0.172789782691473,8.23236687991932e-05,-0.0949634447481504,0.0313505070460971,2.49851613846133e-05,0.000172962859699315
KRT18,EPIC,CAFs,514,0.031440919110702,0.476926014796428,0.263597462008974,1.28481390927061e-09,0.0587623126370684,0.183472192979325,0.511343356070397,4.17564520512948e-09
KRT18,EPIC,CD4_Tcells,514,-0.159864375018212,0.000273718366435221,-0.162414849164849,0.000217463618587137,-0.0959558195706773,0.0296155969143391,0.00049651238562668,0.00043215699999482
KRT18,EPIC,CD8_Tcells,514,-0.148078465305747,0.000758308968224176,-0.264428596656322,1.13525377190359e-09,-0.11782537373703,0.00749294822129552,0.00133668021517482,3.72841238772547e-09
KRT18,EPIC,Endothelial,514,-0.189350688926756,1.54915144826989e-05,-0.139706813156871,0.00149709306524662,-0.137514971554647,0.00177836583202088,3.27684916515394e-05,0.0026315100639828
KRT18,EPIC,Macrophages,514,-0.187741866542811,1.83403835263466e-05,-0.156085164681141,0.000382500134227901,-0.0805698737375428,0.0679759378382927,3.84040245652359e-05,0.000738947627734398
KRT18,EPIC,NKcells,514,0.122425674864693,0.00544785168047245,0.21944567601746,5.04912062946469e-07,0.146959190672412,0.000832235175854645,0.00823113667945474,1.30732417957924e-06
KRT18,EPIC,otherCells,514,0.141492376286377,0.00129882569768843,0.0433000940363733,0.327209263364157,0.0754770008392294,0.0873667160440315,0.00220235661781951,0.384517100450534
KRT18,CIBERSORT,B cells naive,514,0.0655236578450867,0.137941106218545,0.0583015411947656,0.186937864515859,0.047845390211592,0.278937497891201,0.165848266436169,0.229173334887811
KRT18,CIBERSORT,B cells memory,514,-0.178061778910412,4.91573369908973e-05,-0.155121477999488,0.000416074026960511,-0.107701204716873,0.0145689709402468,9.86307983354338e-05,0.000798862131764181
KRT18,CIBERSORT,Plasma cells,514,0.105557406871125,0.0166649700689807,0.0910112424457283,0.039148146235048,0.0627436094893592,0.155481785700197,0.0231087584956532,0.0550190163303377
KRT18,CIBERSORT,T cells CD8,514,0.0732813449322385,0.0969969567021236,0.0642020937495794,0.146079916946875,0.162877354987075,0.000208500984988099,0.118911789748772,0.182307736349699
KRT18,CIBERSORT,T cells CD4 memory resting,514,-0.137409258623654,0.00179308379420786,-0.138399838119017,0.00165944371747594,-0.130359482280597,0.00306739017364843,0.00295220128650582,0.00290868786433985
KRT18,CIBERSORT,T cells CD4 memory activated,514,0.0608096682588769,0.168645793174931,0.0819739532425917,0.0632998064991892,0.137090612226928,0.00183812554776875,0.199394123292204,0.0853111862969634
KRT18,CIBERSORT,T cells follicular helper,514,0.142356404073106,0.00121182989514637,0.118080055834162,0.00736389546310415,0.163122614027741,0.000203889774308837,0.00206044102063034,0.0116037140630732
KRT18,CIBERSORT,T cells regulatory (Tregs),514,0.0760373075027016,0.0850365801925241,0.0830477778607295,0.0599052159907936,0.0755532679754378,0.0870465574452856,0.105913824431407,0.0814397707587259
KRT18,CIBERSORT,T cells gamma delta,514,-0.113672042245602,0.00990254772495849,-0.129832264164864,0.00318984529502084,-0.0966469329957088,0.0284565741387809,0.0144037057817578,0.00533636317451208
KRT18,CIBERSORT,NK cells resting,514,0.0535428612469949,0.225583354110165,0.0767451839991246,0.0821646750199812,0.0877241070098689,0.0468299899079524,0.259712201041961,0.108855110854497
KRT18,CIBERSORT,NK cells activated,514,0.107519175787632,0.0147374705623153,0.0757123185053435,0.0863819236686936,0.0803225731618242,0.0688281797866005,0.0206655766986175,0.113478569198452
KRT18,CIBERSORT,Monocytes,514,-0.149880422829742,0.000651951235901561,-0.168523480152122,0.000123597054386128,-0.156074113325558,0.000382870413170887,0.00115902441938055,0.000251881536705712
KRT18,CIBERSORT,Macrophages M0,514,0.0621567881747263,0.159391263088612,0.096230131870776,0.0291508081284179,0.0386648305276031,0.381690738072487,0.190172367432685,0.041734970468292
KRT18,CIBERSORT,Macrophages M1,514,0.0227916221925349,0.606182182582253,0.0286541643232531,0.516864449284378,0.118708278752598,0.00705402259557321,0.640029918665526,0.570837905050357
KRT18,CIBERSORT,Macrophages M2,514,-0.0984662746984692,0.0255900471322519,-0.0863682371340822,0.0503481489531091,-0.090449051948352,0.0403807791566814,0.0345631805422623,0.0692009800588989
KRT18,CIBERSORT,Dendritic cells resting,514,-0.185417663474122,2.33472761310278e-05,-0.198698894820603,5.64719036185129e-06,-0.176344544740345,5.824298030652e-05,4.84009976935592e-05,1.29078636842315e-05
KRT18,CIBERSORT,Dendritic cells activated,514,0.108183834449122,0.0141303841899619,0.0960969592378074,0.0293756653278079,0.0619235190062529,0.160965763050307,0.0198589183210275,0.0418502629327675
KRT18,CIBERSORT,Mast cells resting,514,-0.19010902016501,1.42995559318173e-05,-0.199057222789293,5.42768452526059e-06,-0.200319191403706,4.71768391903674e-06,3.04536617797065e-05,1.24976942574266e-05
KRT18,CIBERSORT,Mast cells activated,514,0.112930335897966,0.0103988743287553,0.109149605205893,0.0132874955726945,0.0973589294316304,0.0273034882504861,0.0150904594910309,0.0201737159059888
KRT18,CIBERSORT,Eosinophils,514,0.0347413697695345,0.431890340452382,0.0186165241520374,0.673700525906966,0.0213907527804592,0.628501861197598,0.467881202156747,0.710116770550585
KRT18,CIBERSORT,Neutrophils,514,0.0606298628125407,0.1699108399385,0.0715333974457869,0.105253421219577,0.0596496158128787,0.176932477019053,0.200424128774337,0.136544978879451
COL1A1,MCPcounter,T cells,514,0.124801388079772,0.00462629108969206,-0.257420613200245,3.18032329042164e-09,0.122693411361347,0.00534599943935563,0.00706149691928791,9.92260866611552e-09
COL1A1,MCPcounter,CD8 T cells,514,0.0434851266556573,0.325144402917679,-0.116658519931757,0.00811044084664026,-0.0281376127710508,0.524452714106045,0.360373192576611,0.0126306622763637
COL1A1,MCPcounter,Cytotoxic lymphocytes,514,0.0695099003636508,0.115495331764911,-0.21684735000936,6.92411810450859e-07,0.00264536838845063,0.952292036944593,0.139668773297101,1.77804514288616e-06
COL1A1,MCPcounter,B lineage,514,0.0849010794291306,0.0544011437464105,-0.288738360272559,2.50869884251676e-11,0.0386859417832847,0.381430660961307,0.0698483820941566,8.99671309040492e-11
COL1A1,MCPcounter,NK cells,514,0.0740655187717403,0.0934647280750307,-0.22681274519572,2.01910693691543e-07,0.0198266584638659,0.65382763377488,0.115033511476961,5.36137331334139e-07
COL1A1,MCPcounter,Monocytic lineage,514,0.234211558764442,7.79063734163553e-08,-0.202946917594998,3.51325505619623e-06,0.26608258397585,8.86297426544582e-10,2.05120578108885e-07,8.2727213398734e-06
COL1A1,MCPcounter,Myeloid dendritic cells,514,-0.00190560518506294,0.96561219520554,-0.257839373775111,2.99300420968113e-09,-0.0496592423382052,0.261095630280405,0.968717057569545,9.45023757745938e-09
COL1A1,MCPcounter,Neutrophils,514,-0.187880547199285,1.8711502604312e-05,-0.447677500802042,1.06205454350199e-26,-0.226309435875761,2.15173616666827e-07,3.90500923916077e-05,7.70607017610743e-26
COL1A1,MCPcounter,Endothelial cells,514,0.182678565877975,3.09124532846317e-05,-0.505080615235968,1.25147202513829e-34,0.16606045414882,0.000155588984768186,6.28318268716943e-05,1.1832099146762e-33
COL1A1,MCPcounter,Fibroblasts,514,0.864433349880185,0,0.62465068115359,5.75739699343786e-57,0.880250909631861,6.90521476264001e-168,0,8.7624773753786e-56
COL1A1,EPIC,Bcells,514,-0.0431306377209441,0.328992374389897,-0.285649955135358,4.15791266906405e-11,-0.11171475541687,0.011260134941374,0.362705373885682,1.44790194740921e-10
COL1A1,EPIC,CAFs,514,0.985726584604006,0,0.964026108592942,8.73810161660458e-297,0.98669451346321,0,0,5.45257540876126e-294
COL1A1,EPIC,CD4_Tcells,514,-0.326578860105321,4.14948113501867e-14,-0.523087722197666,1.92370832010358e-37,-0.383012455656702,2.09572196000507e-19,1.60824610450413e-13,1.93611934152361e-36
COL1A1,EPIC,CD8_Tcells,514,-0.760287778239499,0,-0.6602790801634,1.14801143405491e-65,-0.788574610383962,3.40230620138984e-110,0,2.04674038528647e-64
COL1A1,EPIC,Endothelial,514,0.0758785571587665,0.0856905942913045,-0.564482084747944,1.37425996523545e-44,0.0537761200142498,0.223565599439703,0.106304037450843,1.50445301457355e-43
COL1A1,EPIC,Macrophages,514,0.130580723780034,0.00303716042645473,-0.150022625087226,0.000644176346847129,0.102533697512983,0.0200681660473991,0.00483466353598917,0.00119989862815704
COL1A1,EPIC,NKcells,514,0.647058891104709,0,0.496796501089742,2.16977325686601e-33,0.644217038373466,1.33602990477054e-61,0,1.99108604747705e-32
COL1A1,EPIC,otherCells,514,-0.788831339426728,0,0.0352352322821777,0.425369357217671,-0.817679845520136,6.98589965336108e-125,0,0.486136408248767
COL1A1,CIBERSORT,B cells naive,514,-0.123081640007392,0.00520135422171606,-0.12881245796732,0.00343939748255822,-0.116312467830699,0.00830210343018561,0.00787777920958938,0.00567773552676277
COL1A1,CIBERSORT,B cells memory,514,0.0489446420428397,0.268028508413372,-0.172260435416262,8.66266695686807e-05,0.0172297898880943,0.696755251420552,0.30409052590899,0.000180786093012899
COL1A1,CIBERSORT,Plasma cells,514,-0.0353376796013131,0.424023852729573,0.0885981769594296,0.0446731687327705,-0.0172505615762259,0.696407784216336,0.460158059310006,0.0622233421635017
COL1A1,CIBERSORT,T cells CD8,514,-0.108557963949484,0.0137984319958196,-0.0872184349119555,0.048117187669591,-0.150338688847517,0.000627202547561217,0.0194801392882159,0.0665745567756647
COL1A1,CIBERSORT,T cells CD4 memory resting,514,-0.0700531266466078,0.112672000650687,-0.117630174911639,0.00759322450800698,-0.0743907506228811,0.0920302776293991,0.136519084283551,0.0119349422997389
COL1A1,CIBERSORT,T cells CD4 memory activated,514,0.168770195909873,0.000120758335303346,0.09810837942768,0.0261333986015903,0.150854022381307,0.000600414408607134,0.000230437924248587,0.0377482424245194
COL1A1,CIBERSORT,T cells follicular helper,514,-0.147210300068888,0.000815092227044738,0.0122689033050535,0.781405023163201,-0.155156835566621,0.00041479519064902,0.00141676197681314,0.804615073356167
COL1A1,CIBERSORT,T cells regulatory (Tregs),514,0.189352123271389,1.54891732928132e-05,0.253000706611733,5.99645270758684e-09,0.190812078882086,1.32728126176607e-05,3.27684916515394e-05,1.83420906349715e-08
COL1A1,CIBERSORT,T cells gamma delta,514,-0.113975402994058,0.00970568839414117,-0.0568810537325602,0.197925093354506,-0.122865599869884,0.00528140474908494,0.0141834884260986,0.241221207525804
COL1A1,CIBERSORT,NK cells resting,514,0.138282495461623,0.00167478301910427,0.0299139686342347,0.498598305059467,0.127522466685555,0.00378040240437072,0.00277942713808794,0.554590628087535
COL1A1,CIBERSORT,NK cells activated,514,-0.145535689809694,0.000935884183120489,0.0821529282488901,0.0627232646683717,-0.135400493606604,0.0020948380544515,0.00160879264536415,0.0849009048873404
COL1A1,CIBERSORT,Monocytes,514,-0.174445445201767,7.01288182278923e-05,-0.140565634796675,0.00139849665959872,-0.173808449015877,7.46037551443807e-05,0.000138045370896545,0.0024721300724918
COL1A1,CIBERSORT,Macrophages M0,514,0.316712672677262,1.93782575586302e-13,0.241557348285588,2.93148631950986e-08,0.330295860523392,1.50777559743087e-14,6.9896142870435e-13,8.54788534286988e-08
COL1A1,CIBERSORT,Macrophages M1,514,0.00765501456406084,0.862548311100091,-0.0379396803977553,0.390689865137664,-0.0288148447002593,0.514515634222271,0.877635051148709,0.448969568776984
COL1A1,CIBERSORT,Macrophages M2,514,0.0123633034584244,0.779693419454341,-0.101417853841846,0.021468856355471,0.0083518918658301,0.850176851709293,0.804179659073568,0.0315956753910706
COL1A1,CIBERSORT,Dendritic cells resting,514,-0.108407751022683,0.0139308767187101,-0.0793984155399808,0.0720907979092286,-0.114315533174862,0.00948911095242,0.0196227247685669,0.0965336006338168
COL1A1,CIBERSORT,Dendritic cells activated,514,-0.0411806527085563,0.351464595889764,0.0555880993257178,0.208328809217343,-0.0218293973607838,0.621475266968036,0.385437447865049,0.252421702818684
COL1A1,CIBERSORT,Mast cells resting,514,-0.177232938275031,5.33611280025534e-05,-0.227639995049445,1.81805643649013e-07,-0.175420847165456,6.37642597112113e-05,0.000106042496412718,4.868958010171e-07
COL1A1,CIBERSORT,Mast cells activated,514,0.0100980523276504,0.819345299505604,0.0613218732936726,0.165080744080237,0.017518130790861,0.691937608164557,0.840907017913646,0.203577834596972
COL1A1,CIBERSORT,Eosinophils,514,-0.109990171012006,0.0125902810147469,-0.030064871779989,0.496433513671334,-0.104959999410144,0.0172942051059414,0.0179368387059408,0.55316877237663
COL1A1,CIBERSORT,Neutrophils,514,0.00260179009532266,0.953077039197065,-0.0867526807715869,0.0493288675916309,0.00350341428630447,0.9368458962239,0.957681276101398,0.0679496984043657
