# Additional file 6. Transcription-factor activity in JAML-positive versus JAML-negative CD4+ T cells and within positive cells (decoupleR + CollecTRI; 498 TFs). Negative control: 200 label permutations (mean 0.04, max 2 significant TFs). Positive control: PDCD1, 5/9 expected TFs.
# source: D:\workbuddy工作空间\JAML深度研究\results\m8_tf_group_diff.csv
# INTEGRITY NOTE (2026-10-01): the p and fdr columns for split=within_positive_median are degenerate (identical to 17 significant digits for all 498 TFs) and must not be interpreted; the corresponding test statistic was not usable in that run. Only the effect sizes (diff) from that contrast are reported in the manuscript. The p/fdr columns for split=positive_vs_negative are valid.
tf,gene,split,n_high,n_low,mean_high,mean_low,diff,p,fdr
ABL1,JAML,positive_vs_negative,611,2231,0.7831679880898583,0.7663680580778938,0.01679993001196456,0.7378865665152353,0.7736158107886046
ABL1,JAML,within_positive_median,306,305,1.5715181760652144,-0.007766954600170875,1.5792851306653852,1.6907178893828424e-101,3.388239472485535e-101
AHR,JAML,positive_vs_negative,611,2231,0.9832125506034011,0.7703170526434845,0.21289549795991658,1.121334776023013e-07,2.1152451456797746e-07
AHR,JAML,within_positive_median,306,305,1.6686328378972812,0.2955449836790491,1.373087854218232,1.6907178893828424e-101,3.388239472485535e-101
AIRE,JAML,positive_vs_negative,611,2231,1.3433392958961623,1.2847764390465064,0.0585628568496559,0.3178718379847477,0.3660119660494899
AIRE,JAML,within_positive_median,306,305,2.2984234626699807,0.385123705624725,1.9132997570452557,1.6907178893828424e-101,3.388239472485535e-101
AP1,JAML,positive_vs_negative,611,2231,2.582796813694932,2.287963373284387,0.29483344041054504,2.8540789440445224e-08,5.466658900516047e-08
AP1,JAML,within_positive_median,306,305,3.490487176400881,1.6721304170128983,1.8183567593879826,1.6907178893828424e-101,3.388239472485535e-101
APEX1,JAML,positive_vs_negative,611,2231,0.5152872722373937,0.5210350118768422,-0.005747739639448524,0.7290043423835375,0.7662674200935045
APEX1,JAML,within_positive_median,306,305,1.042861636905716,-0.014016844446234671,1.0568784813519507,1.6907178893828424e-101,3.388239472485535e-101
AR,JAML,positive_vs_negative,611,2231,1.9042748706175865,1.849996541209268,0.05427832940831845,0.17468256696549422,0.21278026732685754
AR,JAML,within_positive_median,306,305,2.5978452050071006,1.2084305351317135,1.389414669875387,1.6907178893828424e-101,3.388239472485535e-101
ARID3B,JAML,positive_vs_negative,611,2231,-0.3150454662038816,-0.36826224616092995,0.05321677995704838,0.3323435724509767,0.3796034382582256
ARID3B,JAML,within_positive_median,306,305,0.1699445141710418,-0.8016255776620015,0.9715700918330433,1.6907178893828424e-101,3.388239472485535e-101
ARID4A,JAML,positive_vs_negative,611,2231,-0.2304686866583121,-0.2348893381165204,0.004420651458208302,0.17674168918110456,0.21441500904309396
ARID4A,JAML,within_positive_median,306,305,0.1800501068030169,-0.6423334433768915,0.8223835501799084,1.6907178893828424e-101,3.388239472485535e-101
ARNT,JAML,positive_vs_negative,611,2231,0.029653275070973543,-0.07397334339908379,0.10362661847005733,0.008682522403304123,0.012849617108010263
ARNT,JAML,within_positive_median,306,305,0.7755975310584247,-0.7187366997885676,1.4943342308469922,1.6907178893828424e-101,3.388239472485535e-101
ARX,JAML,positive_vs_negative,611,2231,-0.06318660246927887,-0.15274269109959662,0.08955608863031775,0.2278995487483666,0.2702237506587775
ARX,JAML,within_positive_median,306,305,0.5441764796731984,-0.6725410389794363,1.2167175186526347,1.6907178893828424e-101,3.388239472485535e-101
ASCL1,JAML,positive_vs_negative,611,2231,0.6669362993723369,0.5803595266081539,0.08657677276418296,0.04136971866351973,0.056060190188932865
ASCL1,JAML,within_positive_median,306,305,1.4190641895229361,-0.08765758386072324,1.5067217733836593,1.6907178893828424e-101,3.388239472485535e-101
ATF1,JAML,positive_vs_negative,611,2231,2.344265380131761,2.15478685888961,0.1894785212421506,9.336405803977444e-05,0.00015787878065809055
ATF1,JAML,within_positive_median,306,305,3.1468434250605464,1.5390559317769785,1.6077874932835678,1.6907178893828424e-101,3.388239472485535e-101
ATF2,JAML,positive_vs_negative,611,2231,0.6394862189664994,0.4953858206707572,0.14410039829574217,0.0007334781283271596,0.0011707439355991202
ATF2,JAML,within_positive_median,306,305,1.4050963284098636,-0.128634087557007,1.5337304159668705,1.6907178893828424e-101,3.388239472485535e-101
ATF3,JAML,positive_vs_negative,611,2231,1.683113813449603,1.4535145303168875,0.2295992831327156,7.879425893587076e-08,1.4976924026741846e-07
ATF3,JAML,within_positive_median,306,305,2.430323689177484,0.9334540692767133,1.4968696199007707,1.6907178893828424e-101,3.388239472485535e-101
ATF4,JAML,positive_vs_negative,611,2231,1.1155696574069747,0.7987923914055869,0.3167772660013878,9.804935806339156e-11,1.929983411682569e-10
ATF4,JAML,within_positive_median,306,305,1.9092843159175634,0.3192526557537278,1.5900316601638356,1.6907178893828424e-101,3.388239472485535e-101
ATF5,JAML,positive_vs_negative,611,2231,1.2517221520735193,1.1980438244391676,0.05367832763435176,0.21143253153399044,0.2528052838029466
ATF5,JAML,within_positive_median,306,305,1.9954674329668352,0.5055383620625201,1.489929070904315,1.6907178893828424e-101,3.388239472485535e-101
ATF6,JAML,positive_vs_negative,611,2231,0.6446666499605904,0.604072230977997,0.040594418982593417,0.3222591002632107,0.37020768611552235
ATF6,JAML,within_positive_median,306,305,1.4822871343482331,-0.19570013109717535,1.6779872654454084,1.6907178893828424e-101,3.388239472485535e-101
BACH1,JAML,positive_vs_negative,611,2231,0.7774461967902169,0.6179295205134713,0.1595166762767456,2.016027586357028e-06,3.657492670330783e-06
BACH1,JAML,within_positive_median,306,305,1.3561203027017226,0.1968747987281817,1.159245503973541,1.6907178893828424e-101,3.388239472485535e-101
BACH2,JAML,positive_vs_negative,611,2231,-0.02638966959964994,-0.026792389657143915,0.0004027200574939771,0.22230492860123607,0.26453489711688305
BACH2,JAML,within_positive_median,306,305,0.5065761393582707,-0.5611029074394,1.0676790467976707,1.6907178893828424e-101,3.388239472485535e-101
BATF,JAML,positive_vs_negative,611,2231,0.8902736555659916,0.7248016933852789,0.1654719621807127,3.8466302861918894e-05,6.674640705657007e-05
BATF,JAML,within_positive_median,306,305,1.6394811011052774,0.13860979217247868,1.5008713089327987,1.6907178893828424e-101,3.388239472485535e-101
BCL11B,JAML,positive_vs_negative,611,2231,-0.28464336481489655,-0.30408747029775574,0.019444105482859186,0.9308246606831173,0.9402650730632706
BCL11B,JAML,within_positive_median,306,305,0.25470576453854976,-0.8257608519695017,1.0804666165080514,1.6907178893828424e-101,3.388239472485535e-101
BCL3,JAML,positive_vs_negative,611,2231,0.09606050912610369,0.0094923403387348,0.08656816878736888,0.012647612980692391,0.01852503313054356
BCL3,JAML,within_positive_median,306,305,0.6471507442492463,-0.4568365792269508,1.1039873234761972,1.6907178893828424e-101,3.388239472485535e-101
BCL6,JAML,positive_vs_negative,611,2231,0.03865682932798237,0.04384373510270682,-0.00518690577472445,0.8696092135049354,0.8892513107298928
BCL6,JAML,within_positive_median,306,305,0.7163156676302336,-0.6412238412309976,1.3575395088612312,1.6907178893828424e-101,3.388239472485535e-101
BCLAF1,JAML,positive_vs_negative,611,2231,-0.3364184857309209,-0.3437693349180993,0.0073508491871783765,0.2596278810873398,0.3053003182561871
BCLAF1,JAML,within_positive_median,306,305,0.13644289303159007,-0.8108302296697025,0.9472731227012926,1.6907178893828424e-101,3.388239472485535e-101
BHLHA15,JAML,positive_vs_negative,611,2231,-0.297791740940772,-0.2974935453214982,-0.0002981956192738,0.4256046697504404,0.47629466412521193
BHLHA15,JAML,within_positive_median,306,305,0.21030026380034125,-0.8075496211072659,1.0178498849076072,1.6907178893828424e-101,3.388239472485535e-101
BHLHE40,JAML,positive_vs_negative,611,2231,-0.09519672657183094,-0.09512968354840402,-6.704302342691593e-05,0.8817140800111268,0.9007048448113665
BHLHE40,JAML,within_positive_median,306,305,0.4539526255264923,-0.6461465683491652,1.1000991938756575,1.6907178893828424e-101,3.388239472485535e-101
BHLHE41,JAML,positive_vs_negative,611,2231,0.050545484938405674,0.14301430713977376,-0.09246882220136808,0.00925105103208698,0.013670692623084024
BHLHE41,JAML,within_positive_median,462,149,0.3103047829459288,-0.7548826739842501,1.065187456930179,3.158429575920118e-85,6.316859151840236e-85
BMAL1,JAML,positive_vs_negative,611,2231,0.19483006032152292,0.10545547238036322,0.0893745879411597,0.048188599930224105,0.06433759454491046
BMAL1,JAML,within_positive_median,306,305,0.890477134890167,-0.5030978243276741,1.3935749592178412,1.6907178893828424e-101,3.388239472485535e-101
BRCA1,JAML,positive_vs_negative,611,2231,-0.3945291279370448,-0.3201988055736497,-0.0743303223633951,0.04569689663852328,0.06138025582458625
BRCA1,JAML,within_positive_median,306,305,0.3499969248163372,-1.1414962497158476,1.4914931745321849,1.6907178893828424e-101,3.388239472485535e-101
BRD4,JAML,positive_vs_negative,611,2231,0.10299961090552075,0.08804480091853713,0.01495480998698362,0.8918227425132227,0.9100977987122641
BRD4,JAML,within_positive_median,306,305,0.8341187244895191,-0.6305166145262938,1.4646353390158129,1.6907178893828424e-101,3.388239472485535e-101
CDX1,JAML,positive_vs_negative,611,2231,0.14781294640545375,0.02393463203563607,0.12387831436981768,0.003096266203967494,0.004766431436092154
CDX1,JAML,within_positive_median,306,305,0.8371062202371331,-0.5437403053732148,1.380846525610348,1.6907178893828424e-101,3.388239472485535e-101
CDX2,JAML,positive_vs_negative,611,2231,0.16781088241976777,0.11240739707744171,0.05540348534232606,0.06956719986042802,0.09010264117163369
CDX2,JAML,within_positive_median,306,305,0.8029863933047509,-0.46944717112385465,1.2724335644286056,1.6907178893828424e-101,3.388239472485535e-101
CEBPA,JAML,positive_vs_negative,611,2231,0.25276521336983937,-0.023050145087177194,0.27581535845701655,8.52863336848183e-09,1.646224580427888e-08
CEBPA,JAML,within_positive_median,306,305,1.0786782240576924,-0.5758557088284655,1.654533932886158,1.6907178893828424e-101,3.388239472485535e-101
CEBPB,JAML,positive_vs_negative,611,2231,1.2584098009886977,0.9785857923175123,0.2798240086711854,6.785960283507814e-10,1.3226646658265719e-09
CEBPB,JAML,within_positive_median,306,305,2.043602865434412,0.4706423330529974,1.5729605323814146,1.6907178893828424e-101,3.388239472485535e-101
CEBPD,JAML,positive_vs_negative,611,2231,0.7518802127418769,0.4464656016395379,0.305414611102339,1.6009752643210397e-12,3.1701219945601503e-12
CEBPD,JAML,within_positive_median,306,305,1.5350282224164624,-0.03383549532508399,1.5688637177415463,1.6907178893828424e-101,3.388239472485535e-101
CEBPE,JAML,positive_vs_negative,611,2231,0.7262404800596903,0.6257223425168584,0.1005181375428319,0.02157754456146816,0.030397785549112148
CEBPE,JAML,within_positive_median,306,305,1.4487090758320036,0.00140313479304144,1.4473059410389622,1.6907178893828424e-101,3.388239472485535e-101
CEBPG,JAML,positive_vs_negative,611,2231,0.5205675417231735,0.34122296109923805,0.1793445806239355,3.977736607767292e-05,6.878169550930942e-05
CEBPG,JAML,within_positive_median,306,305,1.2764272419290388,-0.23777038700795688,1.5141976289369956,1.6907178893828424e-101,3.388239472485535e-101
CEBPZ,JAML,positive_vs_negative,611,2231,-0.13127298164840337,-0.17255507119255867,0.0412820895441553,0.9263141428589117,0.9376106567962155
CEBPZ,JAML,within_positive_median,306,305,0.46369892440076743,-0.728195615258391,1.1918945396591585,1.6907178893828424e-101,3.388239472485535e-101
CIITA,JAML,positive_vs_negative,611,2231,4.331269216767263,4.070611056190945,0.26065816057631785,0.00023515826709440035,0.00038713658516697976
CIITA,JAML,within_positive_median,306,305,5.534684461239674,3.123908348542482,2.4107761126971923,1.6907178893828424e-101,3.388239472485535e-101
CLOCK,JAML,positive_vs_negative,611,2231,0.394782825062348,0.31219356813715754,0.08258925692519048,0.06798230037471817,0.08839474043501214
CLOCK,JAML,within_positive_median,306,305,1.1695264841174564,-0.3825009771372033,1.5520274612546596,1.6907178893828424e-101,3.388239472485535e-101
CREB1,JAML,positive_vs_negative,611,2231,2.68676880474966,2.5027890860214543,0.18397971872820573,0.0005420851900630467,0.0008708336279077331
CREB1,JAML,within_positive_median,306,305,3.6095727439490153,1.760939278864405,1.8486334650846104,1.6907178893828424e-101,3.388239472485535e-101
CREB3,JAML,positive_vs_negative,611,2231,1.3419171354696577,1.1267756405818632,0.21514149488779455,1.029193767311726e-06,1.8878029323065914e-06
CREB3,JAML,within_positive_median,306,305,2.1520785912277143,0.5290994126435421,1.6229791785841723,1.6907178893828424e-101,3.388239472485535e-101
CREB5,JAML,positive_vs_negative,611,2231,0.4760466603233445,0.4353241700327184,0.04072249029062608,0.13889924717101104,0.1718554660650025
CREB5,JAML,within_positive_median,306,305,1.1241977900174611,-0.17422955504190074,1.2984273450593617,1.6890365101379605e-101,3.388239472485535e-101
CREBBP,JAML,positive_vs_negative,611,2231,0.6483087591803305,0.6271073696933049,0.021201389487025546,0.5811351614169713,0.6284588716300797
CREBBP,JAML,within_positive_median,306,305,1.2928701541771226,0.0016340481343686494,1.291236106042754,1.6907178893828424e-101,3.388239472485535e-101
CREBZF,JAML,positive_vs_negative,611,2231,-0.6237374468411199,-0.6222805238051808,-0.0014569230359390284,0.02812760267416118,0.03923682389840971
CREBZF,JAML,within_positive_median,306,305,-0.31760996717452955,-0.9308686231623549,0.6132586559878253,1.6907178893828424e-101,3.388239472485535e-101
CREM,JAML,positive_vs_negative,611,2231,0.047277480558519554,-0.0758340798034632,0.12311156036198276,0.02519828703464683,0.03519985117322334
CREM,JAML,within_positive_median,306,305,1.0358746861586934,-0.9445610273550975,1.9804357135137909,1.6907178893828424e-101,3.388239472485535e-101
CRX,JAML,positive_vs_negative,611,2231,-0.1440753094830494,-0.13022477264482268,-0.013850536838226707,0.05521733450039581,0.07303647431924863
CRX,JAML,within_positive_median,306,305,0.3663781804769391,-0.6562024174429067,1.022580597919846,1.6907178893828424e-101,3.388239472485535e-101
CTBP2,JAML,positive_vs_negative,611,2231,-0.5132101213454698,-0.5633120748850814,0.050101953539611555,0.5944748496723399,0.6401048111066493
CTBP2,JAML,within_positive_median,306,305,-0.07382793933365253,-0.9540329006753586,0.8802049613417061,1.6907178893828424e-101,3.388239472485535e-101
CTCF,JAML,positive_vs_negative,611,2231,0.2993939286933391,0.26547242799306164,0.03392150070027744,0.3691798421197039,0.4187962673704158
CTCF,JAML,within_positive_median,306,305,0.9331093138618507,-0.3363992118363807,1.2695085256982315,1.6907178893828424e-101,3.388239472485535e-101
CTNNB1,JAML,positive_vs_negative,611,2231,1.6233424016534634,1.4383220635757048,0.18502033807775864,8.918278715430763e-06,1.5861795715301856e-05
CTNNB1,JAML,within_positive_median,306,305,2.315283298954425,0.9291328456728263,1.386150453281599,1.6907178893828424e-101,3.388239472485535e-101
CUX1,JAML,positive_vs_negative,611,2231,1.0688176793990216,0.9808619994391916,0.08795567995983,0.03987395736529303,0.05425472887408723
CUX1,JAML,within_positive_median,306,305,1.827127480889235,0.30802161626457825,1.519105864624657,1.6907178893828424e-101,3.388239472485535e-101
CXXC1,JAML,positive_vs_negative,611,2231,0.5686783483002608,0.4635231874729957,0.10515516082726506,0.007376708575316242,0.010965972747783548
CXXC1,JAML,within_positive_median,306,305,1.217268439190171,-0.08203826747781341,1.2993067066679844,1.6907178893828424e-101,3.388239472485535e-101
DBP,JAML,positive_vs_negative,611,2231,1.162866482656376,1.180521352632994,-0.017654869976618137,0.8086914056559906,0.8381442664238986
DBP,JAML,within_positive_median,306,305,1.7077056613714374,0.6162409459783142,1.0914647153931232,1.6907178893828424e-101,3.388239472485535e-101
DDIT3,JAML,positive_vs_negative,611,2231,0.6758489530508359,0.5405413623095427,0.13530759074129317,0.000830691114304424,0.0013237893597555302
DDIT3,JAML,within_positive_median,306,305,1.3988068729120207,-0.04947932064595923,1.4482861935579798,1.6907178893828424e-101,3.388239472485535e-101
DLX2,JAML,positive_vs_negative,611,2231,-0.49840359716072125,-0.4587492818119499,-0.03965431534877134,0.03516847017965721,0.04838093411455605
DLX2,JAML,within_positive_median,306,305,-0.022836759434529168,-0.9755296704204418,0.9526929109859127,1.6907178893828424e-101,3.388239472485535e-101
DLX4,JAML,positive_vs_negative,611,2231,-0.2716887770467496,-0.2971122741944019,0.025423497147652296,0.4294614016395377,0.4795036956931219
DLX4,JAML,within_positive_median,306,305,0.29585542426089395,-0.8410937790144183,1.1369492032753121,1.6907178893828424e-101,3.388239472485535e-101
DLX5,JAML,positive_vs_negative,611,2231,-0.53495086980134,-0.5252863164553175,-0.009664553346022453,0.5442311721663393,0.5943577274974495
DLX5,JAML,within_positive_median,306,305,-0.17241250027146365,-0.8986778897231176,0.726265389451654,1.6907178893828424e-101,3.388239472485535e-101
DMTF1,JAML,positive_vs_negative,611,2231,1.4243728742258304,1.4084535212960523,0.015919352929778086,0.86549336036683,0.8875363212360863
DMTF1,JAML,within_positive_median,306,305,2.3929099839464785,0.45266023299790137,1.9402497509485772,1.6907178893828424e-101,3.388239472485535e-101
DNMT1,JAML,positive_vs_negative,611,2231,-0.5460588474621447,-0.5943952429938631,0.048336395531718424,0.2381016465135033,0.2816499286549279
DNMT1,JAML,within_positive_median,306,305,0.07985965307724957,-1.1740295398065863,1.2538891928838358,1.6907178893828424e-101,3.388239472485535e-101
DNMT3A,JAML,positive_vs_negative,611,2231,0.033561612192536464,-0.07195013341842538,0.10551174561096184,6.647159637904998e-05,0.00011278655876240848
DNMT3A,JAML,within_positive_median,306,305,0.5900915576846261,-0.5247930216454288,1.114884579330055,1.6907178893828424e-101,3.388239472485535e-101
DNMT3B,JAML,positive_vs_negative,611,2231,-0.7512275848553522,-0.8019099612061263,0.050682376350774105,0.15931128006556716,0.19541137308535084
DNMT3B,JAML,within_positive_median,306,305,-0.2101845948384624,-1.2940444863149205,1.0838598914764581,1.6907178893828424e-101,3.388239472485535e-101
DOT1L,JAML,positive_vs_negative,611,2231,0.9511502800895685,0.8787137026528412,0.07243657743672727,0.11799254720830503,0.14726889350811004
DOT1L,JAML,within_positive_median,306,305,1.7744860253420434,0.12511507337724967,1.6493709519647937,1.6907178893828424e-101,3.388239472485535e-101
E2F1,JAML,positive_vs_negative,611,2231,-0.5265460801925503,-0.5493377016778408,0.02279162148529046,0.7893497263028193,0.8206600494755825
E2F1,JAML,within_positive_median,306,305,0.12016288616635841,-1.1753754038182098,1.2955382899845682,1.6907178893828424e-101,3.388239472485535e-101
E2F2,JAML,positive_vs_negative,611,2231,-0.7100426461654423,-0.6721873346748315,-0.03785531149061083,0.11556582070964497,0.14478434896453632
E2F2,JAML,within_positive_median,306,305,-0.19524988679185054,-1.2265232506517347,1.031273363859884,1.6907178893828424e-101,3.388239472485535e-101
E2F3,JAML,positive_vs_negative,611,2231,-0.7449141390801131,-0.6894489890962971,-0.05546514998381591,0.04177055910911754,0.05652646314222971
E2F3,JAML,within_positive_median,306,305,-0.18030205794838522,-1.3113774073630924,1.1310753494147072,1.6907178893828424e-101,3.388239472485535e-101
E2F4,JAML,positive_vs_negative,611,2231,0.7132573821609179,0.6930615818049535,0.020195800355964466,0.5282441257222784,0.578166098043285
E2F4,JAML,within_positive_median,306,305,1.2955338817956976,0.12907177924864718,1.1664621025470505,1.6907178893828424e-101,3.388239472485535e-101
E2F6,JAML,positive_vs_negative,611,2231,-0.7239847674784442,-0.7413940333450522,0.01740926586660796,0.6683074563025883,0.7119082636121689
E2F6,JAML,within_positive_median,306,305,-0.20471759023608313,-1.2449544600560263,1.0402368698199431,1.6907178893828424e-101,3.388239472485535e-101
EBF1,JAML,positive_vs_negative,611,2231,-0.7416387608771129,-0.6975469207911537,-0.04409184008595923,0.08622264455980451,0.11038271719995539
EBF1,JAML,within_positive_median,306,305,-0.29085745269972646,-1.19389804055672,0.9030405878569936,1.6907178893828424e-101,3.388239472485535e-101
EGR1,JAML,positive_vs_negative,611,2231,1.2986281341566253,1.071165270184472,0.2274628639721532,4.448709595397613e-07,8.266632009358251e-07
EGR1,JAML,within_positive_median,306,305,2.0460637756577977,0.5487418839947935,1.4973218916630042,1.6907178893828424e-101,3.388239472485535e-101
EGR2,JAML,positive_vs_negative,611,2231,0.7909043886412668,0.6700362449496237,0.12086814369164312,0.0019162343800796444,0.002996184368225001
EGR2,JAML,within_positive_median,306,305,1.4642583467847745,0.11534271260220633,1.348915634182568,1.6907178893828424e-101,3.388239472485535e-101
EGR3,JAML,positive_vs_negative,611,2231,0.12819335150718728,0.050381153423641745,0.07781219808354553,0.12386015693257177,0.15420589538105187
EGR3,JAML,within_positive_median,306,305,0.8096941768878244,-0.5555419028091242,1.3652360796969485,1.6907178893828424e-101,3.388239472485535e-101
EGR4,JAML,positive_vs_negative,611,2231,-1.1092298951721729,-1.0901098835792316,-0.0191200115929413,0.18593553733403567,0.22447490325418124
EGR4,JAML,within_positive_median,306,305,-0.2976520922170827,-1.9234686089566244,1.6258165167395418,1.6907178893828424e-101,3.388239472485535e-101
EHF,JAML,positive_vs_negative,611,2231,0.1224297767381698,-0.08286794158715155,0.20529771832532134,9.979704698950694e-07,1.833908833976917e-06
EHF,JAML,within_positive_median,306,305,0.8585116867677268,-0.6160655166029596,1.4745772033706865,1.6907178893828424e-101,3.388239472485535e-101
ELF1,JAML,positive_vs_negative,611,2231,0.2733623257809644,0.2522721720062151,0.02109015377474932,0.6159947104925498,0.6611322539338143
ELF1,JAML,within_positive_median,306,305,0.8774168547711984,-0.3326727098616963,1.2100895646328946,1.6907178893828424e-101,3.388239472485535e-101
ELF3,JAML,positive_vs_negative,611,2231,0.035988249009911925,-0.025845130159544767,0.06183337916945669,0.37688296058332893,0.4265629872056768
ELF3,JAML,within_positive_median,306,305,0.7297200790201539,-0.6600181115905275,1.3897381906106814,1.6907178893828424e-101,3.388239472485535e-101
ELF4,JAML,positive_vs_negative,611,2231,0.9439848879205941,0.7754711464868106,0.1685137414337835,1.8137271823600185e-05,3.186018119277916e-05
ELF4,JAML,within_positive_median,306,305,1.64935194305924,0.2363051539126411,1.413046789146599,1.6907178893828424e-101,3.388239472485535e-101
ELK1,JAML,positive_vs_negative,611,2231,0.8933876254716269,0.7929231719666904,0.10046445350493649,0.0658036345172853,0.08589832238429379
ELK1,JAML,within_positive_median,306,305,1.74784670352887,0.03612704224042558,1.7117196612884444,1.6907178893828424e-101,3.388239472485535e-101
ELK3,JAML,positive_vs_negative,611,2231,0.8021467894421658,0.6579445844377422,0.1442022050044236,0.0005980294825592379,0.0009591583971481498
ELK3,JAML,within_positive_median,306,305,1.5842099004242787,0.017519537112570458,1.5666903633117082,1.6907178893828424e-101,3.388239472485535e-101
ELK4,JAML,positive_vs_negative,611,2231,1.0039481589924832,0.8933886894949075,0.11055946949757578,0.061194275445463214,0.08030236935926398
ELK4,JAML,within_positive_median,306,305,1.9992931370285387,0.005339754798932729,1.993953382229606,1.6907178893828424e-101,3.388239472485535e-101
ENO1,JAML,positive_vs_negative,611,2231,0.7490286009129165,0.5986663453343777,0.15036225557853877,0.00032095190109449994,0.0005223334860949705
ENO1,JAML,within_positive_median,306,305,1.4733037743194801,0.022378754806659098,1.450925019512821,1.6907178893828424e-101,3.388239472485535e-101
EOMES,JAML,positive_vs_negative,611,2231,-0.10362255449721529,-0.2351570516279373,0.13153449713072202,0.001222758798027353,0.001933123433071815
EOMES,JAML,within_positive_median,306,305,0.6112751378436632,-0.8208641736982277,1.4321393115418908,1.6907178893828424e-101,3.388239472485535e-101
EP300,JAML,positive_vs_negative,611,2231,0.44151911571975727,0.32959676017736395,0.11192235554239333,0.003357310779669946,0.005128652663422187
EP300,JAML,within_positive_median,306,305,1.0787780286207465,-0.1978291706661534,1.2766071992869,1.6907178893828424e-101,3.388239472485535e-101
EPAS1,JAML,positive_vs_negative,611,2231,1.1445616849336002,0.9881100090667922,0.15645167586680797,0.00010500339429556518,0.00017725996731929308
EPAS1,JAML,within_positive_median,306,305,1.8666828577594237,0.4200729017050694,1.4466099560543544,1.6907178893828424e-101,3.388239472485535e-101
ERF,JAML,positive_vs_negative,611,2231,0.4471541678248364,0.3665796245267816,0.0805745432980548,0.01649252099941694,0.023703536674486686
ERF,JAML,within_positive_median,306,305,1.0597412960292871,-0.16744144276716977,1.227182738796457,1.6907178893828424e-101,3.388239472485535e-101
ERG,JAML,positive_vs_negative,611,2231,1.3149488579408788,1.1380499938284214,0.17689886411245737,1.880223975036243e-06,3.41734138528485e-06
ERG,JAML,within_positive_median,306,305,1.9719573381551054,0.6557862515620155,1.3161710865930898,1.6907178893828424e-101,3.388239472485535e-101
ESR1,JAML,positive_vs_negative,611,2231,0.8769587581978012,0.5830839396210895,0.2938748185767117,2.7913833192140198e-11,5.505381754331017e-11
ESR1,JAML,within_positive_median,306,305,1.5984290396005876,0.15312300046254662,1.445306039138041,1.6907178893828424e-101,3.388239472485535e-101
ESR2,JAML,positive_vs_negative,611,2231,0.7004037064867488,0.5465763927123019,0.15382731377444692,2.161751327640075e-05,3.777376004086868e-05
ESR2,JAML,within_positive_median,306,305,1.3703987175445411,0.02821199047466864,1.3421867270698724,1.6907178893828424e-101,3.388239472485535e-101
ESRRA,JAML,positive_vs_negative,611,2231,0.613019280309645,0.553018744461564,0.06000053584808107,0.03621501116757093,0.04968340375055186
ESRRA,JAML,within_positive_median,306,305,1.2087038963385397,0.01538159996590148,1.1933222963726382,1.6907178893828424e-101,3.388239472485535e-101
ESRRG,JAML,positive_vs_negative,611,2231,-0.3160375062744806,-0.2775424219606779,-0.03849508431380266,0.0783669174617958,0.10071412876380467
ESRRG,JAML,within_positive_median,306,305,0.20260590015629595,-0.836381382890276,1.0389872830465718,1.6907178893828424e-101,3.388239472485535e-101
ETS1,JAML,positive_vs_negative,611,2231,2.0863208557307775,1.9577435665454799,0.12857728918529765,0.013599741083231339,0.019803131752775458
ETS1,JAML,within_positive_median,306,305,2.8980012514430644,1.2719792128194343,1.6260220386236302,1.6907178893828424e-101,3.388239472485535e-101
ETS2,JAML,positive_vs_negative,611,2231,0.1060040981303946,0.08214195516815906,0.023862142962235544,0.5853365716531469,0.6323158626535079
ETS2,JAML,within_positive_median,306,305,0.7062607725885525,-0.49622063099811786,1.2024814035866704,1.6907178893828424e-101,3.388239472485535e-101
ETV1,JAML,positive_vs_negative,611,2231,-0.47078028916509196,-0.49009421923668484,0.019313930071592877,0.8357040297244358,0.8598772867825807
ETV1,JAML,within_positive_median,306,305,0.027780544178629903,-0.970975748191908,0.9987562923705379,1.6907178893828424e-101,3.388239472485535e-101
ETV3,JAML,positive_vs_negative,611,2231,0.5369355287484634,0.5221260697916168,0.0148094589568466,0.30298277481126745,0.35171427006063216
ETV3,JAML,within_positive_median,306,305,1.0125575143775072,0.059754126773094766,0.9528033876044124,1.6907178893828424e-101,3.388239472485535e-101
ETV4,JAML,positive_vs_negative,611,2231,2.2243145022187547,2.08662191917773,0.13769258304102472,0.0032822684431810718,0.0050294451837051505
ETV4,JAML,within_positive_median,306,305,3.011768059685738,1.434279129809256,1.577488929876482,1.6907178893828424e-101,3.388239472485535e-101
ETV5,JAML,positive_vs_negative,611,2231,1.403541849641581,1.199792663607171,0.20374918603441006,4.5392768411022435e-05,7.795034023685922e-05
ETV5,JAML,within_positive_median,306,305,2.2309391528861404,0.5734317683535972,1.6575073845325432,1.6907178893828424e-101,3.388239472485535e-101
ETV6,JAML,positive_vs_negative,611,2231,-0.44817172595702803,-0.4201893049324306,-0.027982421024597415,0.0669063762573129,0.08722349574906237
ETV6,JAML,within_positive_median,306,305,0.04550085822356861,-0.9434629087742824,0.988963766997851,1.6907178893828424e-101,3.388239472485535e-101
ETV7,JAML,positive_vs_negative,611,2231,0.13166100633163347,0.08436258289850006,0.04729842343313341,0.7150845678529671,0.7544748194719866
ETV7,JAML,within_positive_median,306,305,0.7962732356200181,-0.5351302794462214,1.3314035150662393,1.6907178893828424e-101,3.388239472485535e-101
EWSR1,JAML,positive_vs_negative,611,2231,0.8625171440468403,0.7898874472303264,0.07262969681651388,0.03549331415118013,0.04876047019941435
EWSR1,JAML,within_positive_median,306,305,1.4994086025939715,0.2235375167831613,1.2758710858108102,1.6907178893828424e-101,3.388239472485535e-101
EZH2,JAML,positive_vs_negative,611,2231,1.7545692817786787,1.6218918330759315,0.13267744870274711,0.00016288535077782674,0.00027174842441325865
EZH2,JAML,within_positive_median,306,305,2.334171015681031,1.1730672143225473,1.1611038013584838,1.6907178893828424e-101,3.388239472485535e-101
FGF2,JAML,positive_vs_negative,611,2231,0.4423874691271256,0.3960587432435949,0.04632872588353071,0.0033972391181114523,0.005181700094393578
FGF2,JAML,within_positive_median,306,305,0.8709495623235969,0.012420254313616553,0.8585293080099803,1.6907178893828424e-101,3.388239472485535e-101
FLI1,JAML,positive_vs_negative,611,2231,-0.19393788924328667,-0.2644035937776448,0.0704657045343581,0.0333459964848307,0.04600084833641464
FLI1,JAML,within_positive_median,306,305,0.37360123198525036,-0.7633377944758517,1.1369390264611021,1.6907178893828424e-101,3.388239472485535e-101
FOS,JAML,positive_vs_negative,611,2231,2.026593020652126,1.815570159318793,0.21102286133333292,1.3728636070028714e-05,2.4244187102391133e-05
FOS,JAML,within_positive_median,306,305,2.829668241885579,1.2208847659064324,1.6087834759791466,1.6907178893828424e-101,3.388239472485535e-101
FOSB,JAML,positive_vs_negative,611,2231,-0.4979504157264861,-0.5529760736877345,0.05502565796124842,0.17643879522106576,0.21430858541485548
FOSB,JAML,within_positive_median,306,305,0.45329347121631025,-1.4523131350854885,1.9056066063017987,1.6907178893828424e-101,3.388239472485535e-101
FOSL1,JAML,positive_vs_negative,611,2231,0.18453093404967177,0.1409614285112735,0.04356950553839828,0.2611125589407911,0.3066840904540424
FOSL1,JAML,within_positive_median,306,305,0.7123068417213249,-0.3449753864340195,1.0572822281553442,1.6907178893828424e-101,3.388239472485535e-101
FOSL2,JAML,positive_vs_negative,611,2231,-0.3815519646808251,-0.4337663274404585,0.052214362759633426,0.14697640567365464,0.1813983891585626
FOSL2,JAML,within_positive_median,306,305,0.1582306414866549,-0.9231043498849196,1.0813349913715746,1.6907178893828424e-101,3.388239472485535e-101
FOXA1,JAML,positive_vs_negative,611,2231,-0.5742389966594925,-0.4671301715488485,-0.10710882511064401,0.005619249157735925,0.008403561803460934
FOXA1,JAML,within_positive_median,306,305,0.17685613403525707,-1.3277967343401265,1.5046528683753835,1.6907178893828424e-101,3.388239472485535e-101
FOXA2,JAML,positive_vs_negative,611,2231,0.312130058314341,0.29686556852212304,0.01526448979221795,0.5784308571995811,0.6262142758378073
FOXA2,JAML,within_positive_median,306,305,1.0392839155038225,-0.4174079098823191,1.4566918253861416,1.6907178893828424e-101,3.388239472485535e-101
FOXC1,JAML,positive_vs_negative,611,2231,1.078445578509085,0.8955106152288936,0.18293496328019132,5.019073567660183e-05,8.604126115988885e-05
FOXC1,JAML,within_positive_median,306,305,1.7896962554861633,0.364862932099295,1.4248333233868684,1.6907178893828424e-101,3.388239472485535e-101
FOXC2,JAML,positive_vs_negative,611,2231,1.517109236357922,1.2931060940815746,0.22400314227634732,7.455220957765385e-06,1.333105937869717e-05
FOXC2,JAML,within_positive_median,306,305,2.38970273585001,0.641654774572417,1.748047961277593,1.6907178893828424e-101,3.388239472485535e-101
FOXF2,JAML,positive_vs_negative,611,2231,-0.13191347048348537,-0.14894236969948998,0.017028899216004617,0.5172404986174202,0.5679950789668693
FOXF2,JAML,within_positive_median,306,305,0.47473814734533776,-0.7405541100101078,1.2152922573554457,1.6907178893828424e-101,3.388239472485535e-101
FOXJ1,JAML,positive_vs_negative,611,2231,0.49647757529945075,0.43551087096908536,0.060966704330365384,0.2768473700220335,0.3240187785451767
FOXJ1,JAML,within_positive_median,306,305,1.3284136779248088,-0.33818618667877753,1.6665998646035862,1.6907178893828424e-101,3.388239472485535e-101
FOXL2,JAML,positive_vs_negative,611,2231,-0.006650993122115051,0.06983753344128057,-0.07648852656339562,0.032596494110667014,0.04515453148014512
FOXL2,JAML,within_positive_median,306,305,0.6645915655153951,-0.6800943470338465,1.3446859125492416,1.6907178893828424e-101,3.388239472485535e-101
FOXM1,JAML,positive_vs_negative,611,2231,-0.25386312382391174,-0.3359890363800065,0.08212591255609475,0.011788459777496511,0.01734314023395351
FOXM1,JAML,within_positive_median,306,305,0.3661641255907693,-0.8759232494661818,1.242087375056951,1.6907178893828424e-101,3.388239472485535e-101
FOXN1,JAML,positive_vs_negative,611,2231,-0.38848007139584534,-0.3967664705964667,0.008286399200621353,0.6746785411489332,0.7179271655815571
FOXN1,JAML,within_positive_median,306,305,0.16665155049137126,-0.9454317969613806,1.1120833474527518,1.6907178893828424e-101,3.388239472485535e-101
FOXO1,JAML,positive_vs_negative,611,2231,-0.3176123708968076,-0.29533673733509036,-0.022275633561717245,0.5780884809913799,0.6262142758378073
FOXO1,JAML,within_positive_median,306,305,0.3609712098097138,-0.9984208158023666,1.3593920256120804,1.6907178893828424e-101,3.388239472485535e-101
FOXO3,JAML,positive_vs_negative,611,2231,0.8712427788710401,0.8293128095844909,0.04192996928654913,0.3112317172314727,0.36003111540365484
FOXO3,JAML,within_positive_median,306,305,1.612594606100263,0.12746028991319647,1.4851343161870665,1.6907178893828424e-101,3.388239472485535e-101
FOXO4,JAML,positive_vs_negative,611,2231,-0.598485518448137,-0.5140147825069524,-0.0844707359411846,0.0040532129575686845,0.006098187470903942
FOXO4,JAML,within_positive_median,306,305,-0.08702331804691893,-1.1116246440965725,1.0246013260496536,1.6907178893828424e-101,3.388239472485535e-101
FOXP1,JAML,positive_vs_negative,611,2231,0.8747698909531677,0.777662932496676,0.09710695845649175,0.07358631667890195,0.09493778680335017
FOXP1,JAML,within_positive_median,306,305,1.6825966514361976,0.06429451814068562,1.618302133295512,1.6907178893828424e-101,3.388239472485535e-101
FOXP3,JAML,positive_vs_negative,611,2231,0.7804935443637003,0.6190168480233332,0.1614766963403671,0.0005227044528717012,0.0008410559532475193
FOXP3,JAML,within_positive_median,306,305,1.596168745810159,-0.0378560020055335,1.6340247478156924,1.6907178893828424e-101,3.388239472485535e-101
GABPA,JAML,positive_vs_negative,611,2231,1.3503380054756096,1.419745428158401,-0.06940742268279143,0.01799493449484635,0.02564085086819308
GABPA,JAML,within_positive_median,306,305,2.0648469961295395,0.6334863623933065,1.431360633736233,1.6907178893828424e-101,3.388239472485535e-101
GATA1,JAML,positive_vs_negative,611,2231,0.43166726211710327,0.45339464041053007,-0.021727378293426802,0.5129298626543628,0.5638831602690346
GATA1,JAML,within_positive_median,306,305,1.0607590831167013,-0.19948715501691977,1.260246238133621,1.6907178893828424e-101,3.388239472485535e-101
GATA2,JAML,positive_vs_negative,611,2231,0.3626014312015449,0.3281618954381903,0.03443953576335462,0.3441601541788756,0.391752586928183
GATA2,JAML,within_positive_median,306,305,0.9508946225543284,-0.22762059028682144,1.1785152128411498,1.6907178893828424e-101,3.388239472485535e-101
GATA3,JAML,positive_vs_negative,611,2231,-0.19052244909860638,-0.2503363232487533,0.05981387415014694,0.03957396895236876,0.05392020940705784
GATA3,JAML,within_positive_median,306,305,0.3980941863666475,-0.7810689751719431,1.1791631615385905,1.6907178893828424e-101,3.388239472485535e-101
GATA4,JAML,positive_vs_negative,611,2231,0.731401274581569,0.5755471630423233,0.15585411153924567,6.700364893766921e-05,0.0001134959767719703
GATA4,JAML,within_positive_median,306,305,1.3857455163545016,0.0749116418520038,1.3108338745024979,1.6907178893828424e-101,3.388239472485535e-101
GATA5,JAML,positive_vs_negative,611,2231,-0.35519096037543413,-0.3818107723241146,0.02661981194868046,0.8334885188924984,0.8593732555040666
GATA5,JAML,within_positive_median,306,305,0.15630989376806986,-0.8683688664997364,1.0246787602678062,1.6907178893828424e-101,3.388239472485535e-101
GATA6,JAML,positive_vs_negative,611,2231,1.3326360887709363,1.2940843460484843,0.03855174272245199,0.29110041205056225,0.33910644491504094
GATA6,JAML,within_positive_median,306,305,1.9305503212259643,0.7327614817832689,1.1977888394426954,1.6907178893828424e-101,3.388239472485535e-101
GFI1,JAML,positive_vs_negative,611,2231,-0.9017330985933378,-0.9163144687316066,0.014581370138268768,0.6962330953404459,0.7373623498648407
GFI1,JAML,within_positive_median,306,305,-0.1644693410508561,-1.6414141143572702,1.476944773306414,1.6907178893828424e-101,3.388239472485535e-101
GFI1B,JAML,positive_vs_negative,611,2231,-0.490401123692887,-0.46468379900449114,-0.02571732468839588,0.014619148891751655,0.02113305122813447
GFI1B,JAML,within_positive_median,306,305,-0.03701604512133784,-0.9452727107187693,0.9082566655974315,1.6907178893828424e-101,3.388239472485535e-101
GLI1,JAML,positive_vs_negative,611,2231,1.2077797277716922,1.0897091270921562,0.11807060067953601,0.0015088558451520342,0.0023778804141952946
GLI1,JAML,within_positive_median,306,305,1.84919162708805,0.5642648386215101,1.2849267884665398,1.6907178893828424e-101,3.388239472485535e-101
GLI2,JAML,positive_vs_negative,611,2231,-0.42851238538619957,-0.39849328371780113,-0.03001910166839844,0.37182598692913726,0.421318183141548
GLI2,JAML,within_positive_median,306,305,0.2207658839782803,-1.0799194359617101,1.3006853199399904,1.6907178893828424e-101,3.388239472485535e-101
GLI3,JAML,positive_vs_negative,611,2231,1.179147630513632,1.027766060045177,0.1513815704684549,0.00043503022272083346,0.000702253001345138
GLI3,JAML,within_positive_median,306,305,1.92791965275545,0.4279206180349549,1.4999990347204952,1.6907178893828424e-101,3.388239472485535e-101
GRHL3,JAML,positive_vs_negative,611,2231,0.05728677265932034,0.0345125002465731,0.022774272412747244,0.4839823093864194,0.5344194901872215
GRHL3,JAML,within_positive_median,306,305,0.6374119991875404,-0.5247405037919431,1.1621525029794837,1.6907178893828424e-101,3.388239472485535e-101
GTF2I,JAML,positive_vs_negative,611,2231,0.9244068279420374,0.8570725384588589,0.06733428948317854,0.13134125419530515,0.16311208126997995
GTF2I,JAML,within_positive_median,306,305,1.7799047208543433,0.06610402390542841,1.7138006969489148,1.6907178893828424e-101,3.388239472485535e-101
GTF3A,JAML,positive_vs_negative,611,2231,0.18547106123715051,0.24022688178913681,-0.0547558205519863,0.13970427347393624,0.17263704265513707
GTF3A,JAML,within_positive_median,306,305,0.8399330965875148,-0.47113675127829696,1.3110698478658118,1.6907178893828424e-101,3.388239472485535e-101
HAND2,JAML,positive_vs_negative,611,2231,0.015525538292637978,-0.07859172091956557,0.09411725921220354,0.11622373019936796,0.1452432061211675
HAND2,JAML,within_positive_median,306,305,0.629146449885495,-0.600107245141507,1.229253695027002,1.6907178893828424e-101,3.388239472485535e-101
HBP1,JAML,positive_vs_negative,611,2231,2.7216774438339435,2.5345575331821313,0.18711991065181222,5.292312547744835e-05,9.025930304030574e-05
HBP1,JAML,within_positive_median,306,305,3.5749099073007726,1.8656474968803378,1.7092624104204348,1.6907178893828424e-101,3.388239472485535e-101
HDAC1,JAML,positive_vs_negative,611,2231,-0.6848449281629397,-0.5381720322183453,-0.14667289594459443,0.00042261048672684125,0.0006833117610063862
HDAC1,JAML,within_positive_median,306,305,-0.027869912440473883,-1.3439739603303973,1.3161040478899233,1.6907178893828424e-101,3.388239472485535e-101
HDAC3,JAML,positive_vs_negative,611,2231,-2.0077196498753382,-1.8448558840405163,-0.16286376583482198,0.00028057048017354015,0.000458864036539977
HDAC3,JAML,within_positive_median,306,305,-1.2698172749609158,-2.74804137683866,1.4782241018777442,1.6907178893828424e-101,3.388239472485535e-101
HDAC4,JAML,positive_vs_negative,611,2231,0.7399334650360045,0.5912112771960307,0.14872218783997382,2.92873146307856e-05,5.090779297078963e-05
HDAC4,JAML,within_positive_median,306,305,1.401579402830785,0.07611819629763465,1.3254612065331504,1.6907178893828424e-101,3.388239472485535e-101
HDAC7,JAML,positive_vs_negative,611,2231,0.31419618243268194,0.3733413643183065,-0.059145181885624565,0.19413709484885433,0.2335272300355784
HDAC7,JAML,within_positive_median,306,305,0.7974544986832578,-0.17064658731379753,0.9681010859970554,1.6907178893828424e-101,3.388239472485535e-101
HDAC9,JAML,positive_vs_negative,611,2231,0.00929368718668336,-0.000644920305304733,0.009938607491988093,0.7563476122583928,0.7904745244589289
HDAC9,JAML,within_positive_median,306,305,0.6235713071292471,-0.6069979577392985,1.2305692648685458,1.6907178893828424e-101,3.388239472485535e-101
HES1,JAML,positive_vs_negative,611,2231,0.7900367543856496,0.7830397627596476,0.0069969916260019804,0.9740312507094909,0.9769739433098218
HES1,JAML,within_positive_median,306,305,1.521473606079438,0.05620174907975015,1.4652718569996879,1.6907178893828424e-101,3.388239472485535e-101
HESX1,JAML,positive_vs_negative,611,2231,0.6227327818311186,0.5547079446064461,0.06802483722467245,0.1119932330738999,0.1410180279919144
HESX1,JAML,within_positive_median,306,305,1.32428232817934,-0.08111692696414644,1.4053992551434866,1.6907178893828424e-101,3.388239472485535e-101
HEY1,JAML,positive_vs_negative,611,2231,-0.22983725722840165,-0.22241490302162986,-0.007422354206771786,0.31757536325204017,0.3660119660494899
HEY1,JAML,within_positive_median,306,305,0.25082077951291953,-0.7120712219590387,0.9628920014719582,1.6907178893828424e-101,3.388239472485535e-101
HEY2,JAML,positive_vs_negative,611,2231,0.030213660940882014,0.06808661886840021,-0.0378729579275182,0.003967635092337862,0.006005721203599559
HEY2,JAML,within_positive_median,306,305,0.418730023049403,-0.3595765253056998,0.7783065483551028,1.6907178893828424e-101,3.388239472485535e-101
HHEX,JAML,positive_vs_negative,611,2231,-0.1237154503116964,-0.14916838212954853,0.02545293181785213,0.8661499038569034,0.8875363212360863
HHEX,JAML,within_positive_median,306,305,0.4384362099921303,-0.6877102308132406,1.1261464408053707,1.6907178893828424e-101,3.388239472485535e-101
HIC1,JAML,positive_vs_negative,611,2231,0.09583372816300056,0.034189005122208814,0.06164472304079175,0.11258464100668969,0.1415837152053825
HIC1,JAML,within_positive_median,306,305,0.6739718059280321,-0.48419988428322774,1.1581716902112598,1.6907178893828424e-101,3.388239472485535e-101
HIF1A,JAML,positive_vs_negative,611,2231,3.486827846676915,3.050399526673081,0.43642832000383436,9.912776061330148e-14,1.9706836241686282e-13
HIF1A,JAML,within_positive_median,306,305,4.505516599735359,2.464799130493689,2.0407174692416703,1.6907178893828424e-101,3.388239472485535e-101
HINFP,JAML,positive_vs_negative,611,2231,0.3326090041097981,0.27894154101367014,0.053667463096127965,0.07118231189519816,0.09207478265924333
HINFP,JAML,within_positive_median,306,305,0.8839009662748489,-0.2204904726853021,1.104391438960151,1.6907178893828424e-101,3.388239472485535e-101
HIVEP2,JAML,positive_vs_negative,611,2231,6.9955136597856535,6.8176878226741655,0.17782583711148803,0.0006878186434405719,0.0011013944837086971
HIVEP2,JAML,within_positive_median,306,305,7.865238500335793,6.122937262381251,1.7423012379545417,1.6907178893828424e-101,3.388239472485535e-101
HLF,JAML,positive_vs_negative,611,2231,1.6049135880124459,1.567562055575676,0.03735153243676992,0.3157466353221162,0.3644074725154435
HLF,JAML,within_positive_median,306,305,2.283122762181569,0.924480777206703,1.358641984974866,1.6907178893828424e-101,3.388239472485535e-101
HLX,JAML,positive_vs_negative,611,2231,1.9756474527380983,1.913422833260658,0.06222461947744029,0.15845547291538076,0.19460129596019635
HLX,JAML,within_positive_median,306,305,2.753799053455406,1.1949445352971269,1.5588545181582794,1.6907178893828424e-101,3.388239472485535e-101
HMGA1,JAML,positive_vs_negative,611,2231,0.8556019868760467,0.7810245966787874,0.07457739019725929,0.12818495455391551,0.15939102963258409
HMGA1,JAML,within_positive_median,306,305,1.639492451358733,0.06914138972292559,1.5703510616358074,1.6907178893828424e-101,3.388239472485535e-101
HMGA2,JAML,positive_vs_negative,611,2231,3.0303808139072976,2.82522297303589,0.20515784087140743,0.0002482058914056379,0.0004079423561716424
HMGA2,JAML,within_positive_median,306,305,3.9210310508759445,2.1368104122272786,1.7842206386486659,1.6907178893828424e-101,3.388239472485535e-101
HMGB2,JAML,positive_vs_negative,611,2231,0.13486497107685186,0.12983739372005337,0.005027577356798485,0.9337886704111776,0.9413497122768553
HMGB2,JAML,within_positive_median,306,305,0.8385488563892911,-0.5711260745153003,1.4096749309045915,1.6907178893828424e-101,3.388239472485535e-101
HNF1A,JAML,positive_vs_negative,611,2231,0.9421685735084068,0.9772800370441977,-0.03511146353579098,0.5891298608393023,0.6350360837618454
HNF1A,JAML,within_positive_median,306,305,1.5566917595126302,0.3256305573861367,1.2310612021264935,1.6907178893828424e-101,3.388239472485535e-101
HNF1B,JAML,positive_vs_negative,611,2231,-0.5201824440158163,-0.4968159625125431,-0.02336648150327314,0.1747532717604111,0.21278026732685754
HNF1B,JAML,within_positive_median,306,305,-0.03385151731497503,-1.0081078983451848,0.9742563810302097,1.6907178893828424e-101,3.388239472485535e-101
HNF4A,JAML,positive_vs_negative,611,2231,1.1910296127854645,0.9629745319323594,0.2280550808531051,4.293792043906019e-08,8.208477688542025e-08
HNF4A,JAML,within_positive_median,306,305,1.8876552995722442,0.4921199073534821,1.395535392218762,1.6907178893828424e-101,3.388239472485535e-101
HOXA1,JAML,positive_vs_negative,611,2231,1.372714804424232,1.3205996227718075,0.05211518165242457,0.048175989137443885,0.06433759454491046
HOXA1,JAML,within_positive_median,306,305,1.9318859703426263,0.8117102904208594,1.120175679921767,1.6907178893828424e-101,3.388239472485535e-101
HOXA10,JAML,positive_vs_negative,611,2231,0.4171369003600179,0.12968858234954628,0.2874483180104716,4.5967142765846465e-14,9.156654838956616e-14
HOXA10,JAML,within_positive_median,306,305,1.098083506463727,-0.266042317566982,1.364125824030709,1.6907178893828424e-101,3.388239472485535e-101
HOXA7,JAML,positive_vs_negative,611,2231,3.3865365005971944,3.2749502777954396,0.11158622280175479,0.01681085820259804,0.024091532042859926
HOXA7,JAML,within_positive_median,306,305,4.2069871716207645,2.5633958273735478,1.6435913442472168,1.6907178893828424e-101,3.388239472485535e-101
HOXA9,JAML,positive_vs_negative,611,2231,0.3169520360689143,0.21666284107807296,0.10028919499084135,0.01635523253388052,0.02354019017882225
HOXA9,JAML,within_positive_median,306,305,0.9915006348847144,-0.3598081974971014,1.3513088323818159,1.6907178893828424e-101,3.388239472485535e-101
HOXD1,JAML,positive_vs_negative,611,2231,0.004430925166484677,-0.008111926031716026,0.012542851198200703,0.7270400380152624,0.7654671013353079
HOXD1,JAML,within_positive_median,306,305,0.723574285042661,-0.7170702817912528,1.4406445668339138,1.6907178893828424e-101,3.388239472485535e-101
HR,JAML,positive_vs_negative,611,2231,-0.7490451204447954,-0.698193600412524,-0.05085152003227145,0.11604283522392679,0.14519932648621994
HR,JAML,within_positive_median,306,305,-0.2146365999319307,-1.285205800041309,1.0705692001093783,1.6907178893828424e-101,3.388239472485535e-101
HSF1,JAML,positive_vs_negative,611,2231,2.091084092179926,1.8190897912161355,0.2719943009637904,9.974061731018754e-07,1.833908833976917e-06
HSF1,JAML,within_positive_median,306,305,3.0474988271477184,1.1315335711958459,1.9159652559518725,1.6907178893828424e-101,3.388239472485535e-101
HSF2,JAML,positive_vs_negative,611,2231,1.4653191015064848,1.365331087647248,0.09998801385923684,0.0626869856400376,0.08215294433878613
HSF2,JAML,within_positive_median,306,305,2.381469094289815,0.546165338255013,1.835303756034802,1.6907178893828424e-101,3.388239472485535e-101
HSF4,JAML,positive_vs_negative,611,2231,0.223723210661568,0.19869446742262614,0.02502874323894186,0.41594012914505696,0.46652744214918557
HSF4,JAML,within_positive_median,306,305,1.1986171939903123,-0.7543671463830081,1.9529843403733205,1.6907178893828424e-101,3.388239472485535e-101
HTATIP2,JAML,positive_vs_negative,611,2231,0.007256248300651912,-0.012720007664889985,0.019976255965541898,0.5442311721663393,0.5943577274974495
HTATIP2,JAML,within_positive_median,306,305,0.5683521473486318,-0.5556793094327312,1.124031456781363,1.6907178893828424e-101,3.388239472485535e-101
ID1,JAML,positive_vs_negative,611,2231,-0.32366064818738915,-0.4090429916289326,0.08538234344154344,0.016838903871443326,0.024097052091893036
ID1,JAML,within_positive_median,306,305,0.3049089811861039,-0.9542911615916149,1.2592001427777189,1.6907178893828424e-101,3.388239472485535e-101
ID2,JAML,positive_vs_negative,611,2231,0.32258938905304846,0.13199803509714916,0.1905913539558993,2.524017504182721e-07,4.7165505331444465e-07
ID2,JAML,within_positive_median,306,305,1.0411839043661253,-0.3983611738512189,1.4395450782173442,1.6907178893828424e-101,3.388239472485535e-101
ID3,JAML,positive_vs_negative,611,2231,0.7203256257574632,0.6119487001024201,0.10837692565504309,0.0019787623955215047,0.0030891024231025368
ID3,JAML,within_positive_median,306,305,1.4322832963090115,0.00603366776148351,1.426249628547528,1.6907178893828424e-101,3.388239472485535e-101
IKZF1,JAML,positive_vs_negative,611,2231,1.1716314792509892,1.0944843545824563,0.07714712466853291,0.04118156820702024,0.05588125604113374
IKZF1,JAML,within_positive_median,306,305,1.7986350890856277,0.5425721198759089,1.2560629692097187,1.6907178893828424e-101,3.388239472485535e-101
ING4,JAML,positive_vs_negative,611,2231,0.5165201509977092,0.574540810065408,-0.05802065906769882,0.14869017898704015,0.18328640875135147
ING4,JAML,within_positive_median,306,305,1.1878467804731334,-0.15700754939402772,1.3448543298671611,1.6907178893828424e-101,3.388239472485535e-101
IRF1,JAML,positive_vs_negative,611,2231,1.752149028125265,1.6256925929141013,0.12645643521116368,0.007714475885866664,0.011433955330838092
IRF1,JAML,within_positive_median,306,305,2.522449985299553,0.9793224940422082,1.5431274912573447,1.6907178893828424e-101,3.388239472485535e-101
IRF2,JAML,positive_vs_negative,611,2231,0.08767588051537917,0.00048307631221072346,0.08719280420316844,0.019703564449583152,0.027836525094730242
IRF2,JAML,within_positive_median,306,305,0.7826274010526296,-0.6095541695974032,1.392181570650033,1.6907178893828424e-101,3.388239472485535e-101
IRF3,JAML,positive_vs_negative,611,2231,-0.23002310050887056,-0.29464677226744346,0.06462367175857289,0.06722184862249576,0.08752021075556311
IRF3,JAML,within_positive_median,306,305,0.449177622079503,-0.911450710712288,1.360628332791791,1.6907178893828424e-101,3.388239472485535e-101
IRF4,JAML,positive_vs_negative,611,2231,0.7961908873659375,0.7198995641130191,0.07629132325291832,0.08848820251297353,0.11284795096404819
IRF4,JAML,within_positive_median,306,305,1.5062014816527898,0.08385238949125984,1.42234909216153,1.6907178893828424e-101,3.388239472485535e-101
IRF5,JAML,positive_vs_negative,611,2231,0.4973797775401658,0.16489488823622475,0.33248488930394104,2.0421642932162002e-10,3.996062153326789e-10
IRF5,JAML,within_positive_median,306,305,1.4519665878348462,-0.4603368255751528,1.912303413409999,1.6907178893828424e-101,3.388239472485535e-101
IRF6,JAML,positive_vs_negative,611,2231,1.5650352878273412,1.1587263995471035,0.4063088882802377,1.494603137372863e-13,2.965387898054525e-13
IRF6,JAML,within_positive_median,306,305,2.5827580543637247,0.5439757253351012,2.0387823290286233,1.6907178893828424e-101,3.388239472485535e-101
IRF7,JAML,positive_vs_negative,611,2231,0.9026896052052712,0.6835061135342544,0.2191834916710168,2.342481356342879e-05,4.086009511239067e-05
IRF7,JAML,within_positive_median,306,305,1.8373806942052198,-0.03506604474221834,1.8724467389474382,1.6907178893828424e-101,3.388239472485535e-101
IRF8,JAML,positive_vs_negative,611,2231,-0.4604515197690363,-0.5821149498605472,0.12166343009151093,0.0020332447059095067,0.0031642370735716695
IRF8,JAML,within_positive_median,306,305,0.2738477369535119,-1.1971583150382157,1.4710060519917276,1.6907178893828424e-101,3.388239472485535e-101
IRF9,JAML,positive_vs_negative,611,2231,-0.16443424828114644,-0.08545210940512597,-0.07898213887602047,0.04334347091270825,0.058416910729441704
IRF9,JAML,within_positive_median,306,305,0.4900306679713234,-0.8210449511442801,1.3110756191156034,1.6907178893828424e-101,3.388239472485535e-101
JARID2,JAML,positive_vs_negative,611,2231,-0.17638116234651327,-0.17200584269578142,-0.004375319650731846,0.09509884874685012,0.12066045012976143
JARID2,JAML,within_positive_median,306,305,0.25803207132840483,-0.6122187017056113,0.8702507730340161,1.6907178893828424e-101,3.388239472485535e-101
JDP2,JAML,positive_vs_negative,611,2231,1.0909847328243307,0.9162108368806816,0.17477389594364912,5.163173784513486e-05,8.835946888961222e-05
JDP2,JAML,within_positive_median,306,305,1.7923246162013857,0.3873453744198101,1.4049792417815756,1.6907178893828424e-101,3.388239472485535e-101
JUN,JAML,positive_vs_negative,611,2231,4.046014708277884,3.626692611753708,0.41932209652417596,1.5687484077353916e-10,3.0757350671347445e-10
JUN,JAML,within_positive_median,306,305,5.134843748324355,2.9536157369525715,2.181228011371784,1.6907178893828424e-101,3.388239472485535e-101
JUNB,JAML,positive_vs_negative,611,2231,1.5385988288562216,1.3778504526740232,0.1607483761821984,0.0010529784199699791,0.0016753458566934492
JUNB,JAML,within_positive_median,306,305,2.4460294352346823,0.6281930401617659,1.8178363950729164,1.6907178893828424e-101,3.388239472485535e-101
JUND,JAML,positive_vs_negative,611,2231,0.40144291606988025,0.30152793012609486,0.0999149859437854,0.006171102066348549,0.009215018977635915
JUND,JAML,within_positive_median,306,305,1.1360818006368631,-0.33560462057765034,1.4716864212145135,1.6907178893828424e-101,3.388239472485535e-101
KAT2B,JAML,positive_vs_negative,611,2231,-0.07815591453930948,-0.07366616114860017,-0.004489753390709311,0.3946512364810254,0.4451558681031725
KAT2B,JAML,within_positive_median,306,305,0.47941722391511393,-0.6375571616444031,1.1169743855595171,1.6907178893828424e-101,3.388239472485535e-101
KAT5,JAML,positive_vs_negative,611,2231,-0.2401696270682245,-0.3100214400140585,0.06985181294583401,0.0482959036805459,0.06439453824072786
KAT5,JAML,within_positive_median,306,305,0.34581666575982567,-0.8280771864301372,1.173893852189963,1.6907178893828424e-101,3.388239472485535e-101
KAT6A,JAML,positive_vs_negative,611,2231,-0.14830106383588662,-0.2568779104373253,0.10857684660143865,0.003490221317198281,0.005315382923439584
KAT6A,JAML,within_positive_median,306,305,0.47383413326325197,-0.7724760484664978,1.2463101817297497,1.6907178893828424e-101,3.388239472485535e-101
KAT6B,JAML,positive_vs_negative,611,2231,-0.38189713259286945,-0.44294068889874644,0.06104355630587699,0.7313889719570482,0.76761160808137
KAT6B,JAML,within_positive_median,306,305,0.05306917390003983,-0.8182895581234604,0.8713587320235002,1.6907178893828424e-101,3.388239472485535e-101
KAT7,JAML,positive_vs_negative,611,2231,1.428865241744751,1.3078521882059568,0.1210130535387941,0.0020332447059095067,0.0031642370735716695
KAT7,JAML,within_positive_median,306,305,2.1151021543979756,0.7403783720008599,1.3747237823971157,1.6907178893828424e-101,3.388239472485535e-101
KDM2A,JAML,positive_vs_negative,611,2231,0.3902836295651445,0.3059251392102293,0.08435849035491522,0.029350044072318525,0.04082771493858834
KDM2A,JAML,within_positive_median,306,305,1.0311184359555816,-0.2526522745511629,1.2837707105067446,1.6907178893828424e-101,3.388239472485535e-101
KDM5A,JAML,positive_vs_negative,611,2231,1.0749234006166586,1.0244783846609002,0.05044501595575834,0.224845287543759,0.2669200314583837
KDM5A,JAML,within_positive_median,306,305,1.7899567449151987,0.3575456846974673,1.4324110602177313,1.6907178893828424e-101,3.388239472485535e-101
KDM5B,JAML,positive_vs_negative,611,2231,-0.470923356474009,-0.423072705665754,-0.04785065080825501,0.05107753162207901,0.06801232820266136
KDM5B,JAML,within_positive_median,306,305,0.039198362126438846,-0.9827176052993762,1.0219159674258151,1.6907178893828424e-101,3.388239472485535e-101
KDM5C,JAML,positive_vs_negative,611,2231,-0.6386329949420332,-0.5729689692902337,-0.06566402565179952,1.533737180856259e-06,2.7978062859575715e-06
KDM5C,JAML,within_positive_median,306,305,-0.3551197035099379,-0.9230758381493157,0.5679561346393778,1.6907178893828424e-101,3.388239472485535e-101
KLF1,JAML,positive_vs_negative,611,2231,-0.4987563624904958,-0.49368266809401273,-0.005073694396483086,0.4983442990823749,0.5490607542987228
KLF1,JAML,within_positive_median,306,305,0.030961772002353626,-1.0302112777521744,1.061173049754528,1.6907178893828424e-101,3.388239472485535e-101
KLF10,JAML,positive_vs_negative,611,2231,-0.18083591767537124,-0.1298911725431864,-0.05094474513218483,0.07681407226428712,0.09897388871310475
KLF10,JAML,within_positive_median,306,305,0.4497866566368749,-0.8135261069853624,1.2633127636222374,1.6907178893828424e-101,3.388239472485535e-101
KLF11,JAML,positive_vs_negative,611,2231,-0.3234794859637277,-0.31613027546193523,-0.007349210501792491,0.02478428034000709,0.03471890748051626
KLF11,JAML,within_positive_median,306,305,-0.005492112880864712,-0.6425094405976821,0.6370173277168174,1.6907178893828424e-101,3.388239472485535e-101
KLF13,JAML,positive_vs_negative,611,2231,0.7997827605433572,0.5603842713561649,0.2393984891871923,5.4062959907562745e-06,9.70210956178964e-06
KLF13,JAML,within_positive_median,306,305,1.744085492126405,-0.1476160455694709,1.891701537695876,1.6907178893828424e-101,3.388239472485535e-101
KLF15,JAML,positive_vs_negative,611,2231,0.40564842438235765,0.27359718805010874,0.1320512363322489,0.0030557078804748236,0.004711277165561803
KLF15,JAML,within_positive_median,306,305,1.1992563535382248,-0.39056149798385653,1.5898178515220813,1.6907178893828424e-101,3.388239472485535e-101
KLF2,JAML,positive_vs_negative,611,2231,-0.7330893351923785,-0.516192567797813,-0.21689676739456554,2.2217016020622097e-08,4.2636123230326795e-08
KLF2,JAML,within_positive_median,306,305,-0.0794479857040338,-1.388873771072488,1.3094257853684543,1.6907178893828424e-101,3.388239472485535e-101
KLF3,JAML,positive_vs_negative,611,2231,0.7095047703084609,0.913796978448568,-0.20429220814010707,2.7396424315260776e-06,4.9432678655796615e-06
KLF3,JAML,within_positive_median,306,305,1.5288287586961673,-0.11250552623789373,1.641334284934061,1.6907178893828424e-101,3.388239472485535e-101
KLF4,JAML,positive_vs_negative,611,2231,1.4688950336825692,1.4009863959725009,0.06790863771006839,0.08784492407803433,0.1123152045978462
KLF4,JAML,within_positive_median,306,305,2.1621073432622615,0.7734098968583527,1.3886974464039088,1.6907178893828424e-101,3.388239472485535e-101
KLF5,JAML,positive_vs_negative,611,2231,0.48848251775288004,0.31657546002135684,0.1719070577315232,1.7385072141733045e-05,3.059281246142423e-05
KLF5,JAML,within_positive_median,306,305,1.2040658545062777,-0.22944699387511883,1.4335128483813966,1.6907178893828424e-101,3.388239472485535e-101
KLF6,JAML,positive_vs_negative,611,2231,0.4328500576494954,0.43595266239588826,-0.0031026047463928452,0.9362667578578262,0.9428935195413497
KLF6,JAML,within_positive_median,306,305,1.1473074672103996,-0.28394983522144446,1.431257302431844,1.6907178893828424e-101,3.388239472485535e-101
KLF8,JAML,positive_vs_negative,611,2231,-0.43592960076146225,-0.3661800448246691,-0.06974955593679316,0.06088702876479628,0.0800045918861967
KLF8,JAML,within_positive_median,306,305,0.26393909028453444,-1.1380929432535114,1.4020320335380458,1.6907178893828424e-101,3.388239472485535e-101
KLF9,JAML,positive_vs_negative,611,2231,1.3476905926512797,1.4024683878937763,-0.054777795242496596,0.023509045405281093,0.033025400879633245
KLF9,JAML,within_positive_median,306,305,1.9076003743382974,0.7859450411882392,1.1216553331500583,1.6907178893828424e-101,3.388239472485535e-101
KMT2A,JAML,positive_vs_negative,611,2231,1.7027241408227427,1.6200918381544311,0.08263230266831156,0.01617702760396006,0.023317394346663124
KMT2A,JAML,within_positive_median,306,305,2.3672568137163688,1.036012672280285,1.3312441414360838,1.6907178893828424e-101,3.388239472485535e-101
KMT2B,JAML,positive_vs_negative,611,2231,0.3000941196420023,0.2771040833790537,0.0229900362629486,0.8686018121464675,0.8891340235332802
KMT2B,JAML,within_positive_median,306,305,1.016718562463237,-0.41887991151635146,1.4355984739795886,1.6907178893828424e-101,3.388239472485535e-101
LEF1,JAML,positive_vs_negative,611,2231,1.1398577962710088,0.9458612717759063,0.19399652449510252,6.305640568753645e-06,1.1295715838990343e-05
LEF1,JAML,within_positive_median,306,305,1.8633071092326794,0.4140365183488082,1.4492705908838712,1.6907178893828424e-101,3.388239472485535e-101
LHX2,JAML,positive_vs_negative,611,2231,2.108578739225239,2.042120456173646,0.06645828305159274,0.31117854246693744,0.36003111540365484
LHX2,JAML,within_positive_median,306,305,2.890985970284054,1.3236062385563954,1.5673797317276588,1.6907178893828424e-101,3.388239472485535e-101
LITAF,JAML,positive_vs_negative,611,2231,-0.16573048282351854,-0.1653731930342895,-0.00035728978922905386,0.8319688338538676,0.8586952938015047
LITAF,JAML,within_positive_median,306,305,0.4272742292793114,-0.7606794726709478,1.1879537019502593,1.6907178893828424e-101,3.388239472485535e-101
LMO2,JAML,positive_vs_negative,611,2231,0.3526530937950546,0.2749095611047098,0.07774353269034479,0.17381816563881813,0.21216040805914568
LMO2,JAML,within_positive_median,306,305,0.9640650406895634,-0.2607634824335348,1.2248285231230982,1.6907178893828424e-101,3.388239472485535e-101
LMX1B,JAML,positive_vs_negative,611,2231,-0.3968970170597326,-0.43672516109570025,0.03982814403596763,0.7553746237444856,0.7902868962704913
LMX1B,JAML,within_positive_median,306,305,0.08909384934665333,-0.8844812961428608,0.9735751454895141,1.6907178893828424e-101,3.388239472485535e-101
LYL1,JAML,positive_vs_negative,611,2231,-0.18312118679806827,-0.1400114157672246,-0.04310977103084368,0.0212689118879701,0.030005433768297764
LYL1,JAML,within_positive_median,306,305,0.3888242515640181,-0.7569418561056042,1.1457661076696222,1.6907178893828424e-101,3.388239472485535e-101
MAF,JAML,positive_vs_negative,611,2231,1.2131688416158837,1.0903512324111952,0.12281760920468843,0.0033315272631848575,0.005097083186070842
MAF,JAML,within_positive_median,306,305,1.9261173687324884,0.4978827783447983,1.42823459038769,1.6907178893828424e-101,3.388239472485535e-101
MAFA,JAML,positive_vs_negative,611,2231,-0.512878938911891,-0.45932507428546726,-0.0535538646264237,0.0017642597054081197,0.0027672482938369877
MAFA,JAML,within_positive_median,306,305,-0.12039352229819797,-0.9066511929571043,0.7862576706589063,1.6907178893828424e-101,3.388239472485535e-101
MAFB,JAML,positive_vs_negative,611,2231,-0.13694737844565533,-0.1952674887708095,0.05832011032515416,0.39678719555236674,0.4470588764368295
MAFB,JAML,within_positive_median,306,305,0.46768120332902463,-0.7435583490130392,1.2112395523420638,1.6907178893828424e-101,3.388239472485535e-101
MAFG,JAML,positive_vs_negative,611,2231,-0.14388925144311632,-0.16008737874887607,0.016198127305759757,0.944413264951366,0.950136981708647
MAFG,JAML,within_positive_median,306,305,0.3917465147065929,-0.6812812004326607,1.0730277151392535,1.6907178893828424e-101,3.388239472485535e-101
MAFK,JAML,positive_vs_negative,611,2231,0.19187916699424573,0.1273004714917966,0.06457869550244913,0.0718825945036611,0.09286000535103303
MAFK,JAML,within_positive_median,306,305,0.8254270688608294,-0.44374594110796617,1.2691730099687955,1.6907178893828424e-101,3.388239472485535e-101
MAX,JAML,positive_vs_negative,611,2231,2.683554954320338,2.4955481525706618,0.1880068017496761,1.5133699918070959e-05,2.6678168351148097e-05
MAX,JAML,within_positive_median,306,305,3.4293177380847575,1.9353470466747231,1.4939706914100344,1.6907178893828424e-101,3.388239472485535e-101
MAZ,JAML,positive_vs_negative,611,2231,-0.6357508022750566,-0.6007758510853403,-0.034974951189716386,0.10025724775184436,0.12688210770119057
MAZ,JAML,within_positive_median,306,305,-0.12832712623293172,-1.1448381625009263,1.0165110362679945,1.6907178893828424e-101,3.388239472485535e-101
MBD1,JAML,positive_vs_negative,611,2231,1.3912109312665222,1.341479343143121,0.04973158812340128,0.13188262541776857,0.16358044198766813
MBD1,JAML,within_positive_median,306,305,1.9895760284329804,0.7908839813224694,1.198692047110511,1.6907178893828424e-101,3.388239472485535e-101
MBD2,JAML,positive_vs_negative,611,2231,-0.2510725758604173,-0.2559771498705611,0.00490457401014377,0.9948941654159844,0.9948941654159844
MBD2,JAML,within_positive_median,306,305,0.37166112518374256,-0.8758480267440664,1.247509151927809,1.6907178893828424e-101,3.388239472485535e-101
MECOM,JAML,positive_vs_negative,611,2231,0.8828480659593795,0.8272236511116507,0.05562441484772873,0.3054972015391848,0.3542202709348406
MECOM,JAML,within_positive_median,306,305,1.7584315246117976,0.004393841868756567,1.754037682743041,1.6907178893828424e-101,3.388239472485535e-101
MECP2,JAML,positive_vs_negative,611,2231,0.8126998013674336,0.7965788865993627,0.01612091476807087,0.5622555046240527,0.6113607888706949
MECP2,JAML,within_positive_median,306,305,1.3281060886822575,0.29560365737288885,1.0325024313093687,1.6907178893828424e-101,3.388239472485535e-101
MEF2A,JAML,positive_vs_negative,611,2231,1.4004314631602068,1.2849386386674706,0.11549282449273623,0.004012692835034855,0.006055518278325326
MEF2A,JAML,within_positive_median,306,305,2.05358285907576,0.745138587258045,1.3084442718177147,1.6907178893828424e-101,3.388239472485535e-101
MEF2C,JAML,positive_vs_negative,611,2231,1.202141027817518,1.0755388576187832,0.12660217019873476,0.004034684247998501,0.006079493965214081
MEF2C,JAML,within_positive_median,306,305,1.9839086943486601,0.4178101886092246,1.5660985057394354,1.6907178893828424e-101,3.388239472485535e-101
MEF2D,JAML,positive_vs_negative,611,2231,0.7079516826276822,0.6515628800102191,0.05638880261746304,0.15634744523123179,0.19224945117321834
MEF2D,JAML,within_positive_median,306,305,1.40715553872791,0.006455354868109483,1.4007001838598006,1.6907178893828424e-101,3.388239472485535e-101
MEIS1,JAML,positive_vs_negative,611,2231,-0.439292170226891,-0.31923968886915455,-0.12005248135773644,0.0004477900376681311,0.0007216810315816482
MEIS1,JAML,within_positive_median,306,305,0.1283432560074465,-1.008788696219374,1.1371319522268204,1.6907178893828424e-101,3.388239472485535e-101
MEOX2,JAML,positive_vs_negative,611,2231,-0.04993971426021272,0.042543103794197075,-0.0924828180544098,0.001178264668188874,0.0018657418275296004
MEOX2,JAML,within_positive_median,306,305,0.5802728688515887,-0.6822185681363151,1.262491436987904,1.6907178893828424e-101,3.388239472485535e-101
MITF,JAML,positive_vs_negative,611,2231,0.042191798225064976,-0.04678561013694865,0.08897740836201362,0.005304074867931079,0.007956112301896618
MITF,JAML,within_positive_median,306,305,0.6723647341638803,-0.5900472784873204,1.2624120126512008,1.6907178893828424e-101,3.388239472485535e-101
MLXIPL,JAML,positive_vs_negative,611,2231,-0.0825573221463131,-0.021165332045942592,-0.06139199010037051,0.00987326413830199,0.014568549750738935
MLXIPL,JAML,within_positive_median,306,305,0.5031974218328271,-0.6702325734827619,1.1734299953155891,1.6907178893828424e-101,3.388239472485535e-101
MNT,JAML,positive_vs_negative,611,2231,-0.26017329626048,-0.24509416789494914,-0.01507912836553088,0.5234154047296615,0.5741428888884834
MNT,JAML,within_positive_median,306,305,0.3083092874238632,-0.8305197572683785,1.1388290446922418,1.6907178893828424e-101,3.388239472485535e-101
MSC,JAML,positive_vs_negative,611,2231,0.5789008645640987,0.5289499487233966,0.049950915840702104,0.18488253535389243,0.22347452088892822
MSC,JAML,within_positive_median,306,305,1.3015929763480907,-0.14616072955361115,1.4477537059017018,1.6907178893828424e-101,3.388239472485535e-101
MSX1,JAML,positive_vs_negative,611,2231,1.720214867442517,1.6284937430991957,0.09172112434332136,0.06487731476780723,0.08491170237678843
MSX1,JAML,within_positive_median,306,305,2.299566011783466,1.138964211152909,1.1606018006305572,1.6907178893828424e-101,3.388239472485535e-101
MSX2,JAML,positive_vs_negative,611,2231,0.6017425797582299,0.6272765156430442,-0.02553393588481434,0.3392810894801126,0.38708357975050645
MSX2,JAML,within_positive_median,306,305,1.1347432683727448,0.06699434790235578,1.067748920470389,5.406810879465252e-103,3.388239472485535e-101
MTA1,JAML,positive_vs_negative,611,2231,0.5522548699492209,0.4758047491738591,0.07645012077536179,0.012721152789690248,0.018605386458930232
MTA1,JAML,within_positive_median,306,305,1.1350483045184188,-0.032449362766105674,1.1674976672845245,1.6907178893828424e-101,3.388239472485535e-101
MTA3,JAML,positive_vs_negative,611,2231,0.022519985764168485,0.05892754465114864,-0.036407558886980156,0.21011364282312261,0.25153027434114195
MTA3,JAML,within_positive_median,306,305,0.6211174125973753,-0.5780400555832457,1.199157468180621,1.6907178893828424e-101,3.388239472485535e-101
MTF1,JAML,positive_vs_negative,611,2231,0.21628487973525892,0.21591294108760783,0.00037193864765108775,0.45131740461293535,0.5005703062299373
MTF1,JAML,within_positive_median,306,305,0.8980088516247676,-0.46767425271782187,1.3656831043425894,1.6907178893828424e-101,3.388239472485535e-101
MXD1,JAML,positive_vs_negative,611,2231,-0.672458991885584,-0.6654356968241244,-0.0070232950614596,0.9026540646497863,0.9202082378620133
MXD1,JAML,within_positive_median,306,305,-0.01595826739496929,-1.3311121777679713,1.315153910373002,1.6907178893828424e-101,3.388239472485535e-101
MXI1,JAML,positive_vs_negative,611,2231,-0.19608561410642675,-0.20852563284455647,0.012440018738129721,0.4505154163863597,0.5002378536463927
MXI1,JAML,within_positive_median,306,305,0.3295128687973562,-0.7234073707246483,1.0529202395220045,1.6907178893828424e-101,3.388239472485535e-101
MYB,JAML,positive_vs_negative,611,2231,3.0410853194709153,2.6981859719036176,0.3428993475672977,2.1076159036845043e-14,4.206784449037608e-14
MYB,JAML,within_positive_median,306,305,3.804070878002251,2.275598168944395,1.5284727090578563,1.6907178893828424e-101,3.388239472485535e-101
MYBL1,JAML,positive_vs_negative,611,2231,0.14649317619930072,0.1048466324804794,0.041646543718821316,0.3982461102341789,0.4481956223652454
MYBL1,JAML,within_positive_median,306,305,0.827079322208187,-0.5363243997964999,1.363403722004687,1.6907178893828424e-101,3.388239472485535e-101
MYBL2,JAML,positive_vs_negative,611,2231,-0.3896464210632357,-0.41419009435062226,0.024543673287386547,0.4588077213064127,0.5077472115790967
MYBL2,JAML,within_positive_median,306,305,0.19054213295259761,-0.9717372326332194,1.162279365585817,1.6907178893828424e-101,3.388239472485535e-101
MYC,JAML,positive_vs_negative,611,2231,11.635424378194081,11.723685720654897,-0.0882613424608163,0.07778397596475108,0.10009410860580371
MYC,JAML,within_positive_median,306,305,12.627487472583285,10.640108617921637,1.9873788546616478,1.6907178893828424e-101,3.388239472485535e-101
MYCN,JAML,positive_vs_negative,611,2231,1.3024044497950031,1.1078190861627104,0.19458536363229273,2.2845898465883296e-07,4.277164449627775e-07
MYCN,JAML,within_positive_median,306,305,1.9579790331761222,0.6446804415503395,1.3132985916257827,1.6907178893828424e-101,3.388239472485535e-101
MYF5,JAML,positive_vs_negative,611,2231,0.10608549941324093,0.08221799850943069,0.023867500903810235,0.5540642280459751,0.6031125367582417
MYF5,JAML,within_positive_median,306,305,0.7371000210063271,-0.5269979222506422,1.2640979432569694,1.6907178893828424e-101,3.388239472485535e-101
MYOD1,JAML,positive_vs_negative,611,2231,1.1590796560936831,1.1228269690798642,0.036252687013818896,0.28659743154684003,0.3346436598131919
MYOD1,JAML,within_positive_median,306,305,1.7896591276363507,0.5264327108738267,1.263226416762524,1.6907178893828424e-101,3.388239472485535e-101
MYOG,JAML,positive_vs_negative,611,2231,2.4005782244591143,2.199983445995812,0.20059477846330243,0.0001805845032552024,0.00029977027540363597
MYOG,JAML,within_positive_median,306,305,3.2489142386072354,1.5494607807564098,1.6994534578508256,1.6907178893828424e-101,3.388239472485535e-101
MZF1,JAML,positive_vs_negative,611,2231,-0.44751134079359106,-0.3523269429181751,-0.09518439787541594,9.770182542624784e-07,1.8020558911952382e-06
MZF1,JAML,within_positive_median,306,305,-0.025527957508766828,-0.8708782761547591,0.8453503186459923,1.6907178893828424e-101,3.388239472485535e-101
NAB2,JAML,positive_vs_negative,611,2231,0.3308387108853623,0.3375662464724719,-0.00672753558710959,0.15233871612300667,0.1875517444481022
NAB2,JAML,within_positive_median,306,305,0.7536574267724074,-0.09336629587344354,0.847023722645851,1.6907178893828424e-101,3.388239472485535e-101
NANOG,JAML,positive_vs_negative,611,2231,0.6888639491390953,0.6508039806646865,0.038059968474408845,0.4337958051918517,0.48328928632112333
NANOG,JAML,within_positive_median,306,305,1.3548040842992506,0.020740403699726247,1.3340636805995243,1.6907178893828424e-101,3.388239472485535e-101
NCOA1,JAML,positive_vs_negative,611,2231,-0.7673739423413948,-0.8386248008626721,0.07125085852127733,0.014271365176190065,0.020690363486878173
NCOA1,JAML,within_positive_median,306,305,-0.23652353557777334,-1.2999648422419459,1.0634413066641726,1.6907178893828424e-101,3.388239472485535e-101
NCOA2,JAML,positive_vs_negative,611,2231,-0.24916458473543074,-0.32723614394472245,0.07807155920929171,0.0022277017332590953,0.003461452303160778
NCOA2,JAML,within_positive_median,306,305,0.24912277093304447,-0.7490856694388844,0.9982084403719289,1.6907178893828424e-101,3.388239472485535e-101
NCOA3,JAML,positive_vs_negative,611,2231,0.6095525258938368,0.49155743443667005,0.11799509145716675,0.001079633617708783,0.0017150160817192151
NCOA3,JAML,within_positive_median,306,305,1.2323816612155567,-0.015318672166642724,1.2477003333821994,1.6907178893828424e-101,3.388239472485535e-101
NCOR1,JAML,positive_vs_negative,611,2231,-0.10154811742808377,-0.07275001171381354,-0.02879810571427023,0.3641286409436132,0.4135372022575128
NCOR1,JAML,within_positive_median,306,305,0.4776699872828461,-0.6826652978921642,1.1603352851750104,1.6907178893828424e-101,3.388239472485535e-101
NCOR2,JAML,positive_vs_negative,611,2231,-0.7137398367006206,-0.6889307911270476,-0.024809045573572996,0.4913102698039785,0.5419103308136906
NCOR2,JAML,within_positive_median,306,305,-0.23367680964108287,-1.1953768408980583,0.9617000312569755,1.6907178893828424e-101,3.388239472485535e-101
NEUROD1,JAML,positive_vs_negative,611,2231,-0.10385083835748243,-0.16203134473174063,0.0581805063742582,0.11425878881824887,0.1435078860819368
NEUROD1,JAML,within_positive_median,306,305,0.5847021497169388,-0.7946613772124754,1.3793635269294142,1.6907178893828424e-101,3.388239472485535e-101
NEUROD2,JAML,positive_vs_negative,611,2231,-0.38048004413773673,-0.40284695596968234,0.022366911831945613,0.2794612874952397,0.32669418115640697
NEUROD2,JAML,within_positive_median,306,305,-0.007407550333304009,-0.7547757264464463,0.7473681761131423,1.6907178893828424e-101,3.388239472485535e-101
NFAT5,JAML,positive_vs_negative,611,2231,1.5104613983532549,1.4485253871746964,0.061936011178558514,0.17779591548359475,0.2154315472282973
NFAT5,JAML,within_positive_median,306,305,2.3145403575221364,0.7037461147280818,1.6107942427940545,1.6907178893828424e-101,3.388239472485535e-101
NFATC1,JAML,positive_vs_negative,611,2231,-0.8279347243548894,-0.8072549956372355,-0.02067972871765389,0.5969432806097945,0.6420685825997358
NFATC1,JAML,within_positive_median,306,305,-0.27224469294282866,-1.38544669029617,1.1132019973533414,1.6907178893828424e-101,3.388239472485535e-101
NFATC2,JAML,positive_vs_negative,611,2231,0.32901136268317954,0.11044624354378312,0.2185651191393964,7.7755518147885e-08,1.480774303542896e-07
NFATC2,JAML,within_positive_median,306,305,1.0698407743152336,-0.4142469978394714,1.484087772154705,1.6907178893828424e-101,3.388239472485535e-101
NFATC3,JAML,positive_vs_negative,611,2231,1.3670259519893342,1.124676419367821,0.24234953262151326,2.288072617224501e-06,4.143491503192005e-06
NFATC3,JAML,within_positive_median,306,305,2.280274859421082,0.45078278584469555,1.8294920735763867,1.6907178893828424e-101,3.388239472485535e-101
NFATC4,JAML,positive_vs_negative,611,2231,-0.10605373943797178,-0.15538316114918982,0.04932942171121804,0.09962624628781233,0.12624394567768585
NFATC4,JAML,within_positive_median,306,305,0.4332205765263233,-0.6470961679136251,1.0803167444399484,1.6907178893828424e-101,3.388239472485535e-101
NFE2,JAML,positive_vs_negative,611,2231,-0.5847841457531152,-0.59549552030732,0.010711374554204789,0.019656769282771325,0.027809861087557158
NFE2,JAML,within_positive_median,306,305,-0.3158966652091591,-0.8545532245939367,0.5386565593847776,1.6907178893828424e-101,3.388239472485535e-101
NFE2L1,JAML,positive_vs_negative,611,2231,-0.47834633104512553,-0.437245014213607,-0.04110131683151852,0.007618026109502057,0.011307830111868923
NFE2L1,JAML,within_positive_median,306,305,-0.12298282488410794,-0.8348749634558514,0.7118921385717435,1.6907178893828424e-101,3.388239472485535e-101
NFE2L2,JAML,positive_vs_negative,611,2231,0.15935300823000637,0.007180203176698504,0.15217280505330785,0.0001351654382450094,0.00022626012855803254
NFE2L2,JAML,within_positive_median,306,305,0.8453306949909132,-0.5288737857006084,1.3742044806915215,1.6907178893828424e-101,3.388239472485535e-101
NFE2L3,JAML,positive_vs_negative,611,2231,-0.34367341150757474,-0.3376900619645177,-0.0059833495430570705,0.10906056972920856,0.13749914867125537
NFE2L3,JAML,within_positive_median,306,305,0.06962924669257912,-0.7583311603903521,0.8279604070829312,1.6907178893828424e-101,3.388239472485535e-101
NFIA,JAML,positive_vs_negative,611,2231,0.5388346034177663,0.48964581225475123,0.04918879116301511,0.25518572068386747,0.30043141584058153
NFIA,JAML,within_positive_median,306,305,1.2541491585518707,-0.1788252453397284,1.432974403891599,1.6907178893828424e-101,3.388239472485535e-101
NFIB,JAML,positive_vs_negative,611,2231,-0.17804331109126373,-0.1624464562593003,-0.015596854831963436,0.21279825485418147,0.25382881656858053
NFIB,JAML,within_positive_median,306,305,0.32656806938054733,-0.6843091551056053,1.0108772244861526,1.6907178893828424e-101,3.388239472485535e-101
NFIC,JAML,positive_vs_negative,611,2231,0.676444310251918,0.5011701708055125,0.17527413944640546,1.3673024659800216e-05,2.4188867781813526e-05
NFIC,JAML,within_positive_median,306,305,1.4153456548438528,-0.06487966169933435,1.4802253165431871,1.6907178893828424e-101,3.388239472485535e-101
NFIL3,JAML,positive_vs_negative,611,2231,0.4785875833262755,0.45533065167831277,0.02325693164796272,0.5635700139110909,0.6121218471706068
NFIL3,JAML,within_positive_median,306,305,1.1033556182105957,-0.14822887134455073,1.2515844895551465,1.6907178893828424e-101,3.388239472485535e-101
NFIX,JAML,positive_vs_negative,611,2231,-0.09745619722183356,-0.15871891413358366,0.0612627169117501,0.7103962831528224,0.75032311560998
NFIX,JAML,within_positive_median,306,305,0.3619152546759357,-0.5583337850274643,0.9202490397034,1.6907178893828424e-101,3.388239472485535e-101
NFKB,JAML,positive_vs_negative,611,2231,3.246190292023192,2.8984425047760856,0.34774778724710664,2.567572119756427e-09,4.984993823152829e-09
NFKB,JAML,within_positive_median,306,305,4.230457238470666,2.258696240833268,1.9717609976373978,1.6907178893828424e-101,3.388239472485535e-101
NFKB1,JAML,positive_vs_negative,611,2231,3.4279249116437622,3.175218174761949,0.2527067368818132,2.7298163816759767e-05,4.753316636624603e-05
NFKB1,JAML,within_positive_median,306,305,4.419735297337892,2.432862688619487,1.9868726087184054,1.6907178893828424e-101,3.388239472485535e-101
NFKB2,JAML,positive_vs_negative,611,2231,3.650383194687237,3.3363553415523977,0.3140278531348395,1.290342931045727e-10,2.5348748704566944e-10
NFKB2,JAML,within_positive_median,306,305,4.500096482448208,2.7978839617204923,1.7022125207277155,1.6907178893828424e-101,3.388239472485535e-101
NFKBIB,JAML,positive_vs_negative,611,2231,0.32059458436587907,0.08987169934268219,0.23072288502319688,5.693007738534995e-08,1.0862520512607001e-07
NFKBIB,JAML,within_positive_median,306,305,1.120400389478264,-0.48183353486162855,1.6022339243398924,1.6907178893828424e-101,3.388239472485535e-101
NFKBIZ,JAML,positive_vs_negative,611,2231,-0.36525771009129915,-0.40711506711808926,0.04185735702679011,0.8235136641263543,0.8508502172923744
NFKBIZ,JAML,within_positive_median,306,305,0.08939392991760751,-0.8214000112149892,0.9107939411325967,1.6907178893828424e-101,3.388239472485535e-101
NFYA,JAML,positive_vs_negative,611,2231,1.1849257960628063,1.228164252767804,-0.04323845670499771,0.297195214325073,0.34580190825674384
NFYA,JAML,within_positive_median,306,305,1.8336805876970352,0.5340439395379731,1.299636648159062,1.6907178893828424e-101,3.388239472485535e-101
NFYB,JAML,positive_vs_negative,611,2231,2.6025100346599968,2.5885372555071298,0.013972779152866988,0.706670065402956,0.7471798143751
NFYB,JAML,within_positive_median,306,305,3.412860251227429,1.7895029321366058,1.623357319090823,1.6907178893828424e-101,3.388239472485535e-101
NFYC,JAML,positive_vs_negative,611,2231,0.3663733384634248,0.4296824740275527,-0.06330913556412793,0.2388551931437144,0.28220613567157715
NFYC,JAML,within_positive_median,306,305,1.2633790471402975,-0.5335733725369786,1.7969524196772761,1.6907178893828424e-101,3.388239472485535e-101
NKX2-1,JAML,positive_vs_negative,611,2231,0.9015680358769589,0.8232048258174335,0.0783632100595254,0.08804165573677522,0.11242242194080528
NKX2-1,JAML,within_positive_median,306,305,1.5585249404487709,0.24245717424097704,1.3160677662077938,1.6907178893828424e-101,3.388239472485535e-101
NKX2-2,JAML,positive_vs_negative,611,2231,1.3505930037513416,1.2389910822792127,0.11160192147212888,0.019311765639180203,0.027360623864329275
NKX2-2,JAML,within_positive_median,306,305,2.0418288886451443,0.6570907716939534,1.384738116951191,1.6907178893828424e-101,3.388239472485535e-101
NKX2-5,JAML,positive_vs_negative,611,2231,-0.07614092322674423,-0.21448627168275614,0.1383453484560119,0.0001335896411239603,0.0002239987921876506
NKX2-5,JAML,within_positive_median,306,305,0.5722757728613133,-0.7266835756954183,1.2989593485567315,1.6907178893828424e-101,3.388239472485535e-101
NKX3-1,JAML,positive_vs_negative,611,2231,-0.2551118671567592,-0.25510675479670425,-5.11236005495963e-06,0.9287902217580689,0.9391624983462302
NKX3-1,JAML,within_positive_median,306,305,0.37439515271768237,-0.8866828444734121,1.2610779971910944,1.6907178893828424e-101,3.388239472485535e-101
NONO,JAML,positive_vs_negative,611,2231,-0.023793081166767604,0.08722075598643507,-0.11101383715320268,0.00011786864539029278,0.0001983060317715061
NONO,JAML,within_positive_median,306,305,0.6655044315577433,-0.7153505857362769,1.3808550172940202,1.6907178893828424e-101,3.388239472485535e-101
NOTCH1,JAML,positive_vs_negative,611,2231,0.645034080936373,0.6073728270325773,0.03766125390379571,0.32717995410984124,0.37456463711885274
NOTCH1,JAML,within_positive_median,306,305,1.3721340749249809,-0.0844498474587546,1.4565839223837354,1.6907178893828424e-101,3.388239472485535e-101
NOTO,JAML,positive_vs_negative,611,2231,1.2250984524761288,1.1339446738129841,0.09115377866314467,0.02379391728986028,0.03337850932493076
NOTO,JAML,within_positive_median,306,305,1.9607953917587548,0.48698939208110076,1.473805999677654,1.6907178893828424e-101,3.388239472485535e-101
NPM1,JAML,positive_vs_negative,611,2231,1.8573535482689512,1.9977234805381359,-0.1403699322691847,4.228339692839744e-05,7.286204730222119e-05
NPM1,JAML,within_positive_median,306,305,2.4068714134385423,1.306033985180771,1.1008374282577713,1.6907178893828424e-101,3.388239472485535e-101
NR0B1,JAML,positive_vs_negative,611,2231,-0.34805729013723347,-0.2305916227858159,-0.11746566735141756,0.0031310978243727825,0.004812613322647054
NR0B1,JAML,within_positive_median,306,305,0.31530806645959814,-1.0135976151163497,1.328905681575948,1.6907178893828424e-101,3.388239472485535e-101
NR0B2,JAML,positive_vs_negative,611,2231,0.28974681979996686,0.23009687266038784,0.059649947139579024,0.1641314260450184,0.2005826998047096
NR0B2,JAML,within_positive_median,306,305,0.9062769155519685,-0.3288046861020415,1.23508160165401,1.6907178893828424e-101,3.388239472485535e-101
NR1H2,JAML,positive_vs_negative,611,2231,-0.32826890678367465,-0.39465101567203864,0.06638210888836399,0.04467542012900501,0.0601307006060662
NR1H2,JAML,within_positive_median,306,305,0.2104820847475819,-0.8687862950084764,1.0792683797560583,1.6907178893828424e-101,3.388239472485535e-101
NR1H3,JAML,positive_vs_negative,611,2231,0.8288440625272185,0.562178146531917,0.26666591599530154,1.1528824197847908e-11,2.2783152581461343e-11
NR1H3,JAML,within_positive_median,306,305,1.5330038211591184,0.12237558337521397,1.4106282377839043,1.6907178893828424e-101,3.388239472485535e-101
NR1H4,JAML,positive_vs_negative,611,2231,0.19668865050445367,0.025892068093516258,0.1707965824109374,1.1673572209291471e-06,2.13729373537763e-06
NR1H4,JAML,within_positive_median,306,305,0.821078402704941,-0.4297482812114451,1.2508266839163862,1.6907178893828424e-101,3.388239472485535e-101
NR1I2,JAML,positive_vs_negative,611,2231,0.6247708192840552,0.5388163858225,0.08595443346155518,0.01658544726943007,0.023802745648922697
NR1I2,JAML,within_positive_median,306,305,1.2461987016641214,0.0013054684371691268,1.2448932332269522,1.6907178893828424e-101,3.388239472485535e-101
NR1I3,JAML,positive_vs_negative,611,2231,0.8402514565999245,0.6238305965178564,0.21642086008206807,7.219534819129e-07,1.3365532862179337e-06
NR1I3,JAML,within_positive_median,306,305,1.6236364901163327,0.05429794756379011,1.5693385425525426,1.6907178893828424e-101,3.388239472485535e-101
NR2C1,JAML,positive_vs_negative,611,2231,0.7515701261348688,0.6188310744526169,0.13273905168225197,0.0037365412911687023,0.0056645283500822334
NR2C1,JAML,within_positive_median,306,305,1.5248399359103382,-0.024234994492323463,1.5490749304026616,1.6907178893828424e-101,3.388239472485535e-101
NR2C2,JAML,positive_vs_negative,611,2231,0.026897081217823644,-0.0853053207886732,0.11220240200649684,0.0014411793789753404,0.002274825137019713
NR2C2,JAML,within_positive_median,306,305,0.6729097731497993,-0.6212336851139291,1.2941434582637283,1.6907178893828424e-101,3.388239472485535e-101
NR2E1,JAML,positive_vs_negative,611,2231,-0.18169148990280948,-0.13819106199317338,-0.0435004279096361,0.24422212561637413,0.2882052572439676
NR2E1,JAML,within_positive_median,306,305,0.175766668591525,-0.5403216423594206,0.7160883109509456,1.6901470535423666e-101,3.388239472485535e-101
NR2F1,JAML,positive_vs_negative,611,2231,2.1043667111937827,2.0538094716726216,0.05055723952116109,0.3830737888411172,0.432586727534867
NR2F1,JAML,within_positive_median,306,305,2.8122052194262466,1.394207420967114,1.4179977984591325,1.6907178893828424e-101,3.388239472485535e-101
NR2F2,JAML,positive_vs_negative,611,2231,0.6031520902084602,0.5046398390988707,0.0985122511095895,0.013654800322115867,0.01985427900850716
NR2F2,JAML,within_positive_median,306,305,1.316106126295885,-0.11213950009564465,1.4282456263915297,1.6907178893828424e-101,3.388239472485535e-101
NR3C1,JAML,positive_vs_negative,611,2231,0.834290803804294,0.7789642270304067,0.055326576773887304,0.2642185144760726,0.3099665964878307
NR3C1,JAML,within_positive_median,306,305,1.5595121124399192,0.10669172038625678,1.4528203920536624,1.6907178893828424e-101,3.388239472485535e-101
NR3C2,JAML,positive_vs_negative,611,2231,0.2776651985053465,0.215209453361438,0.062455745143908475,0.04572705805405923,0.06138025582458625
NR3C2,JAML,within_positive_median,306,305,0.8792676696495759,-0.32590973975738874,1.2051774094069647,1.6907178893828424e-101,3.388239472485535e-101
NR4A1,JAML,positive_vs_negative,611,2231,0.0968462054135396,0.14581581912293995,-0.04896961370940035,0.40361260692833656,0.45372252426706905
NR4A1,JAML,within_positive_median,306,305,0.8181458926365458,-0.6268183988167553,1.4449642914533012,1.6907178893828424e-101,3.388239472485535e-101
NR4A2,JAML,positive_vs_negative,611,2231,1.0782799498841127,0.9496397796676698,0.12864017021644292,0.003623385872295171,0.005509759280619832
NR4A2,JAML,within_positive_median,306,305,1.8485334619456457,0.3055010164715584,1.5430324454740874,1.6907178893828424e-101,3.388239472485535e-101
NR4A3,JAML,positive_vs_negative,611,2231,0.016200606293359763,0.04323853336847677,-0.02703792707511701,0.325205787842311,0.372732985835376
NR4A3,JAML,within_positive_median,306,305,0.6769488303215857,-0.6467140053546307,1.3236628356762163,1.6907178893828424e-101,3.388239472485535e-101
NR5A1,JAML,positive_vs_negative,611,2231,0.3496470166070894,0.27627637854190773,0.07337063806518168,0.08328824601895343,0.1069008930861825
NR5A1,JAML,within_positive_median,306,305,0.9550293269681482,-0.2577201537879401,1.2127494807560883,1.6907178893828424e-101,3.388239472485535e-101
NR5A2,JAML,positive_vs_negative,611,2231,0.46631648462638664,0.5001276130745986,-0.03381112844821199,0.3807714212842863,0.4304748417697494
NR5A2,JAML,within_positive_median,306,305,1.0747829176691788,-0.14414492032802143,1.2189278379972002,1.6907178893828424e-101,3.388239472485535e-101
NRF1,JAML,positive_vs_negative,611,2231,0.6383032944183678,0.5191335219172574,0.11916977250111038,0.006206701903658667,0.009254304035994062
NRF1,JAML,within_positive_median,306,305,1.3409313195425663,-0.06662842914886108,1.4075597486914273,1.6907178893828424e-101,3.388239472485535e-101
NRG1,JAML,positive_vs_negative,611,2231,0.2266792043043117,0.16700415244815967,0.059675051856152045,0.032978563342102245,0.04562034595657477
NRG1,JAML,within_positive_median,306,305,0.9025480343405198,-0.4514055891090642,1.353953623449584,1.6907178893828424e-101,3.388239472485535e-101
NUPR1,JAML,positive_vs_negative,611,2231,0.0071531701054633415,-0.007159724840595513,0.014312894946058854,0.5538406341641375,0.6031125367582417
NUPR1,JAML,within_positive_median,306,305,0.6214329575927435,-0.6091406494719391,1.2305736070646827,1.6907178893828424e-101,3.388239472485535e-101
ONECUT1,JAML,positive_vs_negative,611,2231,-0.29929579871181494,-0.2985133090016175,-0.0007824897101974537,0.1834670743113106,0.22203305712523128
ONECUT1,JAML,within_positive_median,306,305,0.06555379592017557,-0.6653416215229268,0.7308954174431024,1.6907178893828424e-101,3.388239472485535e-101
OVOL1,JAML,positive_vs_negative,611,2231,0.39209442165157177,0.2269892549779569,0.16510516667361486,0.00019161536548710885,0.00031755225295367794
OVOL1,JAML,within_positive_median,306,305,1.1455090083400037,-0.36379037679649456,1.5092993851364982,1.6907178893828424e-101,3.388239472485535e-101
PARK7,JAML,positive_vs_negative,611,2231,0.032550289259976994,-0.020501315017350294,0.05305160427732729,0.4279357337704296,0.47836587074674286
PARK7,JAML,within_positive_median,306,305,0.6549692957030184,-0.5919094352369761,1.2468787309399945,1.6907178893828424e-101,3.388239472485535e-101
PATZ1,JAML,positive_vs_negative,611,2231,-0.10938937992759926,-0.12349906735629017,0.014109687428690912,0.9109440017696803,0.9258165569006138
PATZ1,JAML,within_positive_median,306,305,0.4510548201997036,-0.6716711020225327,1.1227259222222363,1.6907178893828424e-101,3.388239472485535e-101
PAX3,JAML,positive_vs_negative,611,2231,0.9881021210991096,0.9190438072864001,0.06905831381270944,0.0600108064478372,0.07895741508856784
PAX3,JAML,within_positive_median,306,305,1.6715236699107714,0.3024398458979012,1.3690838240128702,1.6907178893828424e-101,3.388239472485535e-101
PAX5,JAML,positive_vs_negative,611,2231,0.26408358226786843,0.30657384232832124,-0.04249026006045281,0.18861548989416554,0.22743465851645142
PAX5,JAML,within_positive_median,306,305,0.9800846300025873,-0.45426500988565266,1.4343496398882398,1.6907178893828424e-101,3.388239472485535e-101
PAX6,JAML,positive_vs_negative,611,2231,-0.597803956863166,-0.5900667061297967,-0.007737250733369283,0.6551949912504267,0.6986875923826821
PAX6,JAML,within_positive_median,306,305,-0.05248061845290652,-1.1449152406452623,1.0924346221923558,1.6907178893828424e-101,3.388239472485535e-101
PAX7,JAML,positive_vs_negative,611,2231,0.3886890930235695,0.23999050447743006,0.14869858854613946,0.00015256391860299313,0.0002549558102828543
PAX7,JAML,within_positive_median,306,305,1.105272851684644,-0.33024412058393465,1.4355169722685786,1.6907178893828424e-101,3.388239472485535e-101
PAX8,JAML,positive_vs_negative,611,2231,1.9970688720457885,1.876132970379544,0.12093590166624457,0.003974644943990197,0.006007202373617961
PAX8,JAML,within_positive_median,306,305,2.6725121242420116,1.3194110518095779,1.3531010724324337,1.6907178893828424e-101,3.388239472485535e-101
PBRM1,JAML,positive_vs_negative,611,2231,-0.37635379865756896,-0.3723501626216229,-0.0040036360359460565,0.12381939334167405,0.15420589538105187
PBRM1,JAML,within_positive_median,306,305,0.06123455323953141,-0.8153768664625286,0.87661141970206,1.6907178893828424e-101,3.388239472485535e-101
PBX1,JAML,positive_vs_negative,611,2231,1.11899806134722,0.9189929939339295,0.20000506741329038,8.882387293594695e-07,1.6413465203006152e-06
PBX1,JAML,within_positive_median,306,305,1.817683692090273,0.4180216580443531,1.39966203404592,1.6907178893828424e-101,3.388239472485535e-101
PDX1,JAML,positive_vs_negative,611,2231,-0.7692681105965719,-0.7704977372090953,0.00122962661252346,0.8004239057319392,0.8304398021968871
PDX1,JAML,within_positive_median,306,305,-0.23961840243030033,-1.3006543751830606,1.0610359727527603,1.6907178893828424e-101,3.388239472485535e-101
PGR,JAML,positive_vs_negative,611,2231,-0.8101661659577976,-0.9332935362762386,0.12312737031844101,0.001569824232555384,0.0024700551905610783
PGR,JAML,within_positive_median,306,305,-0.10945384029668556,-1.5131759090800934,1.4037220687834078,1.6907178893828424e-101,3.388239472485535e-101
PHF20,JAML,positive_vs_negative,611,2231,1.7367649636832223,1.613068412237696,0.12369655144552638,0.004824686730179511,0.007247945676106777
PHF20,JAML,within_positive_median,306,305,2.481242499224683,0.9898465181891669,1.491395981035516,1.6907178893828424e-101,3.388239472485535e-101
PITX1,JAML,positive_vs_negative,611,2231,-0.6465064606821376,-0.5851599389847698,-0.06134652169736776,0.06895341597307444,0.08942396134008092
PITX1,JAML,within_positive_median,306,305,-0.05629767492706669,-1.238650357210176,1.1823526822831092,1.6907178893828424e-101,3.388239472485535e-101
PITX2,JAML,positive_vs_negative,611,2231,0.9325840838893414,0.7786190656029988,0.15396501828634268,0.00021428336974959472,0.00035394069033266393
PITX2,JAML,within_positive_median,306,305,1.6468498948766357,0.2159764177840559,1.4308734770925797,1.6907178893828424e-101,3.388239472485535e-101
PITX3,JAML,positive_vs_negative,611,2231,0.32098044775198226,0.2319065755053658,0.08907387224661645,0.01716828535146074,0.02453315955531549
PITX3,JAML,within_positive_median,306,305,1.0645853031746932,-0.4250624563770328,1.4896477595517261,1.6907178893828424e-101,3.388239472485535e-101
PKNOX1,JAML,positive_vs_negative,611,2231,-0.20790482317639547,-0.20210869362528724,-0.005796129551108226,0.09210514650791907,0.11716056950432617
PKNOX1,JAML,within_positive_median,306,305,0.19781822699327617,-0.61495811285482,0.8127763398480963,1.6907178893828424e-101,3.388239472485535e-101
PLAGL1,JAML,positive_vs_negative,611,2231,-0.3588461400675784,-0.33471719591209753,-0.02412894415548089,0.567522405019085,0.6157432629618831
PLAGL1,JAML,within_positive_median,306,305,0.1548677557754253,-0.8742443437658051,1.0291120995412304,1.6907178893828424e-101,3.388239472485535e-101
PLAGL2,JAML,positive_vs_negative,611,2231,-0.1085280995639078,-0.17574621738871551,0.06721811782480772,0.8113657359004881,0.8397944373702113
PLAGL2,JAML,within_positive_median,306,305,0.580158855144085,-0.7994730442873368,1.3796318994314218,1.6907178893828424e-101,3.388239472485535e-101
PML,JAML,positive_vs_negative,611,2231,-0.704747495982614,-0.5874211702221211,-0.11732632576049284,0.0006988017246554661,0.0011171854217605847
PML,JAML,within_positive_median,306,305,-0.11451259797313139,-1.2969175903790129,1.1824049924058815,1.6907178893828424e-101,3.388239472485535e-101
POU1F1,JAML,positive_vs_negative,611,2231,0.24351367738268348,0.14775530332423972,0.09575837405844376,0.013366880382464153,0.019492551772963832
POU1F1,JAML,within_positive_median,306,305,0.9117171758130526,-0.4268806521900802,1.3385978280031328,1.6907178893828424e-101,3.388239472485535e-101
POU2F1,JAML,positive_vs_negative,611,2231,-0.39382446795086334,-0.3954594769418532,0.001635008990989839,0.9102380847320493,0.9258165569006138
POU2F1,JAML,within_positive_median,306,305,0.23630795680236072,-1.026022900654098,1.2623308574564587,1.6907178893828424e-101,3.388239472485535e-101
POU2F2,JAML,positive_vs_negative,611,2231,1.3361826128719854,1.0700978572656938,0.2660847556062915,1.8591965690615392e-07,3.4873065589176896e-07
POU2F2,JAML,within_positive_median,306,305,2.288800199669267,0.3804416897245483,1.9083585099447187,1.6907178893828424e-101,3.388239472485535e-101
POU2F3,JAML,positive_vs_negative,611,2231,0.38239086540436207,0.4782164725115492,-0.09582560710718713,0.025024761951769982,0.03500654902241981
POU2F3,JAML,within_positive_median,306,305,1.1283200676666694,-0.36598400637355943,1.4943040740402287,1.6907178893828424e-101,3.388239472485535e-101
POU3F1,JAML,positive_vs_negative,611,2231,1.0767618256470495,0.918682640096348,0.15807918555070144,0.00017056954037550882,0.00028409241172910833
POU3F1,JAML,within_positive_median,306,305,1.8177697782781739,0.33332433874500317,1.4844454395331708,1.6907178893828424e-101,3.388239472485535e-101
POU3F2,JAML,positive_vs_negative,611,2231,0.6239607392377835,0.5831192611357694,0.040841478102014106,0.44108672219936274,0.4903151510162559
POU3F2,JAML,within_positive_median,306,305,1.08667021140498,0.15973418683397325,0.9269360245710068,1.6907178893828424e-101,3.388239472485535e-101
POU4F1,JAML,positive_vs_negative,611,2231,0.2848394111637171,0.19488135046430502,0.08995806069941206,0.056501693858735845,0.0744387395281758
POU4F1,JAML,within_positive_median,306,305,0.9924501376071535,-0.4250913504483862,1.4175414880555397,1.6907178893828424e-101,3.388239472485535e-101
POU4F2,JAML,positive_vs_negative,611,2231,0.8285963871421991,0.7591989606560884,0.06939742648611069,0.16313856106960478,0.19975810416809975
POU4F2,JAML,within_positive_median,306,305,1.6929240055840078,-0.038565092343680836,1.7314890979276887,1.6907178893828424e-101,3.388239472485535e-101
POU5F1,JAML,positive_vs_negative,611,2231,0.09872879089978645,0.19279160911353807,-0.09406281821375162,0.007166126660820342,0.010668852248396204
POU5F1,JAML,within_positive_median,306,305,0.7401132295869799,-0.5447585475863814,1.2848717771733613,1.6907178893828424e-101,3.388239472485535e-101
PPARA,JAML,positive_vs_negative,611,2231,-1.0389475741678418,-1.1114201155533383,0.07247254138549653,0.05581364152128944,0.07372730365411707
PPARA,JAML,within_positive_median,306,305,-0.2714276651953054,-1.808983941858321,1.5375562766630155,1.6907178893828424e-101,3.388239472485535e-101
PPARD,JAML,positive_vs_negative,611,2231,0.7976510317523187,0.6477704259946432,0.14988060575767548,0.0001932724172330163,0.00031976632485728276
PPARD,JAML,within_positive_median,306,305,1.5344389438664112,0.058447421565720845,1.4759915223006903,1.6907178893828424e-101,3.388239472485535e-101
PPARG,JAML,positive_vs_negative,611,2231,0.3384592983857216,0.2991027608147849,0.03935653757093671,0.4144110075790227,0.4653363737865915
PPARG,JAML,within_positive_median,306,305,1.0235629377641957,-0.34889058243333787,1.3724535201975336,1.6907178893828424e-101,3.388239472485535e-101
PPARGC1A,JAML,positive_vs_negative,611,2231,1.0477785419529542,1.0717980412277004,-0.024019499274746225,0.6966445494204971,0.7373623498648407
PPARGC1A,JAML,within_positive_median,306,305,1.6761482408480362,0.417348614536905,1.2587996263111312,1.6907178893828424e-101,3.388239472485535e-101
PRDM1,JAML,positive_vs_negative,611,2231,0.9771697502264097,0.9381767798680137,0.038992970358395995,0.2896279524197741,0.3377862302225937
PRDM1,JAML,within_positive_median,306,305,1.7424464914534403,0.2093839049297824,1.533062586523658,1.6907178893828424e-101,3.388239472485535e-101
PRDM2,JAML,positive_vs_negative,611,2231,-0.17293362882969243,-0.18829484471853475,0.015361215888842317,0.7161232600472731,0.7547711820180784
PRDM2,JAML,within_positive_median,306,305,0.41277737945901194,-0.7605650010799991,1.173342380539011,1.6907178893828424e-101,3.388239472485535e-101
PREB,JAML,positive_vs_negative,611,2231,-0.6192193621223075,-0.6073459943199807,-0.01187336780232684,0.003242407276913003,0.004976021028975887
PREB,JAML,within_positive_median,306,305,-0.38135481298639307,-0.8578637950258807,0.47650898203948766,1.6907178893828424e-101,3.388239472485535e-101
PROX1,JAML,positive_vs_negative,611,2231,0.1806758276148023,0.17721489205510288,0.003460935559699424,0.9187577756902484,0.9328060597222094
PROX1,JAML,within_positive_median,306,305,0.7568348211550889,-0.39737221180594423,1.1542070329610332,1.6907178893828424e-101,3.388239472485535e-101
PURA,JAML,positive_vs_negative,611,2231,0.09939363543738963,0.09340246540627975,0.0059911700311098826,0.984949677499051,0.9859395766724169
PURA,JAML,within_positive_median,306,305,0.6819353689002687,-0.48505807092208897,1.1669934398223578,1.6907178893828424e-101,3.388239472485535e-101
RARA,JAML,positive_vs_negative,611,2231,0.3979950271502614,0.3064116468661835,0.09158338028407792,0.028751505750636702,0.0400510485701177
RARA,JAML,within_positive_median,306,305,1.047565595646626,-0.25370528091494376,1.30127087656157,1.6907178893828424e-101,3.388239472485535e-101
RARB,JAML,positive_vs_negative,611,2231,0.5469226506974039,0.5279654023433877,0.018957248354016132,0.32030435096295395,0.36838699025300475
RARB,JAML,within_positive_median,306,305,1.0196229874972165,0.07267247672775576,0.9469505107694607,1.6907178893828424e-101,3.388239472485535e-101
RARG,JAML,positive_vs_negative,611,2231,0.2889198802896556,0.32880489559062015,-0.039885015300964555,0.2119413867971639,0.25310985761387916
RARG,JAML,within_positive_median,306,305,1.110890840205288,-0.5357460663797984,1.6466369065850863,1.6907178893828424e-101,3.388239472485535e-101
RB1,JAML,positive_vs_negative,611,2231,-0.07255301670522,-0.09535862487056068,0.022805608165340677,0.6256194601896019,0.6692985846926354
RB1,JAML,within_positive_median,306,305,0.5192590772480855,-0.6663054781796839,1.1855645554277694,1.6907178893828424e-101,3.388239472485535e-101
RBPJ,JAML,positive_vs_negative,611,2231,-0.05558931174538785,-0.046809291091361276,-0.008780020654026575,0.7766115158344419,0.8099529526398995
RBPJ,JAML,within_positive_median,306,305,0.6753276830827056,-0.7889027557368522,1.4642304388195577,1.6907178893828424e-101,3.388239472485535e-101
RCOR2,JAML,positive_vs_negative,611,2231,1.302962344033865,1.2654339422291752,0.03752840180468975,0.16325612127794498,0.19975810416809975
RCOR2,JAML,within_positive_median,306,305,1.9092181251178146,0.6947188390775089,1.2144992860403057,1.6907178893828424e-101,3.388239472485535e-101
REL,JAML,positive_vs_negative,611,2231,2.2216025397939663,1.9230262371998978,0.2985763025940684,1.8069193466226381e-07,3.3956446589361277e-07
REL,JAML,within_positive_median,306,305,3.2295040801304675,1.210396404243246,2.0191076758872217,1.6907178893828424e-101,3.388239472485535e-101
RELA,JAML,positive_vs_negative,611,2231,3.4056393295998975,3.099211492668193,0.3064278369317046,1.8539340011449825e-06,3.3757189490683777e-06
RELA,JAML,within_positive_median,306,305,4.415645937375184,2.392321224749938,2.023324712625246,1.6907178893828424e-101,3.388239472485535e-101
RELB,JAML,positive_vs_negative,611,2231,1.9395747050338732,1.7755029583878708,0.16407174664600244,6.56193793947595e-05,0.00011153054927846495
RELB,JAML,within_positive_median,306,305,2.7185408462399154,1.158054576479614,1.5604862697603015,1.6907178893828424e-101,3.388239472485535e-101
REST,JAML,positive_vs_negative,611,2231,0.0899335052040997,0.05959136904187891,0.030342136162220798,0.023393208263839456,0.03290908959150297
REST,JAML,within_positive_median,306,305,0.602843130196085,-0.4246577906894986,1.0275009208855836,1.6907178893828424e-101,3.388239472485535e-101
RFX1,JAML,positive_vs_negative,611,2231,3.6535560483919753,3.423724590537712,0.2298314578542633,4.278078860292103e-06,7.69127535171649e-06
RFX1,JAML,within_positive_median,306,305,4.537232347995404,2.7669824494455835,1.770249898549821,1.6907178893828424e-101,3.388239472485535e-101
RFX5,JAML,positive_vs_negative,611,2231,2.214931276861534,1.8022458934028154,0.41268538345871875,5.059835408238987e-07,9.384722656622031e-07
RFX5,JAML,within_positive_median,306,305,3.7364215648964607,0.688452496078952,3.0479690688175087,1.6907178893828424e-101,3.388239472485535e-101
RFXANK,JAML,positive_vs_negative,611,2231,2.3961720664197337,1.913325546873147,0.48284651954658675,1.0813300649241685e-07,2.0436522669155062e-07
RFXANK,JAML,within_positive_median,306,305,4.05431045855947,0.7325971549615058,3.3217133035979636,1.6907178893828424e-101,3.388239472485535e-101
RFXAP,JAML,positive_vs_negative,611,2231,2.519649175371655,2.0489173479442218,0.470731827427433,3.331484694144029e-07,6.202165897883089e-07
RFXAP,JAML,within_positive_median,306,305,4.1986657583572855,0.8351276199827913,3.3635381383744942,1.6907178893828424e-101,3.388239472485535e-101
RORA,JAML,positive_vs_negative,611,2231,0.16658136465915444,0.07714306341434089,0.08943830124481354,0.037029848453306216,0.050661715741061805
RORA,JAML,within_positive_median,306,305,0.81496374631942,-0.4839268608754071,1.2988906071948272,1.6907178893828424e-101,3.388239472485535e-101
RORC,JAML,positive_vs_negative,611,2231,0.8239536255375906,0.5290037820083011,0.29494984352928943,1.7084857419880976e-08,3.2850420830504735e-08
RORC,JAML,within_positive_median,306,305,1.7304663115405692,-0.08553123320638134,1.8159975447469505,1.6907178893828424e-101,3.388239472485535e-101
RUNX1,JAML,positive_vs_negative,611,2231,1.6366245508706347,1.359526670302266,0.2770978805683688,7.955219957375439e-09,1.5415173302618556e-08
RUNX1,JAML,within_positive_median,306,305,2.5016283810880227,0.768784642521387,1.7328437385666358,1.6907178893828424e-101,3.388239472485535e-101
RUNX2,JAML,positive_vs_negative,611,2231,0.02478446586705479,0.00615346013632486,0.01863100573072993,0.5861019776841622,0.6324567386494317
RUNX2,JAML,within_positive_median,306,305,0.6388318856420111,-0.591276224136672,1.230108109778683,1.6907178893828424e-101,3.388239472485535e-101
RUNX3,JAML,positive_vs_negative,611,2231,-0.326125279720433,-0.43942650673553524,0.11330122701510226,0.0179220444080339,0.02557357626132058
RUNX3,JAML,within_positive_median,306,305,0.3873977356981139,-1.0419877148616636,1.4293854505597776,1.6907178893828424e-101,3.388239472485535e-101
RXRA,JAML,positive_vs_negative,611,2231,-0.0439833084476307,-0.14750808916398575,0.10352478071635504,0.005416281179540252,0.008112204593717429
RXRA,JAML,within_positive_median,306,305,0.6937716266611555,-0.7841571121961178,1.4779287388572735,1.6907178893828424e-101,3.388239472485535e-101
RXRB,JAML,positive_vs_negative,611,2231,-0.37744417546274744,-0.39089839679048755,0.013454221327740101,0.09207291029318933,0.11716056950432617
RXRB,JAML,within_positive_median,306,305,0.0056978955329376425,-0.7618424499698937,0.7675403455028313,1.6907178893828424e-101,3.388239472485535e-101
SALL4,JAML,positive_vs_negative,611,2231,-0.22701953960124252,-0.23439607768522006,0.007376538083977535,0.20573378675624543,0.24658345560676345
SALL4,JAML,within_positive_median,306,305,0.1282292575324839,-0.5834330868895057,0.7116623444219896,1.6907178893828424e-101,3.388239472485535e-101
SATB1,JAML,positive_vs_negative,611,2231,1.1806181362467383,1.0155936001311308,0.16502453611560752,2.2943476778390207e-06,4.1473144956944915e-06
SATB1,JAML,within_positive_median,306,305,1.8682844957386322,0.490697132953232,1.3775873627854003,1.6907178893828424e-101,3.388239472485535e-101
SATB2,JAML,positive_vs_negative,611,2231,-0.13283184238552617,-0.13319266803759183,0.00036082565206566053,0.7860527599345396,0.8180862579882984
SATB2,JAML,within_positive_median,306,305,0.5585900888287575,-0.826520730751332,1.3851108195800896,1.6907178893828424e-101,3.388239472485535e-101
SFPQ,JAML,positive_vs_negative,611,2231,1.1144318161624156,1.0539457458065484,0.06048607035586717,0.06529850348458015,0.0853507998302386
SFPQ,JAML,within_positive_median,306,305,1.749962483810087,0.4768174414077022,1.2731450424023847,1.6907178893828424e-101,3.388239472485535e-101
SIM2,JAML,positive_vs_negative,611,2231,0.13111135313730418,0.1263477020762116,0.004763651061092583,0.31427258576066486,0.3631270248464295
SIM2,JAML,within_positive_median,306,305,0.795950165776395,-0.5359072588874886,1.3318574246638835,1.6907178893828424e-101,3.388239472485535e-101
SIN3A,JAML,positive_vs_negative,611,2231,0.3748331189649508,0.3706321148884509,0.004201004076499926,0.9598803473274066,0.9637508325988882
SIN3A,JAML,within_positive_median,306,305,1.1763209489059525,-0.429282539926677,1.6056034888326294,1.6907178893828424e-101,3.388239472485535e-101
SIRT1,JAML,positive_vs_negative,611,2231,0.5355252953647186,0.48519965293375206,0.050325642430966544,0.08571433542748651,0.10987320216959662
SIRT1,JAML,within_positive_median,306,305,1.069955971813723,-0.0006576128103481479,1.0706135846240712,1.6907178893828424e-101,3.388239472485535e-101
SKIL,JAML,positive_vs_negative,611,2231,0.5198724523203015,0.5408136471871332,-0.02094119486683166,0.2529845692163206,0.298192462650243
SKIL,JAML,within_positive_median,306,305,1.1243212820770434,-0.08655817687826564,1.2108794589553091,1.6907178893828424e-101,3.388239472485535e-101
SMAD1,JAML,positive_vs_negative,611,2231,0.3296287215370877,0.2165411715517909,0.11308754998529683,0.0017496219232362388,0.0027486174062197064
SMAD1,JAML,within_positive_median,306,305,0.9862302396947308,-0.32912558848336737,1.3153558281780982,1.6907178893828424e-101,3.388239472485535e-101
SMAD2,JAML,positive_vs_negative,611,2231,-0.2327079778784248,-0.36474103735995145,0.13203305948152666,0.00012737142907775392,0.00021393245086246695
SMAD2,JAML,within_positive_median,306,305,0.3851167506467978,-0.8525583612512709,1.2376751118980687,1.6907178893828424e-101,3.388239472485535e-101
SMAD3,JAML,positive_vs_negative,611,2231,0.37395089633894335,0.24831172046298045,0.1256391758759629,0.011857557358977805,0.017419066562746156
SMAD3,JAML,within_positive_median,306,305,1.1428955196947563,-0.3975148569295115,1.5404103766242678,1.6907178893828424e-101,3.388239472485535e-101
SMAD4,JAML,positive_vs_negative,611,2231,0.524297906468898,0.3028541820631317,0.22144372440576626,1.2424446843194312e-06,2.2705961570314743e-06
SMAD4,JAML,within_positive_median,306,305,1.2969196988716936,-0.25085707213849706,1.5477767710101906,1.6907178893828424e-101,3.388239472485535e-101
SMAD5,JAML,positive_vs_negative,611,2231,-0.11801046263812454,-0.24775785093420816,0.12974738829608362,1.9809655703663332e-05,3.467560119657061e-05
SMAD5,JAML,within_positive_median,306,305,0.4943824575386882,-0.7324112284548613,1.2267936859935495,1.6907178893828424e-101,3.388239472485535e-101
SMAD6,JAML,positive_vs_negative,611,2231,0.1675378476976591,0.1656112449090571,0.0019266027886019887,0.04673798070037705,0.06265279781638701
SMAD6,JAML,within_positive_median,306,305,0.5033418699198574,-0.1693671713187104,0.6727090412385678,1.6907178893828424e-101,3.388239472485535e-101
SMAD7,JAML,positive_vs_negative,611,2231,0.31739999683102704,0.32177591800372035,-0.004375921172693309,0.8351391671250706,0.8598772867825807
SMAD7,JAML,within_positive_median,306,305,0.9381955624092324,-0.3054309640441562,1.2436265264533886,1.6907178893828424e-101,3.388239472485535e-101
SMARCA1,JAML,positive_vs_negative,611,2231,-0.721978259472022,-0.7974011559625319,0.07542289649050993,0.0536048161552765,0.07099786820565877
SMARCA1,JAML,within_positive_median,306,305,-0.09123413617103036,-1.3547903962920333,1.263556260121003,1.6907178893828424e-101,3.388239472485535e-101
SMARCC1,JAML,positive_vs_negative,611,2231,-0.22017702542606998,-0.17360186584067733,-0.046575159585392656,0.029628284823747457,0.041157282684034124
SMARCC1,JAML,within_positive_median,306,305,0.34457217088829245,-0.7867778584496599,1.1313500293379524,1.6907178893828424e-101,3.388239472485535e-101
SNAI1,JAML,positive_vs_negative,611,2231,0.24417455852449482,0.07278972535513119,0.17138483316936365,4.0943222813304886e-05,7.067495653735125e-05
SNAI1,JAML,within_positive_median,306,305,0.9497455768906924,-0.46370980744290335,1.4134553843335957,1.6907178893828424e-101,3.388239472485535e-101
SNAI2,JAML,positive_vs_negative,611,2231,1.9107506725370196,1.806782862372945,0.10396781016407464,0.01234749623664324,0.018112085790422186
SNAI2,JAML,within_positive_median,306,305,2.7449226781707563,1.0738436767208765,1.6710790014498798,1.6907178893828424e-101,3.388239472485535e-101
SOX10,JAML,positive_vs_negative,611,2231,0.07753758830524217,0.059862063404905325,0.017675524900336845,0.7527959714768804,0.7884172319568589
SOX10,JAML,within_positive_median,306,305,0.7189867315730012,-0.5660146669076571,1.2850013984806583,1.6907178893828424e-101,3.388239472485535e-101
SOX17,JAML,positive_vs_negative,611,2231,0.8802214020372613,0.7202114653270353,0.160009936710226,4.319640062322656e-05,7.43067616938405e-05
SOX17,JAML,within_positive_median,306,305,1.6073970765907892,0.1506615449442135,1.4567355316465758,1.6907178893828424e-101,3.388239472485535e-101
SOX2,JAML,positive_vs_negative,611,2231,0.5845363366539528,0.38375541389733864,0.20078092275661413,8.081248626063812e-08,1.533128310773249e-07
SOX2,JAML,within_positive_median,306,305,1.2152264169233535,-0.048221579944200246,1.2634479968675538,1.6907178893828424e-101,3.388239472485535e-101
SOX4,JAML,positive_vs_negative,611,2231,-0.5887153419817932,-0.6012630229832783,0.012547681001485067,0.6110702929746972,0.6565544895391567
SOX4,JAML,within_positive_median,306,305,-0.10068987367578724,-1.0783408937904417,0.9776510201146544,1.6907178893828424e-101,3.388239472485535e-101
SOX6,JAML,positive_vs_negative,611,2231,-0.23422765637936147,-0.19505498239159014,-0.03917267398777133,0.06844533447109864,0.08888077331579433
SOX6,JAML,within_positive_median,306,305,0.25420603676398,-0.7242627714674353,0.9784688082314154,1.6907178893828424e-101,3.388239472485535e-101
SOX9,JAML,positive_vs_negative,611,2231,-1.4949922461004697,-1.3536921721490034,-0.14130007395146627,0.0003205402656907519,0.0005223334860949705
SOX9,JAML,within_positive_median,306,305,-0.8055696603919975,-2.186675233729298,1.3811055733373003,1.6907178893828424e-101,3.388239472485535e-101
SP1,JAML,positive_vs_negative,611,2231,3.390045774006329,3.052063125916919,0.3379826480894099,2.2333425525595264e-09,4.344549184275954e-09
SP1,JAML,within_positive_median,306,305,4.3486257014635195,2.428322961541081,1.9203027399224384,1.6907178893828424e-101,3.388239472485535e-101
SP2,JAML,positive_vs_negative,611,2231,-0.48057149333158616,-0.4600239666932856,-0.02054752663830056,0.7918785314457899,0.8224306749947933
SP2,JAML,within_positive_median,306,305,-0.011196630320551768,-0.9514852903197059,0.9402886599991541,1.6907178893828424e-101,3.388239472485535e-101
SP3,JAML,positive_vs_negative,611,2231,0.6628139241196624,0.5177132303642881,0.14510069375537438,0.0010986837032023861,0.001742498357308243
SP3,JAML,within_positive_median,306,305,1.4608672684333184,-0.13785598853600534,1.5987232569693237,1.6907178893828424e-101,3.388239472485535e-101
SP4,JAML,positive_vs_negative,611,2231,-0.18988571521342246,-0.2522746693403278,0.062388954126905316,0.05638653059275739,0.07438540989455146
SP4,JAML,within_positive_median,306,305,0.40958493029351495,-0.7913218382466122,1.2009067685401271,1.6907178893828424e-101,3.388239472485535e-101
SP7,JAML,positive_vs_negative,611,2231,-0.34508035019191463,-0.3972984837910691,0.05221813359915445,0.0942638081019314,0.11975351131316796
SP7,JAML,within_positive_median,306,305,0.19527781068750466,-0.8872101771725781,1.0824879878600828,1.6907178893828424e-101,3.388239472485535e-101
SPDEF,JAML,positive_vs_negative,611,2231,0.05218248361727653,0.016199924695068157,0.03598255892220838,0.9773152371686257,0.9792816662172547
SPDEF,JAML,within_positive_median,306,305,0.6796799018223669,-0.5773723031720929,1.25705220499446,1.6907178893828424e-101,3.388239472485535e-101
SPI1,JAML,positive_vs_negative,611,2231,2.46537565094946,2.230431048974256,0.23494460197520395,1.3009826802759934e-08,2.5063418753479487e-08
SPI1,JAML,within_positive_median,306,305,3.182521371760932,1.7458786326927045,1.4366427390682277,1.6907178893828424e-101,3.388239472485535e-101
SPIB,JAML,positive_vs_negative,611,2231,-0.40828463647836594,-0.412182142041591,0.0038975055632250455,0.7293388697275524,0.7662674200935045
SPIB,JAML,within_positive_median,306,305,0.13323982956525898,-0.9515845925745929,1.084824422139852,1.6907178893828424e-101,3.388239472485535e-101
SREBF1,JAML,positive_vs_negative,611,2231,0.3904083512334036,0.37584053266955586,0.014567818563847756,0.5509379409471202,0.6010232083059494
SREBF1,JAML,within_positive_median,306,305,0.9620038658371498,-0.18306124702478108,1.145065112861931,1.6907178893828424e-101,3.388239472485535e-101
SREBF2,JAML,positive_vs_negative,611,2231,-0.8194413419883744,-0.8495347424723331,0.0300934004839587,0.1975994142172992,0.23740532757591074
SREBF2,JAML,within_positive_median,306,305,-0.32859994475255433,-1.3118920552807052,0.9832921105281509,1.6907178893828424e-101,3.388239472485535e-101
SRF,JAML,positive_vs_negative,611,2231,1.8794879006090466,1.7361179732130108,0.14336992739603582,0.003023829526186211,0.004669355361366615
SRF,JAML,within_positive_median,306,305,2.6943537191699045,1.061950390839792,1.6324033283301125,1.6907178893828424e-101,3.388239472485535e-101
SRSF2,JAML,positive_vs_negative,611,2231,1.9103997331050127,1.814180078084842,0.0962196550201706,0.04020833583570038,0.054635064791756595
SRSF2,JAML,within_positive_median,306,305,2.8093241065926096,1.0085280665895877,1.8007960400030218,1.6907178893828424e-101,3.388239472485535e-101
SRY,JAML,positive_vs_negative,611,2231,-0.1730679176128668,-0.1679863166551178,-0.005081600957749011,0.6178360482686001,0.6623947298983053
SRY,JAML,within_positive_median,306,305,0.41437959986575473,-0.7624414925258444,1.1768210923915992,1.6907178893828424e-101,3.388239472485535e-101
SSRP1,JAML,positive_vs_negative,611,2231,-0.3137468738925213,-0.32637747924999155,0.012630605357470237,0.9202596489637832,0.9333794402932056
SSRP1,JAML,within_positive_median,306,305,0.3292107658439282,-0.9588125714641722,1.2880233373081005,1.6907178893828424e-101,3.388239472485535e-101
STAT1,JAML,positive_vs_negative,611,2231,1.1259061606607488,1.0309315703568223,0.09497459030392652,0.042287524125852634,0.057148404381749285
STAT1,JAML,within_positive_median,306,305,1.9563855228233529,0.29270391534351303,1.6636816074798397,1.6907178893828424e-101,3.388239472485535e-101
STAT2,JAML,positive_vs_negative,611,2231,1.2489399903361469,1.1673865089288749,0.08155348140727203,0.018701840878400357,0.026572087753048153
STAT2,JAML,within_positive_median,306,305,1.9856215638457586,0.5098430674051918,1.475778496440567,1.6907178893828424e-101,3.388239472485535e-101
STAT3,JAML,positive_vs_negative,611,2231,1.6451038314121667,1.4162664066610489,0.2288374247511178,3.0191754937614476e-06,5.437791666883186e-06
STAT3,JAML,within_positive_median,306,305,2.48716825311236,0.800278542755579,1.686889710356781,1.6907178893828424e-101,3.388239472485535e-101
STAT4,JAML,positive_vs_negative,611,2231,0.760630448630894,0.6269386547886793,0.13369179384221475,0.0029755022828605415,0.0046018637790824525
STAT4,JAML,within_positive_median,306,305,1.4540919263359542,0.0648953267366369,1.3891965995993174,1.6907178893828424e-101,3.388239472485535e-101
STAT5A,JAML,positive_vs_negative,611,2231,0.409283099064213,0.349329607033513,0.059953492030699995,0.3238939914659621,0.3716571607143989
STAT5A,JAML,within_positive_median,306,305,1.1918151982303826,-0.37581467911561595,1.5676298773459987,1.6907178893828424e-101,3.388239472485535e-101
STAT5B,JAML,positive_vs_negative,611,2231,0.16037076592582586,0.08775401671628298,0.07261674920954288,0.03810777810806376,0.05199362602141302
STAT5B,JAML,within_positive_median,306,305,0.8000638809279738,-0.4814197035517388,1.2814835844797126,1.6907178893828424e-101,3.388239472485535e-101
STAT6,JAML,positive_vs_negative,611,2231,1.2692930041816697,1.2315990095455889,0.03769399463608081,0.3521082230023239,0.4003422261533272
STAT6,JAML,within_positive_median,306,305,2.072289379029752,0.46366385433408575,1.6086255246956664,1.6907178893828424e-101,3.388239472485535e-101
TADA2A,JAML,positive_vs_negative,611,2231,-0.21801165781829357,-0.255381000523734,0.037369342705440456,0.8119699228790297,0.8397944373702113
TADA2A,JAML,within_positive_median,306,305,0.35911223017794225,-0.7970277552833694,1.1561399854613117,1.6907178893828424e-101,3.388239472485535e-101
TAF1,JAML,positive_vs_negative,611,2231,0.9430573367689853,0.894216482034731,0.04884085473425426,0.11461641777215532,0.14377575831368603
TAF1,JAML,within_positive_median,306,305,1.6172166964328645,0.26668761854883155,1.3505290778840329,1.6907178893828424e-101,3.388239472485535e-101
TAL1,JAML,positive_vs_negative,611,2231,-0.8650019415181655,-0.9416574616442658,0.07665552012610033,0.014424282126079107,0.02088166424066103
TAL1,JAML,within_positive_median,306,305,-0.2668878927895794,-1.4650770199147138,1.1981891271251344,1.6907178893828424e-101,3.388239472485535e-101
TBP,JAML,positive_vs_negative,611,2231,1.601890113161331,1.5486020664365878,0.05328804672474319,0.21890813914946416,0.2608044337235243
TBP,JAML,within_positive_median,306,305,2.2961421078267876,0.9053618824477907,1.390780225378997,1.6907178893828424e-101,3.388239472485535e-101
TBPL1,JAML,positive_vs_negative,611,2231,0.7454757893068843,0.6668650750837961,0.07861071422308819,0.018833714697870107,0.026721338802106306
TBPL1,JAML,within_positive_median,306,305,1.4449711653445185,0.04368698580683149,1.4012841795376871,1.6907178893828424e-101,3.388239472485535e-101
TBPL2,JAML,positive_vs_negative,611,2231,0.270625129747321,0.2752814086364058,-0.0046562788890848195,0.4776106649488061,0.5279691701320876
TBPL2,JAML,within_positive_median,306,305,0.9802700322250822,-0.44134647732872784,1.42161650955381,1.6907178893828424e-101,3.388239472485535e-101
TBX15,JAML,positive_vs_negative,611,2231,0.05429483691061316,-0.08207469772652821,0.13636953463714138,5.203823503297514e-05,8.890237065667794e-05
TBX15,JAML,within_positive_median,306,305,0.6560690333279635,-0.5494523896589253,1.2055214229868887,1.6907178893828424e-101,3.388239472485535e-101
TBX2,JAML,positive_vs_negative,611,2231,-1.3847963202935556,-1.268578083188553,-0.11621823710500268,0.00026030469485659104,0.00042642019091638925
TBX2,JAML,within_positive_median,306,305,-0.8163988941577224,-1.9550573445478672,1.1386584503901447,1.6702071278042088e-101,3.388239472485535e-101
TBX21,JAML,positive_vs_negative,611,2231,0.4085766884714769,0.2334729942541157,0.1751036942173612,3.9291478392470386e-05,6.80596738763487e-05
TBX21,JAML,within_positive_median,306,305,1.1986195868354168,-0.38405651447726297,1.5826761013126798,1.6907178893828424e-101,3.388239472485535e-101
TBX3,JAML,positive_vs_negative,611,2231,0.5399823869543651,0.5639580153870896,-0.023975628432724494,0.6804203040907357,0.7232642720110702
TBX3,JAML,within_positive_median,306,305,0.9625340587702818,0.1160452998210191,0.8464887589492627,1.6907178893828424e-101,3.388239472485535e-101
TBX5,JAML,positive_vs_negative,611,2231,-0.12824417792313358,-0.1591035318930531,0.030859353969919512,0.6425068714551467,0.6858915798170698
TBX5,JAML,within_positive_median,306,305,0.3549252654682384,-0.6129977834239855,0.9679230488922239,1.6907178893828424e-101,3.388239472485535e-101
TBXT,JAML,positive_vs_negative,611,2231,3.930674211855961,3.7038165000493963,0.22685771180656467,0.0024247225012181952,0.003761719020581499
TBXT,JAML,within_positive_median,306,305,5.140943100807774,2.7164372281862743,2.4245058726214994,1.6907178893828424e-101,3.388239472485535e-101
TCF12,JAML,positive_vs_negative,611,2231,0.02351866565585968,-0.05747599781145794,0.08099466346731762,0.012789063323462631,0.01867728309408912
TCF12,JAML,within_positive_median,306,305,0.6205043212653774,-0.5754243199720498,1.195928641237427,1.6907178893828424e-101,3.388239472485535e-101
TCF21,JAML,positive_vs_negative,611,2231,0.2926459676041794,0.35349025138195894,-0.06084428377777956,0.04267309851700647,0.057591336209943694
TCF21,JAML,within_positive_median,306,305,1.0283915836110298,-0.44551192911089016,1.47390351272192,1.6907178893828424e-101,3.388239472485535e-101
TCF3,JAML,positive_vs_negative,611,2231,0.2457888551130343,0.11547044372240962,0.13031841139062467,0.0003976661739041777,0.0006450741192321841
TCF3,JAML,within_positive_median,306,305,0.9247995468028556,-0.4354481011397044,1.36024764794256,1.6907178893828424e-101,3.388239472485535e-101
TCF4,JAML,positive_vs_negative,611,2231,1.3062967723531806,1.3130295427783827,-0.006732770425202039,0.9221594836530884,0.9343548786556217
TCF4,JAML,within_positive_median,306,305,2.176268463592887,0.43347271491268863,1.7427957486801984,1.6907178893828424e-101,3.388239472485535e-101
TCF7,JAML,positive_vs_negative,611,2231,-0.2985131971779648,-0.31787058844314975,0.01935739126518493,0.9472925415485761,0.9520720195584075
TCF7,JAML,within_positive_median,306,305,0.27287543412140747,-0.8717752338258595,1.144650667947267,1.6907178893828424e-101,3.388239472485535e-101
TCF7L2,JAML,positive_vs_negative,611,2231,0.8548746804933329,0.7885845477785064,0.06629013271482653,0.052146240824296,0.06930390906109542
TCF7L2,JAML,within_positive_median,306,305,1.5285613119879768,0.17897924037083757,1.3495820716171392,1.6907178893828424e-101,3.388239472485535e-101
TEAD1,JAML,positive_vs_negative,611,2231,0.5888524780012594,0.38189272398010976,0.20695975402114963,0.00011688163190758352,0.00019697818169196816
TEAD1,JAML,within_positive_median,306,305,1.5102096392576736,-0.33552552640681493,1.8457351656644885,1.6907178893828424e-101,3.388239472485535e-101
TEAD4,JAML,positive_vs_negative,611,2231,-0.17645590389094856,-0.21619808453868494,0.03974218064773638,0.7814776360725648,0.8141754451132579
TEAD4,JAML,within_positive_median,306,305,0.4369899045633398,-0.7919130100778741,1.2289029146412138,1.6907178893828424e-101,3.388239472485535e-101
TEF,JAML,positive_vs_negative,611,2231,-0.367809763418766,-0.4046812831653286,0.03687151974656261,0.4349406266750573,0.484023311919952
TEF,JAML,within_positive_median,306,305,0.13449868618828445,-0.8717651259753476,1.006263812163632,1.6907178893828424e-101,3.388239472485535e-101
TET1,JAML,positive_vs_negative,611,2231,-0.3649044048558668,-0.3797287244710916,0.014824319615224846,0.9317978138435689,0.9402944504439662
TET1,JAML,within_positive_median,306,305,0.13346552082692756,-0.8649083302949983,0.9983738511219258,1.6907178893828424e-101,3.388239472485535e-101
TFAM,JAML,positive_vs_negative,611,2231,1.7676578298538674,1.717717480309404,0.04994034954446347,0.22378429545365308,0.26597751583751605
TFAM,JAML,within_positive_median,306,305,2.3911768898183063,1.14209444510266,1.2490824447156463,1.6907178893828424e-101,3.388239472485535e-101
TFAP2A,JAML,positive_vs_negative,611,2231,0.8770376155274067,0.6256413480955538,0.25139626743185284,5.286971127467963e-10,1.0325143613643316e-09
TFAP2A,JAML,within_positive_median,306,305,1.5927689433499315,0.1589596276136606,1.4338093157362708,1.6907178893828424e-101,3.388239472485535e-101
TFAP2B,JAML,positive_vs_negative,611,2231,-0.32072694613886055,-0.331151020416909,0.010424074278048479,0.8417054324396074,0.8651585249843643
TFAP2B,JAML,within_positive_median,306,305,0.2411243509154451,-0.8844203785933441,1.1255447295087893,1.6907178893828424e-101,3.388239472485535e-101
TFAP2C,JAML,positive_vs_negative,611,2231,0.37125912746232953,0.3079495306799646,0.06330959678236492,0.33057045072236424,0.37801167499365645
TFAP2C,JAML,within_positive_median,306,305,1.157477699174853,-0.4175372100590877,1.5750149092339407,1.6907178893828424e-101,3.388239472485535e-101
TFAP4,JAML,positive_vs_negative,611,2231,1.0790779089262872,0.8561458078821542,0.22293210104413297,9.744942078116796e-08,1.845239982852534e-07
TFAP4,JAML,within_positive_median,306,305,1.7867167027379864,0.3691189879217626,1.4175977148162238,1.6907178893828424e-101,3.388239472485535e-101
TFCP2,JAML,positive_vs_negative,611,2231,-0.13188763348343763,-0.11116976827609869,-0.02071786520733894,0.4299164661184316,0.4795036956931219
TFCP2,JAML,within_positive_median,306,305,0.5105471858489151,-0.7764287964857326,1.2869759823346478,1.6907178893828424e-101,3.388239472485535e-101
TFDP1,JAML,positive_vs_negative,611,2231,0.0025027767520712663,-0.03670185218201903,0.039204628934090296,0.13684775727043189,0.16952781870814695
TFDP1,JAML,within_positive_median,306,305,0.547384992895109,-0.5441659384602879,1.091550931355397,1.6907178893828424e-101,3.388239472485535e-101
TFE3,JAML,positive_vs_negative,611,2231,-0.5440363594913403,-0.6269975850660836,0.08296122557474328,0.01835228467377979,0.02611267933583524
TFE3,JAML,within_positive_median,306,305,0.07975734579512472,-1.1698752900410396,1.2496326358361642,1.6907178893828424e-101,3.388239472485535e-101
TGFB1I1,JAML,positive_vs_negative,611,2231,1.4746957611509413,1.349692393790191,0.12500336736075024,0.033079260317874566,0.0456961765278822
TGFB1I1,JAML,within_positive_median,306,305,2.471233652525496,0.47489053242761703,1.9963431200978792,1.6907178893828424e-101,3.388239472485535e-101
TGIF1,JAML,positive_vs_negative,611,2231,0.0003798061071766516,-0.029109250341055798,0.02948905644823245,0.504969255433299,0.5557451695155423
TGIF1,JAML,within_positive_median,306,305,0.6082763026186757,-0.6095097936715731,1.217786096290249,1.6907178893828424e-101,3.388239472485535e-101
THRA,JAML,positive_vs_negative,611,2231,2.276850481528636,2.1310758093170676,0.14577467221156848,0.00030025471190707524,0.0004902519558351589
THRA,JAML,within_positive_median,306,305,2.9898122690016944,1.5615511144245189,1.4282611545771755,1.6907178893828424e-101,3.388239472485535e-101
THRB,JAML,positive_vs_negative,611,2231,1.1836067026703148,1.17881872681005,0.004787975860264693,0.9075033304337722,0.9242058457178293
THRB,JAML,within_positive_median,306,305,1.7744759613424426,0.5908001677402457,1.1836757936021969,1.6907178893828424e-101,3.388239472485535e-101
TP53,JAML,positive_vs_negative,611,2231,2.652483685695836,2.4601428590909773,0.19234082660485852,6.259203933420023e-05,0.00010656695927668961
TP53,JAML,within_positive_median,306,305,3.448435511229463,1.8539221820457046,1.5945133291837585,1.6907178893828424e-101,3.388239472485535e-101
TP63,JAML,positive_vs_negative,611,2231,0.23986536550381804,0.17286842844873906,0.06699693705507898,0.03412431305419953,0.04700942711200931
TP63,JAML,within_positive_median,306,305,0.8626283432094485,-0.3849394580303554,1.247567801239804,1.6907178893828424e-101,3.388239472485535e-101
TP73,JAML,positive_vs_negative,611,2231,0.8468129761840297,0.8056244655652587,0.041188510618771046,0.3416965205574387,0.3893932888732368
TP73,JAML,within_positive_median,306,305,1.4540174078126236,0.23761771035337487,1.2163996974592486,1.6907178893828424e-101,3.388239472485535e-101
TRERF1,JAML,positive_vs_negative,611,2231,0.03314588417189566,0.1803502763073181,-0.14720439213542244,1.0311516224234812e-05,1.8307076932866083e-05
TRERF1,JAML,within_positive_median,306,305,0.7239232783488043,-0.6598963539203472,1.3838196322691516,1.6907178893828424e-101,3.388239472485535e-101
TRIM28,JAML,positive_vs_negative,611,2231,-0.7604741328543642,-0.7804344110908273,0.01996027823646318,0.5263589489525371,0.5767365381262123
TRIM28,JAML,within_positive_median,306,305,-0.1517354025702999,-1.3712087278278844,1.2194733252575845,5.795386182813494e-103,3.388239472485535e-101
TRPS1,JAML,positive_vs_negative,611,2231,-0.29677943875897483,-0.18579833363152676,-0.11098110512744808,0.03635885439188599,0.04981213063867737
TRPS1,JAML,within_positive_median,306,305,0.42186795205099853,-1.0177830505224235,1.439651002573422,1.6907178893828424e-101,3.388239472485535e-101
TSC22D1,JAML,positive_vs_negative,611,2231,-0.4194499628914643,-0.42253616120173315,0.0030861983102688506,0.10163340955477722,0.12846050243218032
TSC22D1,JAML,within_positive_median,306,305,0.04920329065273262,-0.8896397844800684,0.9388430751328011,1.6907178893828424e-101,3.388239472485535e-101
TTF1,JAML,positive_vs_negative,611,2231,0.831734349172279,0.6214828328309323,0.21025151634134664,2.784300066170607e-07,5.193188887464278e-07
TTF1,JAML,within_positive_median,306,305,1.5538084828724115,0.10729275929608034,1.446515723576331,1.6907178893828424e-101,3.388239472485535e-101
TWIST1,JAML,positive_vs_negative,611,2231,0.7085001326534363,0.6135792432811383,0.09492088937229792,0.014128623003582122,0.020513277713655676
TWIST1,JAML,within_positive_median,306,305,1.350689831372393,0.06420489393867969,1.2864849374337133,1.6907178893828424e-101,3.388239472485535e-101
TWIST2,JAML,positive_vs_negative,611,2231,0.9651453140472033,0.9189537572963388,0.046191556750864504,0.19119151035844695,0.2302620850266181
TWIST2,JAML,within_positive_median,306,305,1.69387495931672,0.23402639125221292,1.459848568064507,1.6907178893828424e-101,3.388239472485535e-101
USF1,JAML,positive_vs_negative,611,2231,2.7621105571310465,2.615322654031709,0.1467879030993373,0.0002568136665877315,0.00042139441832187905
USF1,JAML,within_positive_median,306,305,3.5261505818654837,1.995565483135186,1.5305850987302978,1.6907178893828424e-101,3.388239472485535e-101
USF2,JAML,positive_vs_negative,611,2231,2.608270981019218,2.437884024849852,0.17038695616936606,8.149093583786341e-06,1.4519673004384965e-05
USF2,JAML,within_positive_median,306,305,3.2769586277579292,1.937390915766609,1.3395677119913203,1.6907178893828424e-101,3.388239472485535e-101
VDR,JAML,positive_vs_negative,611,2231,1.005606552173758,0.7703589502039659,0.2352476019697921,1.572292313238428e-07,2.9603084007286846e-07
VDR,JAML,within_positive_median,306,305,1.8113693031754021,0.1972019560868628,1.6141673470885394,1.6907178893828424e-101,3.388239472485535e-101
VHL,JAML,positive_vs_negative,611,2231,-1.2186883799831754,-0.9774438701786291,-0.24124450980454626,8.060963561243346e-09,1.5589747003880335e-08
VHL,JAML,within_positive_median,306,305,-0.43343079325746064,-2.0065205817473353,1.5730897884898747,1.6907178893828424e-101,3.388239472485535e-101
VSX2,JAML,positive_vs_negative,611,2231,-0.16032378377476403,-0.27491617372896165,0.11459238995419763,0.0018419294516439707,0.002884531028046218
VSX2,JAML,within_positive_median,306,305,0.5246791333462286,-0.8475726120994319,1.3722517454456606,1.6907178893828424e-101,3.388239472485535e-101
WT1,JAML,positive_vs_negative,611,2231,1.1199799321049155,1.0506111514994125,0.069368780605503,0.05328844894532316,0.07067282975970954
WT1,JAML,within_positive_median,306,305,1.7838832391778756,0.45389989287761756,1.3299833463002582,1.6907178893828424e-101,3.388239472485535e-101
XBP1,JAML,positive_vs_negative,611,2231,0.29060375814866807,0.18872218970611282,0.10188156844255525,0.05218667850986101,0.06930390906109542
XBP1,JAML,within_positive_median,306,305,1.1356454502490636,-0.5572085624504173,1.6928540126994809,1.6907178893828424e-101,3.388239472485535e-101
YBX1,JAML,positive_vs_negative,611,2231,2.6574468393819903,2.511277445560354,0.14616939382163618,0.00041034968822173607,0.0006645663243395921
YBX1,JAML,within_positive_median,306,305,3.3933027973632077,1.9191782389155885,1.4741245584476192,1.6907178893828424e-101,3.388239472485535e-101
YBX3,JAML,positive_vs_negative,611,2231,-1.1797006876524065,-1.1518740128285936,-0.027826674823812958,0.452287550556592,0.5010883207501285
YBX3,JAML,within_positive_median,306,305,-0.5857897980074576,-1.7755588261158635,1.189769028108406,1.6907178893828424e-101,3.388239472485535e-101
YY1,JAML,positive_vs_negative,611,2231,0.7953509020361192,0.7574561372581999,0.03789476477791931,0.2315471005438433,0.27422224987118665
YY1,JAML,within_positive_median,306,305,1.4672339978817084,0.12126491079431519,1.3459690870873933,1.6907178893828424e-101,3.388239472485535e-101
ZBED1,JAML,positive_vs_negative,611,2231,4.7257135336273235,4.821692070344248,-0.0959785367169248,0.03188810565371627,0.0442347538037624
ZBED1,JAML,within_positive_median,306,305,5.533046273336531,3.915733801328906,1.617312472007625,1.6907178893828424e-101,3.388239472485535e-101
ZBTB16,JAML,positive_vs_negative,611,2231,0.5560482670001836,0.4123682893816839,0.1436799776184997,0.00022037976404369126,0.0003634076903766829
ZBTB16,JAML,within_positive_median,306,305,1.2034159499033787,-0.0934419328961367,1.2968578827995154,1.6907178893828424e-101,3.388239472485535e-101
ZBTB17,JAML,positive_vs_negative,611,2231,0.41489962630712907,0.33100562298198183,0.08389400332514724,0.04715749012825699,0.06313018839750532
ZBTB17,JAML,within_positive_median,306,305,1.0608506386950016,-0.2331692582525068,1.2940198969475085,1.6907178893828424e-101,3.388239472485535e-101
ZBTB4,JAML,positive_vs_negative,611,2231,9.558224700497803,9.822464027086244,-0.2642393265884415,7.78666982017028e-06,1.3898786990841574e-05
ZBTB4,JAML,within_positive_median,306,305,10.59284965112311,8.520207536919628,2.0726421142034823,1.6907178893828424e-101,3.388239472485535e-101
ZBTB7A,JAML,positive_vs_negative,611,2231,0.14465192421373826,0.18148999608644603,-0.03683807187270777,0.2702647382324862,0.31668668150536033
ZBTB7A,JAML,within_positive_median,306,305,0.8036804385423798,-0.5165373393422102,1.32021777788459,1.6907178893828424e-101,3.388239472485535e-101
ZBTB7B,JAML,positive_vs_negative,611,2231,0.7703181701071214,0.7686667086839952,0.0016514614231262215,0.624122398680244,0.6684149560059388
ZBTB7B,JAML,within_positive_median,306,305,1.3596238753264895,0.17908031503457508,1.1805435602919145,1.6907178893828424e-101,3.388239472485535e-101
ZEB1,JAML,positive_vs_negative,611,2231,0.9807159793684612,0.9094263246401625,0.07128965472829873,0.10649030083297216,0.13442882082337168
ZEB1,JAML,within_positive_median,306,305,1.6254597991208555,0.3338582454529446,1.2916015536679109,1.6907178893828424e-101,3.388239472485535e-101
ZEB2,JAML,positive_vs_negative,611,2231,0.7408662797546668,0.6121254208136933,0.12874085894097353,1.954951545878832e-05,3.428048837491755e-05
ZEB2,JAML,within_positive_median,306,305,1.2752016974500777,0.20477894265697616,1.0704227547931016,1.6907178893828424e-101,3.388239472485535e-101
ZFP42,JAML,positive_vs_negative,611,2231,-0.18045546062814366,-0.061373521111400535,-0.11908193951674312,1.2464412062364954e-05,2.2089954473515115e-05
ZFP42,JAML,within_positive_median,306,305,0.36905115648814507,-0.7317637387841579,1.100814895272303,1.6907178893828424e-101,3.388239472485535e-101
ZFPM1,JAML,positive_vs_negative,611,2231,-0.3951090723113032,-0.39441663612776845,-0.0006924361835347614,0.7609639628890225,0.7944655210036335
ZFPM1,JAML,within_positive_median,306,305,0.15584151291849999,-0.9478660529025155,1.1037075658210154,1.6907178893828424e-101,3.388239472485535e-101
ZFPM2,JAML,positive_vs_negative,611,2231,-0.3671805624393574,-0.3626033570836358,-0.0045772053557216474,0.038035439284522195,0.051966114578030326
ZFPM2,JAML,within_positive_median,306,305,-0.06935743387775928,-0.665980160274928,0.5966227263971687,1.6907178893828424e-101,3.388239472485535e-101
ZGLP1,JAML,positive_vs_negative,611,2231,1.1492136347173227,1.1796850111569404,-0.030471376439617615,0.30071599378998937,0.34949023315616035
ZGLP1,JAML,within_positive_median,306,305,1.652341074585517,0.6444365966856257,1.0079044778998911,1.6907178893828424e-101,3.388239472485535e-101
ZIC1,JAML,positive_vs_negative,611,2231,0.41093117794672857,0.34596212964420975,0.06496904830251882,0.17618964379500557,0.2142672591206661
ZIC1,JAML,within_positive_median,306,305,1.2097602429800947,-0.39051699877527163,1.6002772417553663,1.6907178893828424e-101,3.388239472485535e-101
ZNF143,JAML,positive_vs_negative,611,2231,-0.3713554883319824,-0.3528039645909522,-0.018551523741030196,0.6336033405604707,0.6771125828307177
ZNF143,JAML,within_positive_median,306,305,0.1848945847543836,-0.9294293321497793,1.114323916904163,1.6907178893828424e-101,3.388239472485535e-101
ZNF148,JAML,positive_vs_negative,611,2231,-1.1229919407152336,-1.0065997331414291,-0.11639220757380442,0.00039249717292287573,0.0006377278698714261
ZNF148,JAML,within_positive_median,306,305,-0.5232850494536129,-1.7246650840793518,1.201380034625739,1.6907178893828424e-101,3.388239472485535e-101
ZNF300,JAML,positive_vs_negative,611,2231,0.5548612962659523,0.5402151450880535,0.014646151177898803,0.6824200351950154,0.7246165832134704
ZNF300,JAML,within_positive_median,306,305,1.2922542056782909,-0.18494929481659042,1.4772035004948814,1.6907178893828424e-101,3.388239472485535e-101
ZNF331,JAML,positive_vs_negative,611,2231,-0.8902832265348631,-0.8908417943551076,0.0005585678202444377,0.8620371067767012,0.8851432560305096
ZNF331,JAML,within_positive_median,306,305,-0.06984446332892336,-1.713411952898855,1.6435674895699317,1.6907178893828424e-101,3.388239472485535e-101
ZNF350,JAML,positive_vs_negative,611,2231,-0.3200657498388884,-0.2857906248858966,-0.03427512495299179,0.0037206538609064607,0.005649041532717736
ZNF350,JAML,within_positive_median,306,305,0.07308902682854697,-0.7145095585609711,0.7875985853895181,1.6907178893828424e-101,3.388239472485535e-101
ZNF354C,JAML,positive_vs_negative,611,2231,1.0252875749446189,0.8620545210878433,0.16323305385677556,0.0001805845032552024,0.00029977027540363597
ZNF354C,JAML,within_positive_median,306,305,1.7964604763255345,0.2515862378214706,1.544874238504064,1.6907178893828424e-101,3.388239472485535e-101
ZNF362,JAML,positive_vs_negative,611,2231,-0.18182457035462302,-0.1727093848938621,-0.009115185460760927,0.6943004601557841,0.7364464944783397
ZNF362,JAML,within_positive_median,306,305,0.4465153195833121,-0.8122245910792399,1.258739910662552,1.6907178893828424e-101,3.388239472485535e-101
ZNF382,JAML,positive_vs_negative,611,2231,-0.7407219292583747,-0.6238478463576039,-0.11687408290077073,0.011018256239774706,0.016233998838484625
ZNF382,JAML,within_positive_median,306,305,0.04332466569216019,-1.5273391687825177,1.570663834474678,1.6907178893828424e-101,3.388239472485535e-101
ZNF384,JAML,positive_vs_negative,611,2231,-0.606583870480102,-0.5892240072287156,-0.017359863251386387,0.014871139130435395,0.021466166049150224
ZNF384,JAML,within_positive_median,306,305,-0.28195895122243947,-0.9322731337353308,0.6503141825128913,1.6907178893828424e-101,3.388239472485535e-101
ZNF699,JAML,positive_vs_negative,611,2231,0.04172305194206246,0.009830745314559308,0.031892306627503156,0.4224437728900705,0.47328908638752554
ZNF699,JAML,within_positive_median,306,305,0.6921214154861106,-0.6108077652529497,1.3029291807390604,1.6907178893828424e-101,3.388239472485535e-101
ZNF76,JAML,positive_vs_negative,611,2231,0.06120009415973897,0.04019902679914596,0.021001067360593012,0.20444079580806496,0.24532895496967794
ZNF76,JAML,within_positive_median,306,305,0.5843420729235781,-0.46365710420660455,1.0479991771301826,1.6907178893828424e-101,3.388239472485535e-101
ZNF91,JAML,positive_vs_negative,611,2231,2.6546422993174836,2.527460358973806,0.1271819403436778,0.002462089554029614,0.0038137499157286092
ZNF91,JAML,within_positive_median,306,305,3.3668255282480533,1.9401240434068139,1.4267014848412394,1.6907178893828424e-101,3.388239472485535e-101
ABL1,PDCD1,positive_vs_negative,362,2480,0.6457217882984051,0.7881175366655894,-0.14239574836718427,0.009041258070868152,0.012472428031280718
ABL1,PDCD1,within_positive_median,181,181,1.4365171658049005,-0.14507358920809046,1.581590755012991,7.845179175111284e-61,1.5721928487748167e-60
AHR,PDCD1,positive_vs_negative,362,2480,1.0647006009182116,0.7797978206991529,0.2849027802190587,6.424678209020821e-08,1.1285678123782606e-07
AHR,PDCD1,within_positive_median,181,181,1.7938914418484153,0.3355097599880075,1.4583816818604078,7.845179175111284e-61,1.5721928487748167e-60
AIRE,PDCD1,positive_vs_negative,362,2480,1.0666051518800752,1.3310505969051303,-0.26444544502505507,0.0001916872672846124,0.00029192739788298766
AIRE,PDCD1,within_positive_median,181,181,1.912783490750878,0.22042681300927244,1.6923566777416057,7.845179175111284e-61,1.5721928487748167e-60
AP1,PDCD1,positive_vs_negative,362,2480,2.483550303566855,2.3320523907555923,0.15149791281126257,0.015224175475430372,0.020546448202613348
AP1,PDCD1,within_positive_median,181,181,3.413548882139115,1.5535517249945938,1.8599971571445213,7.845179175111284e-61,1.5721928487748167e-60
APEX1,PDCD1,positive_vs_negative,362,2480,0.4852909241956126,0.5248364194659155,-0.03954549527030293,0.2343297864012842,0.2726547514669148
APEX1,PDCD1,within_positive_median,181,181,0.9958043587627603,-0.025222510371535226,1.0210268691342956,7.845179175111284e-61,1.5721928487748167e-60
AR,PDCD1,positive_vs_negative,362,2480,2.114974759811665,1.8246908735215324,0.29028388629013246,2.2177737461013465e-08,4.008897733424576e-08
AR,PDCD1,within_positive_median,181,181,2.827802323835309,1.4021471957880205,1.4256551280472884,7.845179175111284e-61,1.5721928487748167e-60
ARID3B,PDCD1,positive_vs_negative,362,2480,-0.3120549429450115,-0.36335562971351293,0.05130068676850141,0.29970877435870724,0.34311487271410623
ARID3B,PDCD1,within_positive_median,181,181,0.21291232635371565,-0.8370222122437387,1.0499345385974543,7.845179175111284e-61,1.5721928487748167e-60
ARID4A,PDCD1,positive_vs_negative,362,2480,-0.2614519850060432,-0.2299229283524186,-0.031529056653624626,4.146482107339767e-06,6.89465138382372e-06
ARID4A,PDCD1,within_positive_median,181,181,0.14012057319568352,-0.66302454320777,0.8031451164034535,7.845179175111284e-61,1.5721928487748167e-60
ARNT,PDCD1,positive_vs_negative,362,2480,0.006987523018823951,-0.060260427978953784,0.06724795099777774,0.10281906766660473,0.12833056565907056
ARNT,PDCD1,within_positive_median,181,181,0.7517405751230198,-0.737765529085372,1.4895061042083917,7.845179175111284e-61,1.5721928487748167e-60
ARX,PDCD1,positive_vs_negative,362,2480,-0.11317649065626421,-0.13645405981224265,0.023277569155978436,0.15858018925785966,0.19075587983191813
ARX,PDCD1,within_positive_median,181,181,0.47776013825000846,-0.704113119562537,1.1818732578125455,7.845179175111284e-61,1.5721928487748167e-60
ASCL1,PDCD1,positive_vs_negative,362,2480,0.6713361776064608,0.5884098735829639,0.08292630402349688,0.17089330438664385,0.20457900380901115
ASCL1,PDCD1,within_positive_median,181,181,1.4290004032301227,-0.0863280480172008,1.5153284512473235,7.845179175111284e-61,1.5721928487748167e-60
ATF1,PDCD1,positive_vs_negative,362,2480,2.115251287500546,2.2072397836161404,-0.09198849611559456,0.16287610419485077,0.19521612488335904
ATF1,PDCD1,within_positive_median,181,181,2.8692237185754377,1.3612788564256537,1.507944862149784,7.845179175111284e-61,1.5721928487748167e-60
ATF2,PDCD1,positive_vs_negative,362,2480,0.3783731363112924,0.5479680525646381,-0.16959491625334572,0.001777898908841978,0.002581322614003805
ATF2,PDCD1,within_positive_median,181,181,1.1022845783171915,-0.34553830569460686,1.4478228840117984,7.845179175111284e-61,1.5721928487748167e-60
ATF3,PDCD1,positive_vs_negative,362,2480,1.6496232069191827,1.481455587197556,0.16816761972162664,0.00037766106936492456,0.0005664916040473869
ATF3,PDCD1,within_positive_median,181,181,2.3588965983832506,0.9403498154551146,1.418546782928136,7.845179175111284e-61,1.5721928487748167e-60
ATF4,PDCD1,positive_vs_negative,362,2480,0.9323283599989157,0.8573451691862574,0.07498319081265836,0.16213349285343626,0.1945601914241235
ATF4,PDCD1,within_positive_median,181,181,1.7729760477670948,0.09168067223073634,1.6812953755363584,7.845179175111284e-61,1.5721928487748167e-60
ATF5,PDCD1,positive_vs_negative,362,2480,1.2263803482992535,1.2071323875630537,0.01924796073619972,0.41028059837284303,0.4530371130591482
ATF5,PDCD1,within_positive_median,181,181,1.9215905305295398,0.5311701660689669,1.3904203644605728,7.845179175111284e-61,1.5721928487748167e-60
ATF6,PDCD1,positive_vs_negative,362,2480,0.4713447768412374,0.6334474440408484,-0.16210266719961103,0.011534229019967005,0.0158020524124995
ATF6,PDCD1,within_positive_median,181,181,1.2591946634630962,-0.31650510978062124,1.5756997732437175,7.845179175111284e-61,1.5721928487748167e-60
BACH1,PDCD1,positive_vs_negative,362,2480,0.9496735333171815,0.6088058739691763,0.3408676593480052,1.3270579783163743e-15,2.6173262305012053e-15
BACH1,PDCD1,within_positive_median,181,181,1.5307297690707544,0.36861729756360867,1.1621124715071458,7.845179175111284e-61,1.5721928487748167e-60
BACH2,PDCD1,positive_vs_negative,362,2480,-0.04188850279560107,-0.02448962558002685,-0.017398877215574222,0.022804107277643267,0.03036482733761055
BACH2,PDCD1,within_positive_median,181,181,0.48286297425521835,-0.5666399798464204,1.0495029541016387,7.845179175111284e-61,1.5721928487748167e-60
BATF,PDCD1,positive_vs_negative,362,2480,0.9925068424194885,0.7264928647328722,0.2660139776866163,1.2547738105603225e-07,2.177273023202232e-07
BATF,PDCD1,within_positive_median,181,181,1.6971299530977209,0.28788373174125603,1.4092462213564647,7.845179175111284e-61,1.5721928487748167e-60
BCL11B,PDCD1,positive_vs_negative,362,2480,-0.31499464140431366,-0.2977049120757392,-0.017289729328574477,0.33461698622017744,0.3774388655439374
BCL11B,PDCD1,within_positive_median,181,181,0.2706877311327817,-0.9006770139414091,1.1713647450741909,7.845179175111284e-61,1.5721928487748167e-60
BCL3,PDCD1,positive_vs_negative,362,2480,0.1500339277386355,0.010305685697734133,0.13972824204090137,0.0004649770066026301,0.0006922527631931534
BCL3,PDCD1,within_positive_median,181,181,0.6858750857464001,-0.38580723026912916,1.0716823160155293,7.845179175111284e-61,1.5721928487748167e-60
BCL6,PDCD1,positive_vs_negative,362,2480,-0.07815260002149316,0.06037336166988575,-0.1385259616913789,0.006428835928574875,0.008967956001205287
BCL6,PDCD1,within_positive_median,181,181,0.5765883667825057,-0.732893566825492,1.3094819336079977,7.845179175111284e-61,1.5721928487748167e-60
BCLAF1,PDCD1,positive_vs_negative,362,2480,-0.3518917961329596,-0.3407726817676375,-0.011119114365322147,0.009231521811837761,0.012699717851644213
BCLAF1,PDCD1,within_positive_median,181,181,0.1433248520721466,-0.847108444338066,0.9904332964102126,7.845179175111284e-61,1.5721928487748167e-60
BHLHA15,PDCD1,positive_vs_negative,362,2480,-0.22413296529128746,-0.30827529027888223,0.08414232498759477,0.39895423870643754,0.4415093575017909
BHLHA15,PDCD1,within_positive_median,181,181,0.39550214471143097,-0.843768075294006,1.2392702200054369,7.845179175111284e-61,1.5721928487748167e-60
BHLHE40,PDCD1,positive_vs_negative,362,2480,-0.13531251263778105,-0.08928080417621022,-0.04603170846157083,0.10408324444014566,0.1297458216049876
BHLHE40,PDCD1,within_positive_median,181,181,0.398188384474643,-0.668813409750205,1.067001794224848,7.845179175111284e-61,1.5721928487748167e-60
BHLHE41,PDCD1,positive_vs_negative,362,2480,0.0827041922764135,0.12903600521054012,-0.04633181293412662,0.15386658766759576,0.18530969929495208
BHLHE41,PDCD1,within_positive_median,271,91,0.320914281454953,-0.6266906886838527,0.9476049701388056,6.949218502657972e-51,1.3898437005315945e-50
BMAL1,PDCD1,positive_vs_negative,362,2480,0.0007692802987502411,0.14275558317294085,-0.14198630287419062,0.00588342105339533,0.008253362491805279
BMAL1,PDCD1,within_positive_median,181,181,0.6549940684659404,-0.65345550786844,1.3084495763343804,7.845179175111284e-61,1.5721928487748167e-60
BRCA1,PDCD1,positive_vs_negative,362,2480,-0.5736596222390089,-0.3015145359491232,-0.2721450862898857,4.0820580091736226e-08,7.286254080890553e-08
BRCA1,PDCD1,within_positive_median,181,181,0.11894355047005584,-1.2662627949480738,1.3852063454181296,7.845179175111284e-61,1.5721928487748167e-60
BRD4,PDCD1,positive_vs_negative,362,2480,-0.14943547915851907,0.1263936921644812,-0.2758291713230003,9.036247323993455e-10,1.6791235699062464e-09
BRD4,PDCD1,within_positive_median,181,181,0.5189758059205277,-0.8178467642375659,1.3368225701580936,7.845179175111284e-61,1.5721928487748167e-60
CDX1,PDCD1,positive_vs_negative,362,2480,0.2853613805982786,0.016294780059943323,0.26906660053833525,5.145954239180153e-08,9.103677481746771e-08
CDX1,PDCD1,within_positive_median,181,181,1.020453190805477,-0.4497304296089197,1.4701836204143968,7.845179175111284e-61,1.5721928487748167e-60
CDX2,PDCD1,positive_vs_negative,362,2480,0.261928526546958,0.1042319457371983,0.15769658080975968,0.0007653993623670302,0.00113106493311211
CDX2,PDCD1,within_positive_median,181,181,0.8945507967050351,-0.3706937436111192,1.2652445403161543,7.845179175111284e-61,1.5721928487748167e-60
CEBPA,PDCD1,positive_vs_negative,362,2480,0.1886528442297141,0.014000944382388324,0.17465189984732576,0.0010771236426590821,0.0015823232272690942
CEBPA,PDCD1,within_positive_median,181,181,0.9636659874887674,-0.5863602990293393,1.5500262865181067,7.845179175111284e-61,1.5721928487748167e-60
CEBPB,PDCD1,positive_vs_negative,362,2480,1.0864965333379286,1.031774816933925,0.054721716404003695,0.23484267406192416,0.2729326760392958
CEBPB,PDCD1,within_positive_median,181,181,1.8190460185080177,0.35394704816783945,1.4650989703401782,7.845179175111284e-61,1.5721928487748167e-60
CEBPD,PDCD1,positive_vs_negative,362,2480,0.849330656845193,0.46290559252626456,0.3864250643189285,6.570107140559483e-13,1.2731180373535497e-12
CEBPD,PDCD1,within_positive_median,181,181,1.6017417812046038,0.09691953248578253,1.5048222487188212,7.845179175111284e-61,1.5721928487748167e-60
CEBPE,PDCD1,positive_vs_negative,362,2480,0.7334707576648709,0.6347593004826205,0.09871145718225038,0.03307273780538186,0.043514460837728315
CEBPE,PDCD1,within_positive_median,181,181,1.405269345041075,0.06167217028866674,1.3435971747524083,7.845179175111284e-61,1.5721928487748167e-60
CEBPG,PDCD1,positive_vs_negative,362,2480,0.3043328934346416,0.3907930188636769,-0.0864601254290353,0.12618799596243357,0.1549731738330257
CEBPG,PDCD1,within_positive_median,181,181,0.9606067139361111,-0.35194092706682784,1.3125476410029389,7.845179175111284e-61,1.5721928487748167e-60
CEBPZ,PDCD1,positive_vs_negative,362,2480,-0.04772092023757322,-0.18060612197248843,0.13288520173491522,0.5120285057462501,0.5561400127843676
CEBPZ,PDCD1,within_positive_median,181,181,0.652082714333063,-0.7475245548082095,1.3996072691412724,7.845179175111284e-61,1.5721928487748167e-60
CIITA,PDCD1,positive_vs_negative,362,2480,4.648856935221562,4.050424414216367,0.5984325210051953,1.104486933173132e-11,2.111456785874164e-11
CIITA,PDCD1,within_positive_median,181,181,5.914093077682268,3.383620792760856,2.530472284921412,7.845179175111284e-61,1.5721928487748167e-60
CLOCK,PDCD1,positive_vs_negative,362,2480,0.16376006072591887,0.3542076671952865,-0.19044760646936765,0.00020520866813921463,0.0003110925927955217
CLOCK,PDCD1,within_positive_median,181,181,0.9096761490186028,-0.5821560275667651,1.491832176585368,7.845179175111284e-61,1.5721928487748167e-60
CREB1,PDCD1,positive_vs_negative,362,2480,2.5445724890831847,2.5420173183741106,0.0025551707090740727,0.7865374136309822,0.8126465393946664
CREB1,PDCD1,within_positive_median,181,181,3.4762599248334243,1.6128850533329453,1.863374871500479,7.845179175111284e-61,1.5721928487748167e-60
CREB3,PDCD1,positive_vs_negative,362,2480,1.1890841225497237,1.1706852304625395,0.01839889208718426,0.6235848005050189,0.6614381909510104
CREB3,PDCD1,within_positive_median,181,181,1.9896976873771883,0.38847055772225914,1.6012271296549292,7.845179175111284e-61,1.5721928487748167e-60
CREB5,PDCD1,positive_vs_negative,362,2480,0.5467111919286342,0.42909809730741644,0.11761309462121772,0.0451092420433644,0.0587304641505764
CREB5,PDCD1,within_positive_median,181,181,1.2021729352267772,-0.10875055136950919,1.3109234865962864,7.837633141848293e-61,1.5721928487748167e-60
CREBBP,PDCD1,positive_vs_negative,362,2480,0.5696333433044749,0.640720130390615,-0.07108678708614014,0.26369762477141334,0.30398476188926815
CREBBP,PDCD1,within_positive_median,181,181,1.1885931521326605,-0.04932646552371072,1.2379196176563712,7.845179175111284e-61,1.5721928487748167e-60
CREBZF,PDCD1,positive_vs_negative,362,2480,-0.6437928012466924,-0.6194993687814435,-0.024293432465248843,6.215419366146008e-05,9.764286575207293e-05
CREBZF,PDCD1,within_positive_median,181,181,-0.3169146594362301,-0.9706709430571543,0.6537562836209242,7.845179175111284e-61,1.5721928487748167e-60
CREM,PDCD1,positive_vs_negative,362,2480,0.29853994219081126,-0.10014949616667122,0.3986894383574825,5.005102839531282e-08,8.886064934355004e-08
CREM,PDCD1,within_positive_median,181,181,1.2704509968080373,-0.6733711124264147,1.943822109234452,7.845179175111284e-61,1.5721928487748167e-60
CRX,PDCD1,positive_vs_negative,362,2480,-0.13571031856053375,-0.13283643005880214,-0.0028738885017316196,0.024273629912882025,0.03227841841552803
CRX,PDCD1,within_positive_median,181,181,0.4144901037468873,-0.6859107408679549,1.100400844614842,7.845179175111284e-61,1.5721928487748167e-60
CTBP2,PDCD1,positive_vs_negative,362,2480,-0.4772563408213634,-0.5635297692876472,0.08627342846628377,0.7126906034362077,0.747199832655224
CTBP2,PDCD1,within_positive_median,181,181,0.01537483596466533,-0.969887517607392,0.9852623535720574,7.845179175111284e-61,1.5721928487748167e-60
CTCF,PDCD1,positive_vs_negative,362,2480,0.09561465516447895,0.2986234564978263,-0.20300880133334734,1.5499330972897582e-05,2.5348659522177328e-05
CTCF,PDCD1,within_positive_median,181,181,0.7367794069295553,-0.5455500966005973,1.2823295035301525,7.845179175111284e-61,1.5721928487748167e-60
CTNNB1,PDCD1,positive_vs_negative,362,2480,1.4087114993978473,1.4882278905103399,-0.07951639111249253,0.19669177422973572,0.2318402451275938
CTNNB1,PDCD1,within_positive_median,181,181,2.0830959152478457,0.7343270835478491,1.3487688316999966,7.845179175111284e-61,1.5721928487748167e-60
CUX1,PDCD1,positive_vs_negative,362,2480,0.9691935433484764,1.00423494361673,-0.03504140026825353,0.4392369605467209,0.48286977119705743
CUX1,PDCD1,within_positive_median,181,181,1.698405810558507,0.23998127613844605,1.4584245344200608,7.845179175111284e-61,1.5721928487748167e-60
CXXC1,PDCD1,positive_vs_negative,362,2480,0.36919743494552887,0.5031988833118674,-0.13400144836633848,0.004008471739152631,0.005679143459738294
CXXC1,PDCD1,within_positive_median,181,181,0.9787234316453893,-0.2403285617543317,1.219051993399721,7.845179175111284e-61,1.5721928487748167e-60
DBP,PDCD1,positive_vs_negative,362,2480,1.1009318552134975,1.1877892044516003,-0.08685734923810284,0.07833128579692941,0.09989495602271664
DBP,PDCD1,within_positive_median,181,181,1.630601875196422,0.571261835230573,1.059340039965849,7.845179175111284e-61,1.5721928487748167e-60
DDIT3,PDCD1,positive_vs_negative,362,2480,0.6516613490877846,0.5576572908293841,0.09400405825840052,0.08804481666434295,0.11114402712000707
DDIT3,PDCD1,within_positive_median,181,181,1.3787046755744494,-0.07538197739888042,1.4540866529733298,7.845179175111284e-61,1.5721928487748167e-60
DLX2,PDCD1,positive_vs_negative,362,2480,-0.4788310667912644,-0.46558766105210614,-0.013243405739158276,0.0002712919371141724,0.00040940419600866013
DLX2,PDCD1,within_positive_median,181,181,-0.011456115966878712,-0.9462060176156498,0.9347499016487711,7.845179175111284e-61,1.5721928487748167e-60
DLX4,PDCD1,positive_vs_negative,362,2480,-0.26718204969304127,-0.29521750988483614,0.02803546019179487,0.7267975043231568,0.7603443155038896
DLX4,PDCD1,within_positive_median,181,181,0.2950319516915349,-0.8293960510776175,1.1244280027691524,7.845179175111284e-61,1.5721928487748167e-60
DLX5,PDCD1,positive_vs_negative,362,2480,-0.5884482916800073,-0.5184477709162376,-0.07000052076376972,3.440012820474989e-07,5.856842340501007e-07
DLX5,PDCD1,within_positive_median,181,181,-0.22939472225341578,-0.9475018611065988,0.718107138853183,7.845179175111284e-61,1.5721928487748167e-60
DMTF1,PDCD1,positive_vs_negative,362,2480,1.1198327703150215,1.454504906979612,-0.3346721366645906,5.675640633273104e-07,9.613840256360565e-07
DMTF1,PDCD1,within_positive_median,181,181,2.051085542015223,0.1885799986148197,1.8625055434004032,7.845179175111284e-61,1.5721928487748167e-60
DNMT1,PDCD1,positive_vs_negative,362,2480,-0.5982078493162193,-0.5819300409137934,-0.016277808402425875,0.7043239489421371,0.7407673211682879
DNMT1,PDCD1,within_positive_median,181,181,0.06121929071982966,-1.2576349893522683,1.318854280072098,7.845179175111284e-61,1.5721928487748167e-60
DNMT3A,PDCD1,positive_vs_negative,362,2480,0.12422141334318543,-0.07458982025689531,0.19881123360008074,1.6122730380929295e-07,2.778242121004425e-07
DNMT3A,PDCD1,within_positive_median,181,181,0.6945279238249348,-0.44608509713856376,1.1406130209634986,7.845179175111284e-61,1.5721928487748167e-60
DNMT3B,PDCD1,positive_vs_negative,362,2480,-0.7940470087482542,-0.7905710325123467,-0.003475976235907452,0.8274195669695721,0.849597823403808
DNMT3B,PDCD1,within_positive_median,181,181,-0.21450910926564962,-1.3735849082308587,1.159075798965209,7.845179175111284e-61,1.5721928487748167e-60
DOT1L,PDCD1,positive_vs_negative,362,2480,0.6958658423819994,0.9232498616173109,-0.22738401923531149,2.3156375434272266e-05,3.7319983709603846e-05
DOT1L,PDCD1,within_positive_median,181,181,1.534118164495943,-0.1423864797319445,1.6765046442278875,7.845179175111284e-61,1.5721928487748167e-60
E2F1,PDCD1,positive_vs_negative,362,2480,-0.5512887450840545,-0.5434377184356788,-0.00785102664837567,0.841658011161677,0.8633278878651188
E2F1,PDCD1,within_positive_median,181,181,0.08798565025427989,-1.1905631404223889,1.2785487906766688,7.845179175111284e-61,1.5721928487748167e-60
E2F2,PDCD1,positive_vs_negative,362,2480,-0.7865907984720869,-0.6648145691208625,-0.12177622935122445,0.00026741577729062625,0.00040416709283985395
E2F2,PDCD1,within_positive_median,181,181,-0.28069935184907796,-1.2924822450950957,1.0117828932460178,7.845179175111284e-61,1.5721928487748167e-60
E2F3,PDCD1,positive_vs_negative,362,2480,-0.8907592169008256,-0.6737291923926165,-0.21703002450820907,6.077625099651361e-08,1.0713831149119922e-07
E2F3,PDCD1,within_positive_median,181,181,-0.338862177163004,-1.4426562566386472,1.1037940794756431,7.845179175111284e-61,1.5721928487748167e-60
E2F4,PDCD1,positive_vs_negative,362,2480,0.7852596748495526,0.6845792932304976,0.10068038161905501,0.06352673318741152,0.0816420983931121
E2F4,PDCD1,within_positive_median,181,181,1.4010891793139029,0.16943017038520217,1.2316590089287007,7.845179175111284e-61,1.5721928487748167e-60
E2F6,PDCD1,positive_vs_negative,362,2480,-0.7514603509982615,-0.735635538008375,-0.015824812989886472,0.30497976228662904,0.3479494195160166
E2F6,PDCD1,within_positive_median,181,181,-0.22761783264997199,-1.2753028693465507,1.0476850366965786,7.845179175111284e-61,1.5721928487748167e-60
EBF1,PDCD1,positive_vs_negative,362,2480,-0.7964858271546783,-0.6939679813512042,-0.10251784580347412,3.931893970108496e-05,6.245879416631679e-05
EBF1,PDCD1,within_positive_median,181,181,-0.2932568480860551,-1.2997148062233017,1.0064579581372466,7.845179175111284e-61,1.5721928487748167e-60
EGR1,PDCD1,positive_vs_negative,362,2480,1.3874567746926336,1.0810371594002104,0.30641961529242323,2.1904895002038316e-09,4.047731989244928e-09
EGR1,PDCD1,within_positive_median,181,181,2.1251303438776583,0.6497832055076088,1.4753471383700494,7.845179175111284e-61,1.5721928487748167e-60
EGR2,PDCD1,positive_vs_negative,362,2480,0.7978673297163873,0.6811554316875372,0.11671189802885007,0.014305778847131195,0.019359450722476454
EGR2,PDCD1,within_positive_median,181,181,1.47217913388691,0.12355552554586463,1.3486236083410452,7.845179175111284e-61,1.5721928487748167e-60
EGR3,PDCD1,positive_vs_negative,362,2480,-0.09241296694649904,0.09039515527970515,-0.18280812222620418,0.00019815130285172266,0.0003013109887638409
EGR3,PDCD1,within_positive_median,181,181,0.4848798336390111,-0.669705767532009,1.15458560117102,7.845179175111284e-61,1.5721928487748167e-60
EGR4,PDCD1,positive_vs_negative,362,2480,-0.8029810220898105,-1.1367320508947387,0.33375102880492824,7.121671178086539e-05,0.00011152805807192127
EGR4,PDCD1,within_positive_median,181,181,-0.20107697999107094,-1.4048850641885504,1.2038080841974794,7.845179175111284e-61,1.5721928487748167e-60
EHF,PDCD1,positive_vs_negative,362,2480,0.20859833239138217,-0.07483321791112651,0.28343155030250866,1.5944877656257234e-08,2.8980106105168255e-08
EHF,PDCD1,within_positive_median,181,181,0.9258654496107334,-0.508668784827969,1.4345342344387024,7.845179175111284e-61,1.5721928487748167e-60
ELF1,PDCD1,positive_vs_negative,362,2480,0.30050071274367907,0.25042836241323524,0.05007235033044383,0.3560991025531002,0.39985874424226353
ELF1,PDCD1,within_positive_median,181,181,0.9060943794785747,-0.3050929539912166,1.2111873334697913,7.845179175111284e-61,1.5721928487748167e-60
ELF3,PDCD1,positive_vs_negative,362,2480,0.089538674770356,-0.027453494156353654,0.11699216892670966,0.041520999379483045,0.05420041334464628
ELF3,PDCD1,within_positive_median,181,181,0.7697239466317477,-0.5906465970910356,1.3603705437227833,7.845179175111284e-61,1.5721928487748167e-60
ELF4,PDCD1,positive_vs_negative,362,2480,0.9865758042497812,0.7861735698359421,0.2004022344138391,2.9237163853976426e-05,4.6968089029936325e-05
ELF4,PDCD1,within_positive_median,181,181,1.6579081559838882,0.3152434525156745,1.3426647034682138,7.845179175111284e-61,1.5721928487748167e-60
ELK1,PDCD1,positive_vs_negative,362,2480,0.5624666921525039,0.8513139085732436,-0.28884721642073974,2.494176410843868e-06,4.175125554958811e-06
ELK1,PDCD1,within_positive_median,181,181,1.3717007505305003,-0.2467673662254927,1.6184681167559931,7.845179175111284e-61,1.5721928487748167e-60
ELK3,PDCD1,positive_vs_negative,362,2480,0.8257012537908944,0.6689847590151058,0.15671649477578864,0.006031770816586311,0.00844956924517576
ELK3,PDCD1,within_positive_median,181,181,1.5792831918785821,0.0721193157032065,1.5071638761753756,7.845179175111284e-61,1.5721928487748167e-60
ELK4,PDCD1,positive_vs_negative,362,2480,0.6157434793609176,0.9611545773705216,-0.345411098009604,2.164732913915797e-07,3.704594471237343e-07
ELK4,PDCD1,within_positive_median,181,181,1.4728572347093374,-0.2413702759875021,1.7142275106968394,7.845179175111284e-61,1.5721928487748167e-60
ENO1,PDCD1,positive_vs_negative,362,2480,0.6679881558813778,0.6255924916006974,0.04239566428068042,0.5346984579998912,0.5782406777067228
ENO1,PDCD1,within_positive_median,181,181,1.3796153016427455,-0.04363898987998966,1.423254291522735,7.845179175111284e-61,1.5721928487748167e-60
EOMES,PDCD1,positive_vs_negative,362,2480,-0.1375776251241174,-0.2169942188245146,0.07941659370039722,0.4718210286023786,0.514713849384413
EOMES,PDCD1,within_positive_median,181,181,0.6055360173888134,-0.8806912676370482,1.4862272850258615,7.845179175111284e-61,1.5721928487748167e-60
EP300,PDCD1,positive_vs_negative,362,2480,0.4776000024727188,0.33556748014731713,0.14203252232540164,0.007963357702061804,0.01103129940369062
EP300,PDCD1,within_positive_median,181,181,1.1022973080176766,-0.1470973030722391,1.2493946110899157,7.845179175111284e-61,1.5721928487748167e-60
EPAS1,PDCD1,positive_vs_negative,362,2480,1.1313955754727232,1.0057400892747248,0.12565548619799838,0.008138177891875747,0.011257812750428116
EPAS1,PDCD1,within_positive_median,181,181,1.829988886181317,0.4328022647641294,1.3971866214171875,7.845179175111284e-61,1.5721928487748167e-60
ERF,PDCD1,positive_vs_negative,362,2480,0.3112431350275969,0.3945081951533205,-0.0832650601257236,0.04856447941042121,0.0630641740453449
ERF,PDCD1,within_positive_median,181,181,0.947923952459345,-0.3254376824041513,1.2733616348634964,7.845179175111284e-61,1.5721928487748167e-60
ERG,PDCD1,positive_vs_negative,362,2480,1.1119231473128677,1.1854464149620272,-0.07352326764915951,0.12105540858495314,0.14959204336304383
ERG,PDCD1,within_positive_median,181,181,1.769363638900843,0.45448265572489277,1.31488098317595,7.845179175111284e-61,1.5721928487748167e-60
ESR1,PDCD1,positive_vs_negative,362,2480,0.9695465801608293,0.5990750840868092,0.3704714960740201,4.766718575126228e-11,9.043146096810901e-11
ESR1,PDCD1,within_positive_median,181,181,1.6961965396762755,0.24289662064538298,1.4532999190308926,7.845179175111284e-61,1.5721928487748167e-60
ESR2,PDCD1,positive_vs_negative,362,2480,0.6883164946579496,0.5637854942493431,0.12453100040860654,0.013696516417084668,0.018560177348865753
ESR2,PDCD1,within_positive_median,181,181,1.3576762658814732,0.018956723434426052,1.338719542447047,7.845179175111284e-61,1.5721928487748167e-60
ESRRA,PDCD1,positive_vs_negative,362,2480,0.488134382763633,0.5772721583074625,-0.08913777554382946,0.059832931312841627,0.07719378184921018
ESRRA,PDCD1,within_positive_median,181,181,1.0897615116766157,-0.11349274614934951,1.2032542578259653,7.845179175111284e-61,1.5721928487748167e-60
ESRRG,PDCD1,positive_vs_negative,362,2480,-0.3198881168436693,-0.2808453876736177,-0.03904272917005158,0.10973507430835609,0.13627946884179884
ESRRG,PDCD1,within_positive_median,181,181,0.1895817415954908,-0.8293579752828294,1.0189397168783203,7.845179175111284e-61,1.5721928487748167e-60
ETS1,PDCD1,positive_vs_negative,362,2480,1.7879269164629614,2.01420903066729,-0.22628211420432875,3.617472484162216e-05,5.755595198443398e-05
ETS1,PDCD1,within_positive_median,181,181,2.6054948818358885,0.9703589510900346,1.635135930745854,7.845179175111284e-61,1.5721928487748167e-60
ETS2,PDCD1,positive_vs_negative,362,2480,0.14775791051001716,0.07844308158597085,0.0693148289240463,0.10085314238720855,0.1261931279116328
ETS2,PDCD1,within_positive_median,181,181,0.7978903218868713,-0.5023745008668369,1.3002648227537081,7.845179175111284e-61,1.5721928487748167e-60
ETV1,PDCD1,positive_vs_negative,362,2480,-0.4310422097507696,-0.4939555160754583,0.06291330632468867,0.32979642182563607,0.3728458980003786
ETV1,PDCD1,within_positive_median,181,181,0.08883351326931722,-0.9509179327708565,1.0397514460401738,7.845179175111284e-61,1.5721928487748167e-60
ETV3,PDCD1,positive_vs_negative,362,2480,0.5007011400057492,0.528902039148519,-0.028200899142769797,0.9333595280203623,0.9466660793363347
ETV3,PDCD1,within_positive_median,181,181,1.0121550256589902,-0.010752745647491773,1.022907771306482,7.845179175111284e-61,1.5721928487748167e-60
ETV4,PDCD1,positive_vs_negative,362,2480,1.880643763777573,2.150611540344231,-0.26996777656665816,7.690552408629926e-06,1.2723903985042204e-05
ETV4,PDCD1,within_positive_median,181,181,2.699180835794844,1.062106691760302,1.6370741440345422,7.845179175111284e-61,1.5721928487748167e-60
ETV5,PDCD1,positive_vs_negative,362,2480,1.1232670740981874,1.2611608152480083,-0.1378937411498209,0.010910381628545499,0.014967961573045892
ETV5,PDCD1,within_positive_median,181,181,1.9128852736580508,0.33364887453832415,1.5792363991197267,7.845179175111284e-61,1.5721928487748167e-60
ETV6,PDCD1,positive_vs_negative,362,2480,-0.6235967053492607,-0.3973924421482115,-0.2262042632010492,1.3171665746034288e-13,2.5824761974508174e-13
ETV6,PDCD1,within_positive_median,181,181,-0.10315598909230039,-1.1440374216062212,1.0408814325139208,7.845179175111284e-61,1.5721928487748167e-60
ETV7,PDCD1,positive_vs_negative,362,2480,0.3246662619983671,0.060938955835392244,0.2637273061629749,1.7582876623410935e-05,2.856858909774436e-05
ETV7,PDCD1,within_positive_median,181,181,0.9891641090170958,-0.33983158502036165,1.3289956940374574,7.845179175111284e-61,1.5721928487748167e-60
EWSR1,PDCD1,positive_vs_negative,362,2480,0.9328787448784984,0.7869091790876861,0.14596956579081233,0.004781370991895587,0.0067453902378583645
EWSR1,PDCD1,within_positive_median,181,181,1.5962654412049142,0.2694920485520825,1.3267733926528318,7.845179175111284e-61,1.5721928487748167e-60
EZH2,PDCD1,positive_vs_negative,362,2480,1.7038220399528456,1.642620537216228,0.06120150273661773,0.18132036060726064,0.21499414186289476
EZH2,PDCD1,within_positive_median,181,181,2.350675778253531,1.0569683016521603,1.2937074766013705,7.845179175111284e-61,1.5721928487748167e-60
FGF2,PDCD1,positive_vs_negative,362,2480,0.4768932827515232,0.3956735610714042,0.08121972168011898,2.2681888500254705e-07,3.874984724914869e-07
FGF2,PDCD1,within_positive_median,181,181,0.9107887233886451,0.042997842114401275,0.8677908812742439,7.845179175111284e-61,1.5721928487748167e-60
FLI1,PDCD1,positive_vs_negative,362,2480,-0.26518411415593274,-0.2469289591617444,-0.01825515499418834,0.7425003704110734,0.7751890659637621
FLI1,PDCD1,within_positive_median,181,181,0.3233090844543589,-0.8536773127662244,1.1769863972205834,7.845179175111284e-61,1.5721928487748167e-60
FOS,PDCD1,positive_vs_negative,362,2480,1.8618621954692822,1.8608029218946756,0.0010592735746066673,0.9948299957699384,0.9988051401891249
FOS,PDCD1,within_positive_median,181,181,2.622872533829582,1.1008518571089827,1.5220206767205993,7.845179175111284e-61,1.5721928487748167e-60
FOSB,PDCD1,positive_vs_negative,362,2480,-0.26074709224075715,-0.5820753536351068,0.3213282613943496,1.2013826004122147e-07,2.0919179545639264e-07
FOSB,PDCD1,within_positive_median,181,181,0.5857123109811957,-1.1072064954627103,1.692918806443906,7.845179175111284e-61,1.5721928487748167e-60
FOSL1,PDCD1,positive_vs_negative,362,2480,0.01819790696127921,0.16961520378750708,-0.15141729682622787,1.715333427102161e-05,2.79162106763685e-05
FOSL1,PDCD1,within_positive_median,181,181,0.5336941998902899,-0.49729838596773146,1.0309925858580213,7.845179175111284e-61,1.5721928487748167e-60
FOSL2,PDCD1,positive_vs_negative,362,2480,-0.30466653166447416,-0.4397466300310917,0.13508009836661755,0.00039733055083478647,0.0005950995919269884
FOSL2,PDCD1,within_positive_median,181,181,0.22278036132528892,-0.8321134246542373,1.0548937859795262,7.845179175111284e-61,1.5721928487748167e-60
FOXA1,PDCD1,positive_vs_negative,362,2480,-0.7957858061016142,-0.44554555559501874,-0.35024025050659546,1.1263646806823967e-12,2.169940468007093e-12
FOXA1,PDCD1,within_positive_median,181,181,-0.10809531980238805,-1.4834762924008404,1.3753809725984525,7.845179175111284e-61,1.5721928487748167e-60
FOXA2,PDCD1,positive_vs_negative,362,2480,0.08125375886685886,0.332098664634321,-0.2508449057674621,1.0109867832355382e-06,1.6980486274917304e-06
FOXA2,PDCD1,within_positive_median,181,181,0.7844314258859768,-0.6219239081522592,1.406355334038236,7.845179175111284e-61,1.5721928487748167e-60
FOXC1,PDCD1,positive_vs_negative,362,2480,0.8983122719323331,0.9401715276633904,-0.04185925573105731,0.46714611663446326,0.5101727326402691
FOXC1,PDCD1,within_positive_median,181,181,1.6820389960607636,0.11458554780390288,1.5674534482568607,7.845179175111284e-61,1.5721928487748167e-60
FOXC2,PDCD1,positive_vs_negative,362,2480,1.4078325910189298,1.3315475973233186,0.07628499369561115,0.16170148454023314,0.1942758487359134
FOXC2,PDCD1,within_positive_median,181,181,2.3032054543833618,0.5124597276544977,1.790745726728864,7.845179175111284e-61,1.5721928487748167e-60
FOXF2,PDCD1,positive_vs_negative,362,2480,-0.10200405842208382,-0.15159842262749088,0.049594364205407054,0.4154058064954883,0.45818846430731597
FOXF2,PDCD1,within_positive_median,181,181,0.5371748936449197,-0.7411830104890873,1.278357904134007,7.845179175111284e-61,1.5721928487748167e-60
FOXJ1,PDCD1,positive_vs_negative,362,2480,0.443517732789454,0.44936255337508524,-0.0058448205856312385,0.9526221615894447,0.9613086858592573
FOXJ1,PDCD1,within_positive_median,181,181,1.2191234025194595,-0.3320879369405513,1.5512113394600107,7.845179175111284e-61,1.5721928487748167e-60
FOXL2,PDCD1,positive_vs_negative,362,2480,-0.18219255001991724,0.08778124331334464,-0.2699737933332619,3.339715429878655e-09,6.148533397706359e-09
FOXL2,PDCD1,within_positive_median,181,181,0.4904525392629322,-0.8548376393027668,1.345290178565699,7.845179175111284e-61,1.5721928487748167e-60
FOXM1,PDCD1,positive_vs_negative,362,2480,-0.38377175683946135,-0.30878086001787075,-0.0749908968215906,0.14337274186009819,0.17414542791787535
FOXM1,PDCD1,within_positive_median,181,181,0.17451843543912354,-0.9420619491180462,1.1165803845571698,7.845179175111284e-61,1.5721928487748167e-60
FOXN1,PDCD1,positive_vs_negative,362,2480,-0.32504586004004477,-0.40519383797946873,0.08014797793942396,0.09437595076273882,0.11868490777738366
FOXN1,PDCD1,within_positive_median,181,181,0.3108067457423415,-0.960898465822431,1.2717052115647725,7.845179175111284e-61,1.5721928487748167e-60
FOXO1,PDCD1,positive_vs_negative,362,2480,-0.5270148887908822,-0.2670072701089664,-0.2600076186819158,1.7326182318211214e-07,2.9804624505938456e-07
FOXO1,PDCD1,within_positive_median,181,181,0.13443279322254711,-1.1884625708043115,1.3228953640268586,7.845179175111284e-61,1.5721928487748167e-60
FOXO3,PDCD1,positive_vs_negative,362,2480,0.6266828014975607,0.8692205814238256,-0.2425377799262649,1.6003171855537917e-05,2.612976912805863e-05
FOXO3,PDCD1,within_positive_median,181,181,1.3839288924241702,-0.1305632894290487,1.5144921818532189,7.845179175111284e-61,1.5721928487748167e-60
FOXO4,PDCD1,positive_vs_negative,362,2480,-0.5853940996079737,-0.5244068417285227,-0.06098725787945103,0.12145067459161875,0.14989451287887517
FOXO4,PDCD1,within_positive_median,181,181,-0.06881979076286088,-1.1019684084530865,1.0331486176902256,7.845179175111284e-61,1.5721928487748167e-60
FOXP1,PDCD1,positive_vs_negative,362,2480,0.6307242084985968,0.8230355815709587,-0.1923113730723619,4.510742351428093e-05,7.15397990767895e-05
FOXP1,PDCD1,within_positive_median,181,181,1.42274573556558,-0.16129731856838628,1.5840430541339663,7.845179175111284e-61,1.5721928487748167e-60
FOXP3,PDCD1,positive_vs_negative,362,2480,0.9359028674765559,0.6125448812579695,0.32335798621858647,1.9717901710274204e-08,3.5707327460787464e-08
FOXP3,PDCD1,within_positive_median,181,181,1.766508767234634,0.10529696771847766,1.6612117995161564,7.845179175111284e-61,1.5721928487748167e-60
GABPA,PDCD1,positive_vs_negative,362,2480,1.134947242320292,1.4442168023576794,-0.30926956003738737,2.044078171197796e-11,3.8927377791835656e-11
GABPA,PDCD1,within_positive_median,181,181,1.7607268496948747,0.5091676349457092,1.2515592147491654,7.845179175111284e-61,1.5721928487748167e-60
GATA1,PDCD1,positive_vs_negative,362,2480,0.4764098938739168,0.44468216061575994,0.031727733258156865,0.5394465408289977,0.5816279003780418
GATA1,PDCD1,within_positive_median,181,181,1.1108295425872914,-0.15800975483945767,1.268839297426749,7.845179175111284e-61,1.5721928487748167e-60
GATA2,PDCD1,positive_vs_negative,362,2480,0.34198444512444154,0.33462915082729777,0.007355294297143766,0.9658444041423794,0.9726805121595651
GATA2,PDCD1,within_positive_median,181,181,0.8791267394374109,-0.19515784918852805,1.074284588625939,7.845179175111284e-61,1.5721928487748167e-60
GATA3,PDCD1,positive_vs_negative,362,2480,-0.20455139921320145,-0.2422830431661445,0.03773164395294304,0.3988392512027551,0.4415093575017909
GATA3,PDCD1,within_positive_median,181,181,0.4151759127035329,-0.8242787111299359,1.2394546238334687,7.845179175111284e-61,1.5721928487748167e-60
GATA4,PDCD1,positive_vs_negative,362,2480,0.7565414173922421,0.5875257687180525,0.1690156486741896,0.00028076586270189266,0.0004230602106672997
GATA4,PDCD1,within_positive_median,181,181,1.4354193370785342,0.0776634977059502,1.357755839372584,7.845179175111284e-61,1.5721928487748167e-60
GATA5,PDCD1,positive_vs_negative,362,2480,-0.35492132159285744,-0.37917741589833687,0.024256094305479425,0.3361305260356071,0.378717199017494
GATA5,PDCD1,within_positive_median,181,181,0.17993905521963474,-0.8897816984053497,1.0697207536249844,7.845179175111284e-61,1.5721928487748167e-60
GATA6,PDCD1,positive_vs_negative,362,2480,1.285880960455282,1.304779805882419,-0.018898845427136823,0.5656774018887876,0.6058222497647661
GATA6,PDCD1,within_positive_median,181,181,1.899432408918886,0.6723295119916786,1.2271028969272075,7.845179175111284e-61,1.5721928487748167e-60
GFI1,PDCD1,positive_vs_negative,362,2480,-0.7150529641240636,-0.9420997298257391,0.22704676570167548,2.627508357991429e-06,4.3835817831816805e-06
GFI1,PDCD1,within_positive_median,181,181,-0.013803002346791373,-1.4163029259013358,1.4024999235545443,7.845179175111284e-61,1.5721928487748167e-60
GFI1B,PDCD1,positive_vs_negative,362,2480,-0.46064590770191904,-0.47160920305132226,0.010963295349403213,0.0001232828100213137,0.00019007690213812453
GFI1B,PDCD1,within_positive_median,181,181,-0.0023631410560915177,-0.9189286743477465,0.916565533291655,7.845179175111284e-61,1.5721928487748167e-60
GLI1,PDCD1,positive_vs_negative,362,2480,0.9964893661010278,1.1324053732590857,-0.13591600715805796,0.0027479722592822064,0.003932443060696951
GLI1,PDCD1,within_positive_median,181,181,1.6692465737990998,0.3237321584029555,1.3455144153961442,7.845179175111284e-61,1.5721928487748167e-60
GLI2,PDCD1,positive_vs_negative,362,2480,-0.28813360427347684,-0.42199807205579987,0.13386446778232303,0.002031429650613038,0.00292384961273206
GLI2,PDCD1,within_positive_median,181,181,0.34371672742598214,-0.9199839359729358,1.263700663398918,7.845179175111284e-61,1.5721928487748167e-60
GLI3,PDCD1,positive_vs_negative,362,2480,0.9722709303143051,1.0731625828350162,-0.10089165252071108,0.08087339123440859,0.10261133461079103
GLI3,PDCD1,within_positive_median,181,181,1.719395938985962,0.22514592164264816,1.494250017343314,7.845179175111284e-61,1.5721928487748167e-60
GRHL3,PDCD1,positive_vs_negative,362,2480,0.05423811846048182,0.037244115831554396,0.016994002628927425,0.7728064066499473,0.8017866468993203
GRHL3,PDCD1,within_positive_median,181,181,0.5909900384189283,-0.4825138014979647,1.073503839916893,7.845179175111284e-61,1.5721928487748167e-60
GTF2I,PDCD1,positive_vs_negative,362,2480,0.6495065537660253,0.9039596906092732,-0.2544531368432479,6.101126054660336e-06,1.0111017554811471e-05
GTF2I,PDCD1,within_positive_median,181,181,1.4693618699940492,-0.17034876246199837,1.6397106324560475,7.845179175111284e-61,1.5721928487748167e-60
GTF3A,PDCD1,positive_vs_negative,362,2480,0.2348602246790084,0.22751999611034765,0.0073402285686607616,0.867641712836711,0.8890649650055188
GTF3A,PDCD1,within_positive_median,181,181,0.9380598289890106,-0.46833937963099387,1.4063992086200046,7.845179175111284e-61,1.5721928487748167e-60
HAND2,PDCD1,positive_vs_negative,362,2480,0.08916711255978352,-0.07989133879894783,0.16905845135873135,0.17334868260323832,0.20702072886429898
HAND2,PDCD1,within_positive_median,181,181,0.7265434489580753,-0.5482092238385083,1.2747526727965837,7.845179175111284e-61,1.5721928487748167e-60
HBP1,PDCD1,positive_vs_negative,362,2480,2.622857006003598,2.56776957199136,0.055087434012238035,0.3878558750840606,0.43162508556840706
HBP1,PDCD1,within_positive_median,181,181,3.4382245346218423,1.8074894773853527,1.6307350572364896,7.845179175111284e-61,1.5721928487748167e-60
HDAC1,PDCD1,positive_vs_negative,362,2480,-0.5883157370183282,-0.5669886121717943,-0.021327124846533874,0.609492506595077,0.6485340627530094
HDAC1,PDCD1,within_positive_median,181,181,0.08028412551741962,-1.2569155995540762,1.3371997250714958,7.845179175111284e-61,1.5721928487748167e-60
HDAC3,PDCD1,positive_vs_negative,362,2480,-1.7591525332304263,-1.897490712233391,0.13833817900296475,0.02052139581515145,0.02743531574750449
HDAC3,PDCD1,within_positive_median,181,181,-0.9854029780319888,-2.5329020884288638,1.547499110396875,7.845179175111284e-61,1.5721928487748167e-60
HDAC4,PDCD1,positive_vs_negative,362,2480,0.5876190002581424,0.6283764630918935,-0.040757462833751146,0.2757163679984618,0.3171056611160138
HDAC4,PDCD1,within_positive_median,181,181,1.2427352941069991,-0.06749729359071409,1.3102325876977132,7.845179175111284e-61,1.5721928487748167e-60
HDAC7,PDCD1,positive_vs_negative,362,2480,0.3232094182451302,0.3660873555870054,-0.04287793734187517,0.1810965548831479,0.21498470639286688
HDAC7,PDCD1,within_positive_median,181,181,0.8182101162042847,-0.1717912797140242,0.9900013959183089,7.845179175111284e-61,1.5721928487748167e-60
HDAC9,PDCD1,positive_vs_negative,362,2480,-0.0007871504374301753,0.001824425051725163,-0.0026115754891553383,0.8876451509849709,0.9049074415363674
HDAC9,PDCD1,within_positive_median,181,181,0.6059134609001267,-0.6074877617749871,1.2134012226751136,7.845179175111284e-61,1.5721928487748167e-60
HES1,PDCD1,positive_vs_negative,362,2480,0.5032036801828195,0.825610659443639,-0.3224069792608195,2.9727075763063945e-11,5.650413637406811e-11
HES1,PDCD1,within_positive_median,181,181,1.184815394325725,-0.1784080339600857,1.3632234282858107,7.845179175111284e-61,1.5721928487748167e-60
HESX1,PDCD1,positive_vs_negative,362,2480,0.576779141442728,0.5682456068199706,0.00853353462275741,0.7878562096104413,0.8131655800746109
HESX1,PDCD1,within_positive_median,181,181,1.2299471041134384,-0.07638882122798202,1.3063359253414204,7.845179175111284e-61,1.5721928487748167e-60
HEY1,PDCD1,positive_vs_negative,362,2480,-0.20427436817763084,-0.22689148851915614,0.0226171203415253,0.9367402650367308,0.9472013238340954
HEY1,PDCD1,within_positive_median,181,181,0.28392630034985566,-0.6924750367051173,0.976401337054973,7.845179175111284e-61,1.5721928487748167e-60
HEY2,PDCD1,positive_vs_negative,362,2480,0.009862278070508915,0.06725469712449822,-0.057392419053989306,1.7572695796871226e-08,3.1880519150607906e-08
HEY2,PDCD1,within_positive_median,181,181,0.3809409418011935,-0.3612163856601756,0.7421573274613691,7.845179175111284e-61,1.5721928487748167e-60
HHEX,PDCD1,positive_vs_negative,362,2480,-0.025495238785599478,-0.1609498081576945,0.13545456937209502,0.12176430878682655,0.15009560835603866
HHEX,PDCD1,within_positive_median,181,181,0.5370716064208437,-0.5880620839920426,1.1251336904128864,7.845179175111284e-61,1.5721928487748167e-60
HIC1,PDCD1,positive_vs_negative,362,2480,0.15748054721006924,0.03137988719564361,0.12610066001442563,0.03271864359889262,0.04310551458266806
HIC1,PDCD1,within_positive_median,181,181,0.7136303458928093,-0.3986692514726707,1.11229959736548,7.845179175111284e-61,1.5721928487748167e-60
HIF1A,PDCD1,positive_vs_negative,362,2480,3.4601637252917197,3.098110439424047,0.3620532858676726,1.4312179730515734e-07,2.4748144117350123e-07
HIF1A,PDCD1,within_positive_median,181,181,4.438977924792026,2.4813495257914138,1.9576283990006118,7.845179175111284e-61,1.5721928487748167e-60
HINFP,PDCD1,positive_vs_negative,362,2480,0.2569984780176839,0.29536662518959,-0.03836814717190612,0.07850569368124341,0.0999893489853177
HINFP,PDCD1,within_positive_median,181,181,0.8448011603272789,-0.33080420429191126,1.1756053646191902,7.845179175111284e-61,1.5721928487748167e-60
HIVEP2,PDCD1,positive_vs_negative,362,2480,7.215412130204598,6.80344402716977,0.41196810303482767,8.518134746786408e-10,1.5858060201493948e-09
HIVEP2,PDCD1,within_positive_median,181,181,8.065770486122378,6.3650537742868165,1.700716711835562,7.845179175111284e-61,1.5721928487748167e-60
HLF,PDCD1,positive_vs_negative,362,2480,1.5898828133446719,1.5735062781589377,0.01637653518573412,0.5298368093461494,0.5738004381668529
HLF,PDCD1,within_positive_median,181,181,2.231875488183438,0.9478901385059054,1.2839853496775326,7.845179175111284e-61,1.5721928487748167e-60
HLX,PDCD1,positive_vs_negative,362,2480,1.7113886926585893,1.9582436402762486,-0.24685494761765936,1.8875638225565518e-05,3.0619113473392926e-05
HLX,PDCD1,within_positive_median,181,181,2.5339605633599875,0.8888168219571912,1.6451437414027963,7.845179175111284e-61,1.5721928487748167e-60
HMGA1,PDCD1,positive_vs_negative,362,2480,0.8381939077955537,0.7910534252216327,0.047140482573921005,0.3920524235753453,0.43580827442080794
HMGA1,PDCD1,within_positive_median,181,181,1.5914358837568097,0.08495193183429747,1.5064839519225122,7.845179175111284e-61,1.5721928487748167e-60
HMGA2,PDCD1,positive_vs_negative,362,2480,2.929079852348312,2.8606081546735243,0.06847169767478789,0.3174612773977935,0.3601269160457885
HMGA2,PDCD1,within_positive_median,181,181,3.816747983014479,2.041411721682146,1.775336261332333,7.845179175111284e-61,1.5721928487748167e-60
HMGB2,PDCD1,positive_vs_negative,362,2480,0.12343475397542714,0.13201062168479474,-0.008575867709367607,0.6853281954949058,0.72231416160098
HMGB2,PDCD1,within_positive_median,181,181,0.8018381260838596,-0.5549686181330052,1.3568067442168648,7.845179175111284e-61,1.5721928487748167e-60
HNF1A,PDCD1,positive_vs_negative,362,2480,0.9388651001674372,0.9742369333865444,-0.035371833219107196,0.24725100324477112,0.2866845159857882
HNF1A,PDCD1,within_positive_median,181,181,1.5752935365456164,0.3024366637892583,1.272856872756358,7.845179175111284e-61,1.5721928487748167e-60
HNF1B,PDCD1,positive_vs_negative,362,2480,-0.5651400718298006,-0.49259966921643533,-0.0725404026133653,0.0008378259342606051,0.0012362587118867595
HNF1B,PDCD1,within_positive_median,181,181,-0.07470135456275544,-1.0555787890968458,0.9808774345340904,7.845179175111284e-61,1.5721928487748167e-60
HNF4A,PDCD1,positive_vs_negative,362,2480,1.1248444416264116,0.9955328976952625,0.12931154393114908,0.004116931632452025,0.005824522593639512
HNF4A,PDCD1,within_positive_median,181,181,1.8209907973096837,0.4286980859431401,1.3922927113665438,7.845179175111284e-61,1.5721928487748167e-60
HOXA1,PDCD1,positive_vs_negative,362,2480,1.3979564097279011,1.322147694994197,0.0758087147337041,0.056239432308304436,0.07265171800138939
HOXA1,PDCD1,within_positive_median,181,181,1.9743863268281758,0.8215264926276263,1.1528598342005494,7.845179175111284e-61,1.5721928487748167e-60
HOXA10,PDCD1,positive_vs_negative,362,2480,0.41794868272325897,0.15843082669193098,0.259517856031328,3.0665611698857004e-08,5.513167735029165e-08
HOXA10,PDCD1,within_positive_median,181,181,1.135930548467084,-0.30003318302056625,1.4359637314876503,7.845179175111284e-61,1.5721928487748167e-60
HOXA7,PDCD1,positive_vs_negative,362,2480,3.233832728232122,3.3084437193574527,-0.07461099112533054,0.17734519976017626,0.21128686478604733
HOXA7,PDCD1,within_positive_median,181,181,4.068568591474287,2.399096864989957,1.6694717264843302,7.845179175111284e-61,1.5721928487748167e-60
HOXA9,PDCD1,positive_vs_negative,362,2480,0.41942130209148837,0.21177499238958414,0.20764630970190423,1.4982625092861175e-05,2.4584340350065453e-05
HOXA9,PDCD1,within_positive_median,181,181,1.1070365534131077,-0.2681939492301313,1.375230502643239,7.845179175111284e-61,1.5721928487748167e-60
HOXD1,PDCD1,positive_vs_negative,362,2480,0.06157329925877024,-0.015193526625689981,0.07676682588446022,0.48948253712215983,0.5328137781133019
HOXD1,PDCD1,within_positive_median,181,181,0.7403930992397432,-0.6172465007222027,1.3576395999619457,7.845179175111284e-61,1.5721928487748167e-60
HR,PDCD1,positive_vs_negative,362,2480,-0.7475979170553579,-0.703510502071803,-0.04408741498355495,0.2626444604496849,0.3031215325699724
HR,PDCD1,within_positive_median,181,181,-0.2158930808564917,-1.279302753254224,1.0634096723977324,7.845179175111284e-61,1.5721928487748167e-60
HSF1,PDCD1,positive_vs_negative,362,2480,1.8167963024682026,1.8864360657385661,-0.06963976327036359,0.2761394535122833,0.3172259465954258
HSF1,PDCD1,within_positive_median,181,181,2.6865570788566724,0.9470355260797321,1.7395215527769403,7.845179175111284e-61,1.5721928487748167e-60
HSF2,PDCD1,positive_vs_negative,362,2480,1.2990690849276112,1.3996373462974505,-0.10056826136983932,0.38582424699920537,0.43032581188265234
HSF2,PDCD1,within_positive_median,181,181,2.097173513536109,0.500964656319113,1.596208857216996,7.845179175111284e-61,1.5721928487748167e-60
HSF4,PDCD1,positive_vs_negative,362,2480,0.43625188610979515,0.1701851031299803,0.26606678297981484,0.0014256325905873401,0.0020820088859603973
HSF4,PDCD1,within_positive_median,181,181,1.5007208193808195,-0.6282170471612293,2.128937866542049,7.845179175111284e-61,1.5721928487748167e-60
HTATIP2,PDCD1,positive_vs_negative,362,2480,0.04017475330077414,-0.015519366969173989,0.05569412026994813,0.49761871909713407,0.5410788692366217
HTATIP2,PDCD1,within_positive_median,181,181,0.6310937320836819,-0.5507442254821335,1.1818379575658153,7.845179175111284e-61,1.5721928487748167e-60
ID1,PDCD1,positive_vs_negative,362,2480,-0.2467580252381693,-0.41169563114130087,0.16493760590313156,6.873640444648227e-05,0.00010781332099007297
ID1,PDCD1,within_positive_median,181,181,0.35291415958894634,-0.8464302100652851,1.1993443696542314,7.845179175111284e-61,1.5721928487748167e-60
ID2,PDCD1,positive_vs_negative,362,2480,0.26573135502675055,0.15943346068285028,0.10629789434390027,0.040671792123816476,0.053231412556269654
ID2,PDCD1,within_positive_median,181,181,0.9746287248273079,-0.4431660147738066,1.4177947396011146,7.845179175111284e-61,1.5721928487748167e-60
ID3,PDCD1,positive_vs_negative,362,2480,0.6726616656870631,0.6297874936643517,0.042874172022711377,0.4076738978159802,0.4506583820474099
ID3,PDCD1,within_positive_median,181,181,1.4313416395656093,-0.08601830819148334,1.5173599477570927,7.845179175111284e-61,1.5721928487748167e-60
IKZF1,PDCD1,positive_vs_negative,362,2480,1.141401681295762,1.10664275010756,0.03475893118820195,0.43241230850592627,0.47641887087599843
IKZF1,PDCD1,within_positive_median,181,181,1.8054463690014382,0.4773569935900857,1.3280893754113525,7.845179175111284e-61,1.5721928487748167e-60
ING4,PDCD1,positive_vs_negative,362,2480,0.6039153879368868,0.5559584633396663,0.04795692459722056,0.3104427212647244,0.3533725147196177
ING4,PDCD1,within_positive_median,181,181,1.2496942273586675,-0.04186345148489366,1.2915576788435612,7.845179175111284e-61,1.5721928487748167e-60
IRF1,PDCD1,positive_vs_negative,362,2480,1.839211688292301,1.6256808870218078,0.2135308012704933,0.0001845641785230331,0.0002815098343169081
IRF1,PDCD1,within_positive_median,181,181,2.684640700387154,0.9937826761974482,1.6908580241897058,7.845179175111284e-61,1.5721928487748167e-60
IRF2,PDCD1,positive_vs_negative,362,2480,0.06302748520463113,0.012835385727162228,0.0501920994774689,0.22615241188215873,0.26344772191184807
IRF2,PDCD1,within_positive_median,181,181,0.7906018464501372,-0.6645468760408749,1.4551487224910122,7.845179175111284e-61,1.5721928487748167e-60
IRF3,PDCD1,positive_vs_negative,362,2480,-0.25792439290348185,-0.2840856585115023,0.026161265608020456,0.3577096334281483,0.4007635488126386
IRF3,PDCD1,within_positive_median,181,181,0.43060241670903504,-0.9464512025159988,1.3770536192250338,7.845179175111284e-61,1.5721928487748167e-60
IRF4,PDCD1,positive_vs_negative,362,2480,0.7788082619650406,0.7300967616473341,0.048711500317706546,0.18291528727198103,0.2166273794564722
IRF4,PDCD1,within_positive_median,181,181,1.4768751704421579,0.08074135348792322,1.3961338169542348,7.845179175111284e-61,1.5721928487748167e-60
IRF5,PDCD1,positive_vs_negative,362,2480,0.3751977883341163,0.2161120727238341,0.15908571561028223,0.010074617490733326,0.013840440028648817
IRF5,PDCD1,within_positive_median,181,181,1.3088244903899902,-0.5584289137217574,1.8672534041117475,7.845179175111284e-61,1.5721928487748167e-60
IRF6,PDCD1,positive_vs_negative,362,2480,1.2166672634996183,1.2503716164779162,-0.03370435297829788,0.618114534857076,0.6563348365859784
IRF6,PDCD1,within_positive_median,181,181,2.3095557154102626,0.12377881158897466,2.1857769038212878,7.845179175111284e-61,1.5721928487748167e-60
IRF7,PDCD1,positive_vs_negative,362,2480,0.8636546456637851,0.7112106880423598,0.15244395762142537,0.011763604668998373,0.016072085391388723
IRF7,PDCD1,within_positive_median,181,181,1.8204690588740853,-0.0931597675465152,1.9136288264206005,7.845179175111284e-61,1.5721928487748167e-60
IRF8,PDCD1,positive_vs_negative,362,2480,-0.4510177167531881,-0.5712765799407694,0.12025886318758133,0.007733395966498467,0.010727663485560547
IRF8,PDCD1,within_positive_median,181,181,0.28583275060185215,-1.1878681841082284,1.4737009347100805,7.845179175111284e-61,1.5721928487748167e-60
IRF9,PDCD1,positive_vs_negative,362,2480,0.4044649306578138,-0.1764230994680424,0.5808880301258562,1.6334232004939388e-32,3.260299614613152e-32
IRF9,PDCD1,within_positive_median,181,181,1.0851822408072318,-0.2762523794916044,1.3614346202988363,7.845179175111284e-61,1.5721928487748167e-60
JARID2,PDCD1,positive_vs_negative,362,2480,-0.04582519002320339,-0.19150209937887433,0.14567690935567093,0.052617995148985845,0.06806171840050637
JARID2,PDCD1,within_positive_median,181,181,0.5143951793590867,-0.6060455594054935,1.1204407387645803,7.845179175111284e-61,1.5721928487748167e-60
JDP2,PDCD1,positive_vs_negative,362,2480,0.8747513418923393,0.9653217996255806,-0.09057045773324135,0.09624058099341568,0.12072496054085896
JDP2,PDCD1,within_positive_median,181,181,1.6318737400926724,0.11762894369200631,1.514244796400666,7.845179175111284e-61,1.5721928487748167e-60
JUN,PDCD1,positive_vs_negative,362,2480,3.9162775946124144,3.6877313364236346,0.22854625818877983,0.0027971656994306977,0.00399709761353368
JUN,PDCD1,within_positive_median,181,181,5.002908415816525,2.829646773408304,2.173261642408221,7.845179175111284e-61,1.5721928487748167e-60
JUNB,PDCD1,positive_vs_negative,362,2480,1.3408687788533584,1.422852317097573,-0.08198353824421467,0.17776403916772743,0.2115328351386577
JUNB,PDCD1,within_positive_median,181,181,2.220517672922001,0.4612198847847157,1.759297788137285,7.845179175111284e-61,1.5721928487748167e-60
JUND,PDCD1,positive_vs_negative,362,2480,0.19877889222083545,0.34114212695406126,-0.14236323473322582,0.013529667412811218,0.018359058233187973
JUND,PDCD1,within_positive_median,181,181,0.8974416987480685,-0.4998839143063975,1.397325613054466,7.845179175111284e-61,1.5721928487748167e-60
KAT2B,PDCD1,positive_vs_negative,362,2480,-0.1546358990274558,-0.0629533362331073,-0.09168256279434851,0.0003109168910748711,0.00046707876849256657
KAT2B,PDCD1,within_positive_median,181,181,0.3893890339503425,-0.6986608320052541,1.0880498659555966,7.845179175111284e-61,1.5721928487748167e-60
KAT5,PDCD1,positive_vs_negative,362,2480,-0.20199808489769708,-0.3085799064826949,0.10658182158499782,0.014747487310514586,0.019930118536326362
KAT5,PDCD1,within_positive_median,181,181,0.4043973847918106,-0.8083935545872047,1.2127909393790153,7.845179175111284e-61,1.5721928487748167e-60
KAT6A,PDCD1,positive_vs_negative,362,2480,-0.1485733337058767,-0.24593670217252905,0.09736336846665236,0.04126126620680807,0.053932048742757
KAT6A,PDCD1,within_positive_median,181,181,0.45787192427904416,-0.7550185916907977,1.2128905159698418,7.845179175111284e-61,1.5721928487748167e-60
KAT6B,PDCD1,positive_vs_negative,362,2480,-0.40266438474487914,-0.4337803700281049,0.031115985283225733,0.20644496594991235,0.24162066520107248
KAT6B,PDCD1,within_positive_median,181,181,0.054035250491271794,-0.85936401998103,0.9133992704723017,7.845179175111284e-61,1.5721928487748167e-60
KAT7,PDCD1,positive_vs_negative,362,2480,1.4346600174679078,1.3191564388186088,0.11550357864929905,0.02782827987898093,0.03685766856311836
KAT7,PDCD1,within_positive_median,181,181,2.096583859026007,0.772736175909808,1.323847683116199,7.845179175111284e-61,1.5721928487748167e-60
KDM2A,PDCD1,positive_vs_negative,362,2480,0.3486568722897507,0.32047116752961097,0.028185704760139707,0.908970419903083,0.9238107532892558
KDM2A,PDCD1,within_positive_median,181,181,1.063682676692056,-0.36636893211255467,1.4300516088046107,7.845179175111284e-61,1.5721928487748167e-60
KDM5A,PDCD1,positive_vs_negative,362,2480,1.024458442239152,1.0369094830099488,-0.012451040770796729,0.7499766071169087,0.7805399171248079
KDM5A,PDCD1,within_positive_median,181,181,1.7290333750238036,0.31988350945450045,1.409149865569303,7.845179175111284e-61,1.5721928487748167e-60
KDM5B,PDCD1,positive_vs_negative,362,2480,-0.5247809824931867,-0.42001558930781574,-0.10476539318537098,0.00014207088564061762,0.00021836821311428263
KDM5B,PDCD1,within_positive_median,181,181,-0.03232698855087385,-1.0172349764354998,0.9849079878846259,7.845179175111284e-61,1.5721928487748167e-60
KDM5C,PDCD1,positive_vs_negative,362,2480,-0.5895276355423585,-0.5867296477136128,-0.0027979878287457405,0.0019156010004357927,0.002773166564584374
KDM5C,PDCD1,within_positive_median,181,181,-0.245408334488285,-0.933646936596432,0.688238602108147,7.845179175111284e-61,1.5721928487748167e-60
KLF1,PDCD1,positive_vs_negative,362,2480,-0.6862595788167551,-0.4668226622853912,-0.21943691653136393,1.2518859670152053e-09,2.3176178868906033e-09
KLF1,PDCD1,within_positive_median,181,181,-0.22881217909157792,-1.1437069785419325,0.9148947994503546,7.845179175111284e-61,1.5721928487748167e-60
KLF10,PDCD1,positive_vs_negative,362,2480,-0.18668119572016756,-0.1341529672551613,-0.052528228465006266,0.08599548036529227,0.10869479497948108
KLF10,PDCD1,within_positive_median,181,181,0.4183835341030682,-0.7917459255434033,1.2101294596464716,7.845179175111284e-61,1.5721928487748167e-60
KLF11,PDCD1,positive_vs_negative,362,2480,-0.30079682887416154,-0.32017909613990675,0.019382267265745212,0.08268998337251018,0.10464958505593412
KLF11,PDCD1,within_positive_median,181,181,-0.0233459211250117,-0.5782477366233114,0.5549018154982998,7.845179175111284e-61,1.5721928487748167e-60
KLF13,PDCD1,positive_vs_negative,362,2480,0.7509212508720653,0.5915528561580272,0.15936839471403808,0.20340729072108166,0.2387977710302368
KLF13,PDCD1,within_positive_median,181,181,1.6579463500927714,-0.15610384834864124,1.8140501984414126,7.845179175111284e-61,1.5721928487748167e-60
KLF15,PDCD1,positive_vs_negative,362,2480,0.7745593793821355,0.23300645907301615,0.5415529203091194,7.413136070174677e-20,1.4678893689650055e-19
KLF15,PDCD1,within_positive_median,181,181,1.6356446238865299,-0.08652586512225886,1.7221704890087888,7.845179175111284e-61,1.5721928487748167e-60
KLF2,PDCD1,positive_vs_negative,362,2480,-0.7843959533708365,-0.5304805917093633,-0.2539153616614731,4.1620053289364486e-08,7.415666024366194e-08
KLF2,PDCD1,within_positive_median,181,181,-0.14772329982880172,-1.421068606912871,1.2733453070840692,7.845179175111284e-61,1.5721928487748167e-60
KLF3,PDCD1,positive_vs_negative,362,2480,0.42059097282732244,0.9354574763765058,-0.5148665035491833,1.3031869115662455e-24,2.590766794251458e-24
KLF3,PDCD1,within_positive_median,181,181,1.1809532958406994,-0.3397713501860545,1.5207246460267538,7.845179175111284e-61,1.5721928487748167e-60
KLF4,PDCD1,positive_vs_negative,362,2480,1.3724086402025668,1.421888543242488,-0.049479903039921114,0.25378127653855964,0.2935727658912955
KLF4,PDCD1,within_positive_median,181,181,2.1664419390870613,0.5783753413180721,1.5880665977689892,7.845179175111284e-61,1.5721928487748167e-60
KLF5,PDCD1,positive_vs_negative,362,2480,0.35891840319776785,0.35274766439397764,0.00617073880379021,0.548914190655521,0.5892344825166687
KLF5,PDCD1,within_positive_median,181,181,1.0297664482687228,-0.311929641873187,1.3416960901419097,7.845179175111284e-61,1.5721928487748167e-60
KLF6,PDCD1,positive_vs_negative,362,2480,0.19351398843840428,0.4705764964574056,-0.27706250801900134,7.504536194883499e-08,1.3159362764267545e-07
KLF6,PDCD1,within_positive_median,181,181,0.9735272480638242,-0.5864992711870158,1.56002651925084,7.845179175111284e-61,1.5721928487748167e-60
KLF8,PDCD1,positive_vs_negative,362,2480,-0.28780274330679273,-0.39480486814194804,0.10700212483515531,0.07168517075933965,0.09188987139807246
KLF8,PDCD1,within_positive_median,181,181,0.433384123138023,-1.0089896097516082,1.442373732889631,7.845179175111284e-61,1.5721928487748167e-60
KLF9,PDCD1,positive_vs_negative,362,2480,1.2449392512498827,1.4119669018340686,-0.1670276505841859,7.562541432975932e-07,1.272346497845275e-06
KLF9,PDCD1,within_positive_median,181,181,1.7718081366950247,0.7180703658047407,1.053737770890284,7.845179175111284e-61,1.5721928487748167e-60
KMT2A,PDCD1,positive_vs_negative,362,2480,1.695399469570238,1.6294575536212923,0.0659419159489456,0.19361873032262533,0.22848845426698441
KMT2A,PDCD1,within_positive_median,181,181,2.4440550746321117,0.9467438645083647,1.4973112101237471,7.845179175111284e-61,1.5721928487748167e-60
KMT2B,PDCD1,positive_vs_negative,362,2480,0.17905334001537132,0.29708040646547085,-0.11802706645009953,0.0019759292607631385,0.00285635057143699
KMT2B,PDCD1,within_positive_median,181,181,0.9058265646865122,-0.5477198846557697,1.4535464493422818,7.845179175111284e-61,1.5721928487748167e-60
LEF1,PDCD1,positive_vs_negative,362,2480,0.8011656078080746,1.0147772825915768,-0.2136116747835023,8.452989702854032e-05,0.00013175552025105816
LEF1,PDCD1,within_positive_median,181,181,1.55741218110948,0.04491903450666842,1.5124931466028118,7.845179175111284e-61,1.5721928487748167e-60
LHX2,PDCD1,positive_vs_negative,362,2480,2.1428263115431134,2.043794041375572,0.09903227016754146,0.07503216582633493,0.09581030405516613
LHX2,PDCD1,within_positive_median,181,181,2.843195249203729,1.4424573738824977,1.4007378753212312,7.845179175111284e-61,1.5721928487748167e-60
LITAF,PDCD1,positive_vs_negative,362,2480,-0.2134156641683754,-0.15844856783698294,-0.05496709633139246,0.0891228376746458,0.11236246370119901
LITAF,PDCD1,within_positive_median,181,181,0.38352868725461786,-0.8103600155913685,1.1938887028459864,7.845179175111284e-61,1.5721928487748167e-60
LMO2,PDCD1,positive_vs_negative,362,2480,0.5038026596590381,0.26065230174871534,0.2431503579103228,1.8370056497358136e-07,3.1491525424042517e-07
LMO2,PDCD1,within_positive_median,181,181,1.1220896124205044,-0.11448429310242819,1.2365739055229326,7.845179175111284e-61,1.5721928487748167e-60
LMX1B,PDCD1,positive_vs_negative,362,2480,-0.43217352389121844,-0.4275770549110415,-0.00459646898017696,0.017714592773498253,0.023842884327573324
LMX1B,PDCD1,within_positive_median,181,181,0.07212360831410218,-0.936470656096539,1.0085942644106412,7.845179175111284e-61,1.5721928487748167e-60
LYL1,PDCD1,positive_vs_negative,362,2480,-0.24149212564723105,-0.13581950170403229,-0.10567262394319876,0.0007047887963320446,0.0010445976802778518
LYL1,PDCD1,within_positive_median,181,181,0.33311825769049536,-0.8161025089849573,1.1492207666754526,7.845179175111284e-61,1.5721928487748167e-60
MAF,PDCD1,positive_vs_negative,362,2480,1.3450184700600105,1.08343672402216,0.26158174603785045,9.588339740649616e-08,1.6725019932901957e-07
MAF,PDCD1,within_positive_median,181,181,2.0002239153334918,0.6898130247865295,1.3104108905469622,7.845179175111284e-61,1.5721928487748167e-60
MAFA,PDCD1,positive_vs_negative,362,2480,-0.5718019758830871,-0.45610119239369573,-0.11570078348939139,1.2154317106310428e-07,2.112687580782755e-07
MAFA,PDCD1,within_positive_median,181,181,-0.19712331364170005,-0.946480638124474,0.749357324482774,7.845179175111284e-61,1.5721928487748167e-60
MAFB,PDCD1,positive_vs_negative,362,2480,-0.26605722470679233,-0.17056608884440025,-0.09549113586239208,0.017982594891184984,0.024138361875498983
MAFB,PDCD1,within_positive_median,181,181,0.3014304494591352,-0.8335448988727198,1.134975348331855,7.845179175111284e-61,1.5721928487748167e-60
MAFG,PDCD1,positive_vs_negative,362,2480,-0.14472031022385184,-0.15833972674171462,0.013619416517862776,0.7134575929929026,0.747217416005185
MAFG,PDCD1,within_positive_median,181,181,0.38348447158027166,-0.6729250920279752,1.056409563608247,7.845179175111284e-61,1.5721928487748167e-60
MAFK,PDCD1,positive_vs_negative,362,2480,0.11720468148091161,0.1446844468691905,-0.027479765388278884,0.3864631314839586,0.4305562404452156
MAFK,PDCD1,within_positive_median,181,181,0.7615375502363873,-0.527128187274564,1.2886657375109514,7.845179175111284e-61,1.5721928487748167e-60
MAX,PDCD1,positive_vs_negative,362,2480,2.6254618715120914,2.5229043580594737,0.10255751345261777,0.0611386019336763,0.07877625811894126
MAX,PDCD1,within_positive_median,181,181,3.3948087549964905,1.8561149880276921,1.5386937669687983,7.845179175111284e-61,1.5721928487748167e-60
MAZ,PDCD1,positive_vs_negative,362,2480,-0.6286506898668367,-0.6053238363829269,-0.023326853483909837,0.5173823843934633,0.561342979145849
MAZ,PDCD1,within_positive_median,181,181,-0.12836736182709116,-1.1289340179065825,1.0005666560794915,7.845179175111284e-61,1.5721928487748167e-60
MBD1,PDCD1,positive_vs_negative,362,2480,1.4739332302088024,1.3343977678308714,0.13953546237793102,0.006138508323802635,0.008574970954428366
MBD1,PDCD1,within_positive_median,181,181,2.0587544979951633,0.8891119624224408,1.1696425355727225,7.845179175111284e-61,1.5721928487748167e-60
MBD2,PDCD1,positive_vs_negative,362,2480,-0.3012047804693381,-0.2481670301137244,-0.05303775035561367,0.22602093679234547,0.26344772191184807
MBD2,PDCD1,within_positive_median,181,181,0.328159654723326,-0.930569215662002,1.2587288703853279,7.845179175111284e-61,1.5721928487748167e-60
MECOM,PDCD1,positive_vs_negative,362,2480,0.6868424258525503,0.8614190224889717,-0.17457659663642144,0.001116408286630702,0.0016376180463684522
MECOM,PDCD1,within_positive_median,181,181,1.4637466872593528,-0.09006183555425219,1.553808522813605,7.845179175111284e-61,1.5721928487748167e-60
MECP2,PDCD1,positive_vs_negative,362,2480,0.7583328887302335,0.8061332939186838,-0.0478004051884503,0.6101168843369175,0.6485340627530094
MECP2,PDCD1,within_positive_median,181,181,1.3259808628007945,0.19068491465967222,1.1352959481411222,7.845179175111284e-61,1.5721928487748167e-60
MEF2A,PDCD1,positive_vs_negative,362,2480,1.3986327269052579,1.296797048273512,0.10183567863174581,0.013153218724233431,0.01789700252641598
MEF2A,PDCD1,within_positive_median,181,181,2.0141859268070337,0.7830795270034824,1.2311063998035512,7.845179175111284e-61,1.5721928487748167e-60
MEF2C,PDCD1,positive_vs_negative,362,2480,1.0615896315628,1.1087660938380142,-0.047176462275214215,0.4487878368955329,0.4917411282155674
MEF2C,PDCD1,within_positive_median,181,181,1.79366215839207,0.3295171047335302,1.4641450536585399,7.845179175111284e-61,1.5721928487748167e-60
MEF2D,PDCD1,positive_vs_negative,362,2480,0.4739017290946004,0.6913882409097045,-0.21748651181510414,2.031465320283797e-05,3.284641978900425e-05
MEF2D,PDCD1,within_positive_median,181,181,1.1757673147826413,-0.2279638565934405,1.4037311713760818,7.845179175111284e-61,1.5721928487748167e-60
MEIS1,PDCD1,positive_vs_negative,362,2480,-0.4594553127453609,-0.3283501768797958,-0.1311051358655651,3.0578945572211464e-05,4.896564274907173e-05
MEIS1,PDCD1,within_positive_median,181,181,0.17266278122344764,-1.0915734067141694,1.264236187937617,7.845179175111284e-61,1.5721928487748167e-60
MEOX2,PDCD1,positive_vs_negative,362,2480,0.036441374073245006,0.02064867811989879,0.015792695953346217,0.029327234038998312,0.0387399537172975
MEOX2,PDCD1,within_positive_median,181,181,0.6840540746457544,-0.6111713264992644,1.2952254011450188,7.845179175111284e-61,1.5721928487748167e-60
MITF,PDCD1,positive_vs_negative,362,2480,0.07750206774246819,-0.04300615162209324,0.12050821936456144,0.01579444303293275,0.02128723309986606
MITF,PDCD1,within_positive_median,181,181,0.7131032973192505,-0.5580991618343141,1.2712024591535647,7.845179175111284e-61,1.5721928487748167e-60
MLXIPL,PDCD1,positive_vs_negative,362,2480,-0.22068788235309095,-0.0071666799250307694,-0.21352120242806016,7.190990010762261e-13,1.388028304402948e-12
MLXIPL,PDCD1,within_positive_median,181,181,0.29096082815894625,-0.7323365928651281,1.0232974210240744,7.845179175111284e-61,1.5721928487748167e-60
MNT,PDCD1,positive_vs_negative,362,2480,-0.2226155317724049,-0.2520903830996671,0.029474851327262186,0.7966811999494814,0.8197256974686813
MNT,PDCD1,within_positive_median,181,181,0.3519369337189346,-0.7971679972637445,1.149104930982679,7.845179175111284e-61,1.5721928487748167e-60
MSC,PDCD1,positive_vs_negative,362,2480,0.8132395565573013,0.49975929208742714,0.31348026446987415,2.4652578396814995e-10,4.6328241666467424e-10
MSC,PDCD1,within_positive_median,181,181,1.5519276206247319,0.07455149248987084,1.477376128134861,7.845179175111284e-61,1.5721928487748167e-60
MSX1,PDCD1,positive_vs_negative,362,2480,1.6306320264081848,1.6507790448798065,-0.020147018471621703,0.6670279804949026,0.704517357977649
MSX1,PDCD1,within_positive_median,181,181,2.2193077631586426,1.0419562896577268,1.1773514735009158,7.845179175111284e-61,1.5721928487748167e-60
MSX2,PDCD1,positive_vs_negative,362,2480,0.7510609661793991,0.6029171584173256,0.14814380776207348,8.766328955705932e-05,0.00013600099127543782
MSX2,PDCD1,within_positive_median,181,181,1.304473865258267,0.19764806710053098,1.106825798157736,2.91709265895906e-61,1.5721928487748167e-60
MTA1,PDCD1,positive_vs_negative,362,2480,0.5855464066148975,0.4786210974803471,0.10692530913455045,0.01166091250863354,0.015953666014559074
MTA1,PDCD1,within_positive_median,181,181,1.195621244023286,-0.024528430793490787,1.2201496748167768,7.845179175111284e-61,1.5721928487748167e-60
MTA3,PDCD1,positive_vs_negative,362,2480,0.055985448875428744,0.05038723021198159,0.005598218663447153,0.9145709912367641,0.9285552571578155
MTA3,PDCD1,within_positive_median,181,181,0.6102911356576267,-0.49832023790676927,1.108611373564396,7.845179175111284e-61,1.5721928487748167e-60
MTF1,PDCD1,positive_vs_negative,362,2480,0.4189078489443119,0.18637386764792555,0.23253398129638633,2.0184141302945817e-05,3.2688462988185424e-05
MTF1,PDCD1,within_positive_median,181,181,1.14482439723162,-0.30700869934299646,1.4518330965746165,7.845179175111284e-61,1.5721928487748167e-60
MXD1,PDCD1,positive_vs_negative,362,2480,-0.49306433150712226,-0.6923266917948125,0.1992623602876903,7.8768480394113e-05,0.00012316076369315
MXD1,PDCD1,within_positive_median,181,181,0.18286782148380562,-1.16899648449805,1.3518643059818556,7.845179175111284e-61,1.5721928487748167e-60
MXI1,PDCD1,positive_vs_negative,362,2480,-0.15725729902332639,-0.2129442963099952,0.055686997286668816,0.7849556667073218,0.811854459024395
MXI1,PDCD1,within_positive_median,181,181,0.4108693266713583,-0.725383924718011,1.1362532513893693,7.845179175111284e-61,1.5721928487748167e-60
MYB,PDCD1,positive_vs_negative,362,2480,2.942146414094947,2.7470560611336006,0.19509035296134636,3.0031740245736674e-05,4.816684908978056e-05
MYB,PDCD1,within_positive_median,181,181,3.6823322603797366,2.2019605678101577,1.480371692569579,7.845179175111284e-61,1.5721928487748167e-60
MYBL1,PDCD1,positive_vs_negative,362,2480,0.1444245068953283,0.1093300388006506,0.035094468094677686,0.5395825099892677,0.5816279003780418
MYBL1,PDCD1,within_positive_median,181,181,0.7621964396127748,-0.47334742582211825,1.2355438654348931,7.845179175111284e-61,1.5721928487748167e-60
MYBL2,PDCD1,positive_vs_negative,362,2480,-0.4673679652196252,-0.40038099207918176,-0.06698697314044344,0.14731418676492203,0.17849748177355518
MYBL2,PDCD1,within_positive_median,181,181,0.10031882980408928,-1.0350547602433398,1.135373590047429,7.845179175111284e-61,1.5721928487748167e-60
MYC,PDCD1,positive_vs_negative,362,2480,11.424222251210383,11.745652694725605,-0.3214304435152222,2.777095188456877e-07,4.736278780313441e-07
MYC,PDCD1,within_positive_median,181,181,12.396154013819228,10.452290488601534,1.9438635252176937,7.845179175111284e-61,1.5721928487748167e-60
MYCN,PDCD1,positive_vs_negative,362,2480,1.3606511973608253,1.1188539381488447,0.2417972592119806,1.5242367893468276e-07,2.6310915809175743e-07
MYCN,PDCD1,within_positive_median,181,181,2.026134056896603,0.6951683378250485,1.3309657190715543,7.845179175111284e-61,1.5721928487748167e-60
MYF5,PDCD1,positive_vs_negative,362,2480,0.19390502286178757,0.07179555505647703,0.12210946780531054,0.011957444791466177,0.016314541112740152
MYF5,PDCD1,within_positive_median,181,181,0.8089725019497594,-0.42116245622618426,1.2301349581759438,7.845179175111284e-61,1.5721928487748167e-60
MYOD1,PDCD1,positive_vs_negative,362,2480,1.1821777017994712,1.123095286225407,0.05908241557406413,0.34390398990678905,0.3870377106747592
MYOD1,PDCD1,within_positive_median,181,181,1.809937380644911,0.5544180229540313,1.2555193576908796,7.845179175111284e-61,1.5721928487748167e-60
MYOG,PDCD1,positive_vs_negative,362,2480,2.586696258874081,2.192956579616434,0.3937396792576471,5.480398877364916e-10,1.0241045556952076e-09
MYOG,PDCD1,within_positive_median,181,181,3.4036689750876308,1.7697235426605324,1.6339454324270983,7.845179175111284e-61,1.5721928487748167e-60
MZF1,PDCD1,positive_vs_negative,362,2480,-0.5253281733647313,-0.3505250161763307,-0.17480315718840056,4.831631907096594e-09,8.878792213040973e-09
MZF1,PDCD1,within_positive_median,181,181,-0.10271030739726947,-0.9479460393321931,0.8452357319349236,7.845179175111284e-61,1.5721928487748167e-60
NAB2,PDCD1,positive_vs_negative,362,2480,0.2779892446807584,0.34460509744218004,-0.06661585276142162,0.1386333893040737,0.16900716737681445
NAB2,PDCD1,within_positive_median,181,181,0.7083724659043712,-0.15239397654285428,0.8607664424472254,7.845179175111284e-61,1.5721928487748167e-60
NANOG,PDCD1,positive_vs_negative,362,2480,0.5503596985090947,0.6748424769865364,-0.12448277847744171,0.04270699517484546,0.05567561151066241
NANOG,PDCD1,within_positive_median,181,181,1.2702628418608986,-0.16954344484270892,1.4398062867036074,7.845179175111284e-61,1.5721928487748167e-60
NCOA1,PDCD1,positive_vs_negative,362,2480,-0.7764610781115676,-0.8301445561366233,0.053683478025055686,0.04889391264535198,0.06340929296194085
NCOA1,PDCD1,within_positive_median,181,181,-0.25306895266951307,-1.299853203553622,1.046784250884109,7.845179175111284e-61,1.5721928487748167e-60
NCOA2,PDCD1,positive_vs_negative,362,2480,-0.3068538124507553,-0.3109767412527623,0.0041229288020069865,0.9962524183509848,0.9988051401891249
NCOA2,PDCD1,within_positive_median,181,181,0.25072656480993183,-0.8644341897114425,1.1151607545213742,7.845179175111284e-61,1.5721928487748167e-60
NCOA3,PDCD1,positive_vs_negative,362,2480,0.6509203771706062,0.4973661504087039,0.15355422676190233,0.0012911713686844949,0.0018911862988378776
NCOA3,PDCD1,within_positive_median,181,181,1.2603868570413967,0.0414538972998155,1.2189329597415812,7.845179175111284e-61,1.5721928487748167e-60
NCOR1,PDCD1,positive_vs_negative,362,2480,-0.12380406367527295,-0.07239278420630177,-0.051411279468971186,0.3703554000656051,0.41446514434308157
NCOR1,PDCD1,within_positive_median,181,181,0.4862764920291998,-0.7338846193797458,1.2201611114089457,7.845179175111284e-61,1.5721928487748167e-60
NCOR2,PDCD1,positive_vs_negative,362,2480,-0.7951526571326962,-0.6795380537687444,-0.1156146033639518,0.0015168222515497048,0.0022119399158762897
NCOR2,PDCD1,within_positive_median,181,181,-0.33026365142703057,-1.2600416628383617,0.9297780114113312,7.845179175111284e-61,1.5721928487748167e-60
NEUROD1,PDCD1,positive_vs_negative,362,2480,-0.18907840982906018,-0.143749358054361,-0.045329051774699175,0.2951942370466033,0.3383353971213083
NEUROD1,PDCD1,within_positive_median,181,181,0.49378149774588564,-0.8719383174040058,1.3657198151498915,7.845179175111284e-61,1.5721928487748167e-60
NEUROD2,PDCD1,positive_vs_negative,362,2480,-0.37689005351750376,-0.4011252686948315,0.02423521517732774,0.01900987245039273,0.02548295149473911
NEUROD2,PDCD1,within_positive_median,181,181,0.04185079858958885,-0.7956309056245964,0.8374817042141852,7.845179175111284e-61,1.5721928487748167e-60
NFAT5,PDCD1,positive_vs_negative,362,2480,1.2026910439876688,1.4996685061520365,-0.2969774621643677,2.5280351892938224e-08,4.553206236051803e-08
NFAT5,PDCD1,within_positive_median,181,181,1.9090265543606622,0.4963555336146754,1.4126710207459867,7.845179175111284e-61,1.5721928487748167e-60
NFATC1,PDCD1,positive_vs_negative,362,2480,-0.557034032852487,-0.8488740693366571,0.2918400364841701,1.7851563179861887e-13,3.4794827646071307e-13
NFATC1,PDCD1,within_positive_median,181,181,0.0041204801700866845,-1.1181885458750607,1.1223090260451474,7.845179175111284e-61,1.5721928487748167e-60
NFATC2,PDCD1,positive_vs_negative,362,2480,0.5098005543878239,0.10600149647468168,0.4037990579131422,1.7470294181318064e-13,3.411845687175057e-13
NFATC2,PDCD1,within_positive_median,181,181,1.315959033079371,-0.29635792430372315,1.612316957383094,7.845179175111284e-61,1.5721928487748167e-60
NFATC3,PDCD1,positive_vs_negative,362,2480,1.3452716909844746,1.1521845145720613,0.19308717641241335,0.003663806733108297,0.005220531482368904
NFATC3,PDCD1,within_positive_median,181,181,2.324347086070278,0.3661962958986714,1.9581507901716066,7.845179175111284e-61,1.5721928487748167e-60
NFATC4,PDCD1,positive_vs_negative,362,2480,-0.08964430007446207,-0.15282557689253548,0.06318127681807341,0.15342044456219747,0.1849960808522381
NFATC4,PDCD1,within_positive_median,181,181,0.5043144557780986,-0.6836030559270228,1.1879175117051215,7.845179175111284e-61,1.5721928487748167e-60
NFE2,PDCD1,positive_vs_negative,362,2480,-0.6173210963680542,-0.5896707185385278,-0.027650377829526396,6.168716436219244e-05,9.706226809596157e-05
NFE2,PDCD1,within_positive_median,181,181,-0.3521177490332535,-0.882524443702855,0.5304066946696016,7.845179175111284e-61,1.5721928487748167e-60
NFE2L1,PDCD1,positive_vs_negative,362,2480,-0.5243941650547158,-0.43465022065698455,-0.08974394439773126,6.216590430170681e-08,1.0939441817049467e-07
NFE2L1,PDCD1,within_positive_median,181,181,-0.17579340080789257,-0.872994929301539,0.6972015284936464,7.845179175111284e-61,1.5721928487748167e-60
NFE2L2,PDCD1,positive_vs_negative,362,2480,0.2971651678022876,0.002342713940048447,0.29482245386223915,3.711354950051657e-08,6.636462352336536e-08
NFE2L2,PDCD1,within_positive_median,181,181,1.016532809710752,-0.42220247410617673,1.4387352838169287,7.845179175111284e-61,1.5721928487748167e-60
NFE2L3,PDCD1,positive_vs_negative,362,2480,-0.39418017751062606,-0.33091845097383893,-0.06326172653678713,6.550479751544776e-07,1.107687238122003e-06
NFE2L3,PDCD1,within_positive_median,181,181,0.04053452101003529,-0.8288948760312872,0.8694293970413225,7.845179175111284e-61,1.5721928487748167e-60
NFIA,PDCD1,positive_vs_negative,362,2480,0.8144279301094018,0.4543567899713717,0.36007114013803015,5.926937454549554e-13,1.1507270379593286e-12
NFIA,PDCD1,within_positive_median,181,181,1.529954596772005,0.09890126344679875,1.4310533333252062,7.845179175111284e-61,1.5721928487748167e-60
NFIB,PDCD1,positive_vs_negative,362,2480,-0.18304923250200317,-0.16328172775223226,-0.019767504749770903,0.06479910357182266,0.08316998345043218
NFIB,PDCD1,within_positive_median,181,181,0.322368329975816,-0.6884667949798223,1.0108351249556384,7.845179175111284e-61,1.5721928487748167e-60
NFIC,PDCD1,positive_vs_negative,362,2480,0.49855620785996557,0.5447341844297229,-0.046177976569757306,0.6329270661727487,0.6706333594766573
NFIC,PDCD1,within_positive_median,181,181,1.1475903369078835,-0.15047792118795264,1.298068258095836,7.845179175111284e-61,1.5721928487748167e-60
NFIL3,PDCD1,positive_vs_negative,362,2480,0.4424737946541404,0.4629371708233352,-0.020463376169194802,0.4522861420860883,0.49502966760191647
NFIL3,PDCD1,within_positive_median,181,181,1.0704303834672095,-0.18548279415892904,1.2559131776261385,7.845179175111284e-61,1.5721928487748167e-60
NFIX,PDCD1,positive_vs_negative,362,2480,-0.10013829148124473,-0.15217644049127213,0.0520381490100274,0.001789954744359091,0.0025950435595075033
NFIX,PDCD1,within_positive_median,181,181,0.31248101725144367,-0.5127576002139331,0.8252386174653767,7.845179175111284e-61,1.5721928487748167e-60
NFKB,PDCD1,positive_vs_negative,362,2480,3.325574979642962,2.921769900786639,0.403805078856323,5.11038542108825e-08,9.056839643067433e-08
NFKB,PDCD1,within_positive_median,181,181,4.3463206892544894,2.3048292700314335,2.041491419223056,7.845179175111284e-61,1.5721928487748167e-60
NFKB1,PDCD1,positive_vs_negative,362,2480,3.270141929048676,3.2236219720131554,0.04651995703552059,0.6806473117859725,0.7181405959097761
NFKB1,PDCD1,within_positive_median,181,181,4.262182410826399,2.278101447270954,1.9840809635554448,7.845179175111284e-61,1.5721928487748167e-60
NFKB2,PDCD1,positive_vs_negative,362,2480,3.80960708224773,3.3446431996708155,0.4649638825769147,3.722024853494875e-12,7.1428453835855396e-12
NFKB2,PDCD1,within_positive_median,181,181,4.702774143931974,2.9164400205634866,1.786334123368487,7.845179175111284e-61,1.5721928487748167e-60
NFKBIB,PDCD1,positive_vs_negative,362,2480,0.2284109094735001,0.12649286413373753,0.10191804533976256,0.045846293755964974,0.0596121521944401
NFKBIB,PDCD1,within_positive_median,181,181,1.0213032967808418,-0.5644814778338415,1.5857847746146834,7.845179175111284e-61,1.5721928487748167e-60
NFKBIZ,PDCD1,positive_vs_negative,362,2480,-0.33629575573853027,-0.40713996452777945,0.07084420878924919,0.09482242630904768,0.11909601084969922
NFKBIZ,PDCD1,within_positive_median,181,181,0.1857808159020382,-0.8583723273790985,1.0441531432811368,7.845179175111284e-61,1.5721928487748167e-60
NFYA,PDCD1,positive_vs_negative,362,2480,1.1560830527316925,1.2280330823509968,-0.0719500296193043,0.19886405875652602,0.23412364364243488
NFYA,PDCD1,within_positive_median,181,181,1.809349663264146,0.5028164421992388,1.3065332210649072,7.845179175111284e-61,1.5721928487748167e-60
NFYB,PDCD1,positive_vs_negative,362,2480,2.5488709980377995,2.597769736662896,-0.04889873862509653,0.5451264193890915,0.5863346800340551
NFYB,PDCD1,within_positive_median,181,181,3.3019342854601867,1.7958077106154127,1.506126574844774,7.845179175111284e-61,1.5721928487748167e-60
NFYC,PDCD1,positive_vs_negative,362,2480,0.11727418900768806,0.4596864729579998,-0.34241228395031176,9.042421372330196e-08,1.5800441555861184e-07
NFYC,PDCD1,within_positive_median,181,181,0.9152227698960307,-0.6806743918806546,1.5958971617766853,7.845179175111284e-61,1.5721928487748167e-60
NKX2-1,PDCD1,positive_vs_negative,362,2480,0.8703478595574932,0.8356298835321383,0.03471797602535487,0.3316714076579186,0.37454050116472437
NKX2-1,PDCD1,within_positive_median,181,181,1.4836731713007887,0.25702254781419753,1.226650623486591,7.845179175111284e-61,1.5721928487748167e-60
NKX2-2,PDCD1,positive_vs_negative,362,2480,1.2814786711919837,1.2602847382602802,0.021193932931703463,0.5942611877267983,0.6337089325223674
NKX2-2,PDCD1,within_positive_median,181,181,1.9791337852862798,0.5838235570976882,1.3953102281885916,7.845179175111284e-61,1.5721928487748167e-60
NKX2-5,PDCD1,positive_vs_negative,362,2480,-0.03952247406449112,-0.20594106475984836,0.16641859069535725,0.0001747027874767906,0.000266877264305036
NKX2-5,PDCD1,within_positive_median,181,181,0.6189008798811533,-0.6979458280101355,1.3168467078912887,7.845179175111284e-61,1.5721928487748167e-60
NKX3-1,PDCD1,positive_vs_negative,362,2480,-0.15981001806804349,-0.26901826380790134,0.10920824573985785,0.0068168257927827,0.00949588599945674
NKX3-1,PDCD1,within_positive_median,181,181,0.39960797119330177,-0.719228007329389,1.1188359785226907,7.845179175111284e-61,1.5721928487748167e-60
NONO,PDCD1,positive_vs_negative,362,2480,0.10367137980021635,0.05746890908272714,0.0462024707174892,0.7907068807975138,0.8144199103147092
NONO,PDCD1,within_positive_median,181,181,0.810780563912916,-0.6034378043124835,1.4142183682253995,7.845179175111284e-61,1.5721928487748167e-60
NOTCH1,PDCD1,positive_vs_negative,362,2480,0.5781971862096338,0.620910169013676,-0.04271298280404223,0.46387647089831485,0.5071580296539205
NOTCH1,PDCD1,within_positive_median,181,181,1.3086569457411181,-0.15226257332185045,1.4609195190629687,7.845179175111284e-61,1.5721928487748167e-60
NOTO,PDCD1,positive_vs_negative,362,2480,1.4285828338104225,1.1133946515727053,0.31518818223771716,6.48383629947893e-09,1.1893003599044225e-08
NOTO,PDCD1,within_positive_median,181,181,2.1416418495191043,0.7155238181017407,1.4261180314173636,7.845179175111284e-61,1.5721928487748167e-60
NPM1,PDCD1,positive_vs_negative,362,2480,1.741806496994516,2.000496028693909,-0.2586895316993931,8.246271355002459e-11,1.5584983433742786e-10
NPM1,PDCD1,within_positive_median,181,181,2.3059723465331916,1.177640647455841,1.1283316990773506,7.845179175111284e-61,1.5721928487748167e-60
NR0B1,PDCD1,positive_vs_negative,362,2480,-0.4739769514237902,-0.2240053460861262,-0.249971605337664,2.2283142889320072e-08,4.0206540430729697e-08
NR0B1,PDCD1,within_positive_median,181,181,0.15756399263338888,-1.1055178954809692,1.2630818881143582,7.845179175111284e-61,1.5721928487748167e-60
NR0B2,PDCD1,positive_vs_negative,362,2480,0.20619562266034594,0.24828169935486286,-0.042086076694516916,0.3015338326322675,0.3448079188309282
NR0B2,PDCD1,within_positive_median,181,181,0.760448159032979,-0.348056913712287,1.1085050727452659,7.845179175111284e-61,1.5721928487748167e-60
NR1H2,PDCD1,positive_vs_negative,362,2480,-0.43211231971174324,-0.3728282493038276,-0.05928407040791567,0.10481535158091429,0.1304951127182383
NR1H2,PDCD1,within_positive_median,181,181,0.09276356177888773,-0.9569882012023744,1.049751762981262,7.845179175111284e-61,1.5721928487748167e-60
NR1H3,PDCD1,positive_vs_negative,362,2480,0.8330042059664409,0.5883450179665266,0.24465918799991426,5.518270098148344e-07,9.363197645239779e-07
NR1H3,PDCD1,within_positive_median,181,181,1.5732577810133146,0.09275063091956702,1.4805071500937477,7.845179175111284e-61,1.5721928487748167e-60
NR1H4,PDCD1,positive_vs_negative,362,2480,0.21423730100603552,0.04047905903656094,0.1737582419694746,5.0234310179109306e-05,7.954431309760392e-05
NR1H4,PDCD1,within_positive_median,181,181,0.8256517400536572,-0.39717713804158605,1.2228288780952432,7.845179175111284e-61,1.5721928487748167e-60
NR1I2,PDCD1,positive_vs_negative,362,2480,0.445078938894906,0.5736757062389515,-0.12859676734404546,0.0039009121867097695,0.005534627546955741
NR1I2,PDCD1,within_positive_median,181,181,1.0239600025591724,-0.1338021247693605,1.157762127328533,7.845179175111284e-61,1.5721928487748167e-60
NR1I3,PDCD1,positive_vs_negative,362,2480,0.90085451310478,0.6367138576895004,0.26414065541527965,7.262246285581047e-07,1.2259656441421566e-06
NR1I3,PDCD1,within_positive_median,181,181,1.6775031154557918,0.12420591075376876,1.553297204702023,7.845179175111284e-61,1.5721928487748167e-60
NR2C1,PDCD1,positive_vs_negative,362,2480,0.9023227059564408,0.6101534897645006,0.29216921619194025,4.7878494728679924e-08,8.515532276743786e-08
NR2C1,PDCD1,within_positive_median,181,181,1.671836364185924,0.13280904772695776,1.5390273164589663,7.845179175111284e-61,1.5721928487748167e-60
NR2C2,PDCD1,positive_vs_negative,362,2480,-0.07596443444079601,-0.059025374511238494,-0.016939059929557514,0.6015925330122671,0.6408408159146717
NR2C2,PDCD1,within_positive_median,181,181,0.5810312628331623,-0.7329601317147543,1.3139913945479167,7.845179175111284e-61,1.5721928487748167e-60
NR2E1,PDCD1,positive_vs_negative,362,2480,-0.15261822796938676,-0.1468024036743824,-0.0058158242950043515,1.5184410464344126e-05,2.4874461879090048e-05
NR2E1,PDCD1,within_positive_median,181,181,0.18929558742785813,-0.4945320433666316,0.6838276307944897,7.845044361763681e-61,1.5721928487748167e-60
NR2F1,PDCD1,positive_vs_negative,362,2480,1.884690613351826,2.0909512055676043,-0.2062605922157783,8.491651932226696e-05,0.00013215133319527796
NR2F1,PDCD1,within_positive_median,181,181,2.544483776317468,1.2248974503861831,1.319586325931285,7.845179175111284e-61,1.5721928487748167e-60
NR2F2,PDCD1,positive_vs_negative,362,2480,0.6078851252288737,0.5138399164572974,0.0940452087715763,0.03018846197726817,0.03982477897928357
NR2F2,PDCD1,within_positive_median,181,181,1.2991948244247724,-0.0834245739670251,1.3826193983917976,7.845179175111284e-61,1.5721928487748167e-60
NR3C1,PDCD1,positive_vs_negative,362,2480,0.7811211789162886,0.7922802438957921,-0.011159064979503475,0.7529945620482417,0.7828628223382553
NR3C1,PDCD1,within_positive_median,181,181,1.5036993693796976,0.0585429884528799,1.4451563809268178,7.845179175111284e-61,1.5721928487748167e-60
NR3C2,PDCD1,positive_vs_negative,362,2480,0.23934077462681852,0.2270743412585591,0.012266433368259416,0.4811623532546482,0.5243300917304481
NR3C2,PDCD1,within_positive_median,181,181,0.7995316755404034,-0.3208501262867663,1.1203818018271696,7.845179175111284e-61,1.5721928487748167e-60
NR4A1,PDCD1,positive_vs_negative,362,2480,-0.11831266364680589,0.17230536621415138,-0.29061802986095725,3.517149942025079e-08,6.300506011253559e-08
NR4A1,PDCD1,within_positive_median,181,181,0.5820050400563411,-0.818630367349953,1.400635407406294,7.845179175111284e-61,1.5721928487748167e-60
NR4A2,PDCD1,positive_vs_negative,362,2480,1.0232242102352114,0.9705920297228299,0.0526321805123815,0.3252233478134742,0.36851246236885127
NR4A2,PDCD1,within_positive_median,181,181,1.757005438201951,0.2894429822684718,1.4675624559334792,7.845179175111284e-61,1.5721928487748167e-60
NR4A3,PDCD1,positive_vs_negative,362,2480,0.02526303716760276,0.03920101569985576,-0.013937978532253002,0.8770930457279551,0.8959842805590187
NR4A3,PDCD1,within_positive_median,181,181,0.6239088666723763,-0.5733827923371707,1.197291659009547,7.845179175111284e-61,1.5721928487748167e-60
NR5A1,PDCD1,positive_vs_negative,362,2480,0.26729363404726264,0.2956639645761366,-0.028370330528873944,0.7765873740501431,0.8048709932923439
NR5A1,PDCD1,within_positive_median,181,181,0.8623659661172097,-0.32777869802268433,1.190144664139894,7.845179175111284e-61,1.5721928487748167e-60
NR5A2,PDCD1,positive_vs_negative,362,2480,0.4607933332191737,0.49753906864952036,-0.03674573543034665,0.3167315758938718,0.3597088364769627
NR5A2,PDCD1,within_positive_median,181,181,1.0447570854079802,-0.12317041896963304,1.1679275043776132,7.845179175111284e-61,1.5721928487748167e-60
NRF1,PDCD1,positive_vs_negative,362,2480,0.6765652155706322,0.5255135452622802,0.15105167030835198,0.0021745009494934637,0.003120753524056902
NRF1,PDCD1,within_positive_median,181,181,1.3987681544823682,-0.04563772334110387,1.444405877823472,7.845179175111284e-61,1.5721928487748167e-60
NRG1,PDCD1,positive_vs_negative,362,2480,0.11989561769916905,0.18858267916720944,-0.06868706146804039,0.22166096710633632,0.25912479253275933
NRG1,PDCD1,within_positive_median,181,181,0.744164053973947,-0.504372818575609,1.248536872549556,7.845179175111284e-61,1.5721928487748167e-60
NUPR1,PDCD1,positive_vs_negative,362,2480,-0.028364335534678462,-0.000538253919910032,-0.02782608161476843,0.12786161950779507,0.15676849420704042
NUPR1,PDCD1,within_positive_median,181,181,0.5299038864123811,-0.5866325574817378,1.1165364438941188,7.845179175111284e-61,1.5721928487748167e-60
ONECUT1,PDCD1,positive_vs_negative,362,2480,-0.280800941738025,-0.30129152600256554,0.020490584264540534,0.020246406687377524,0.027104060565360234
ONECUT1,PDCD1,within_positive_median,181,181,0.13429646058534692,-0.695898344061397,0.8301948046467439,7.845179175111284e-61,1.5721928487748167e-60
OVOL1,PDCD1,positive_vs_negative,362,2480,0.3890959599722991,0.2440040249899032,0.14509193498239592,0.02792578836575162,0.03693769616505792
OVOL1,PDCD1,within_positive_median,181,181,1.1323695637425621,-0.35417764379796396,1.4865472075405262,7.845179175111284e-61,1.5721928487748167e-60
PARK7,PDCD1,positive_vs_negative,362,2480,0.050944281648935816,-0.01785969234789408,0.0688039739968299,0.395055866388039,0.4386573499693276
PARK7,PDCD1,within_positive_median,181,181,0.6323048987005258,-0.5304163354026541,1.1627212341031798,7.845179175111284e-61,1.5721928487748167e-60
PATZ1,PDCD1,positive_vs_negative,362,2480,-0.13956710348805831,-0.11767743505845539,-0.021889668429602924,0.31464806818739,0.35775054328155304
PATZ1,PDCD1,within_positive_median,181,181,0.42925137440175815,-0.7083855813778747,1.1376369557796329,7.845179175111284e-61,1.5721928487748167e-60
PAX3,PDCD1,positive_vs_negative,362,2480,0.753842416810829,0.9601718448233847,-0.20632942801255572,2.2980480219363925e-05,3.709652884681762e-05
PAX3,PDCD1,within_positive_median,181,181,1.4100123458978895,0.09767248772376884,1.3123398581741206,7.845179175111284e-61,1.5721928487748167e-60
PAX5,PDCD1,positive_vs_negative,362,2480,0.26155595922672825,0.302676634580676,-0.041120675353947755,0.44257049263660553,0.4854627870771576
PAX5,PDCD1,within_positive_median,181,181,0.9438311064339715,-0.4207191879805149,1.3645502944144865,7.845179175111284e-61,1.5721928487748167e-60
PAX6,PDCD1,positive_vs_negative,362,2480,-0.6455195345944019,-0.5838786159257249,-0.06164091866867705,0.22301205353016185,0.26039859943263916
PAX6,PDCD1,within_positive_median,181,181,-0.07615052732710297,-1.2148885418617008,1.1387380145345978,7.845179175111284e-61,1.5721928487748167e-60
PAX7,PDCD1,positive_vs_negative,362,2480,0.3987397951675672,0.2534532441435033,0.1452865510240639,0.004660131641657424,0.006583675340554318
PAX7,PDCD1,within_positive_median,181,181,1.0983427897440794,-0.300863199408945,1.3992059891530244,7.845179175111284e-61,1.5721928487748167e-60
PAX8,PDCD1,positive_vs_negative,362,2480,2.081145121371851,1.8760029047581164,0.20514221661373466,9.47681539122193e-06,1.562733134049179e-05
PAX8,PDCD1,within_positive_median,181,181,2.699998175606574,1.4622920671371278,1.2377061084694463,7.845179175111284e-61,1.5721928487748167e-60
PBRM1,PDCD1,positive_vs_negative,362,2480,-0.3996956969431911,-0.3693449764093468,-0.0303507205338443,0.0031492422799614646,0.0044937611903175054
PBRM1,PDCD1,within_positive_median,181,181,0.0506345715555872,-0.8500259654419695,0.9006605369975567,7.845179175111284e-61,1.5721928487748167e-60
PBX1,PDCD1,positive_vs_negative,362,2480,0.9720965037368369,0.9605170365310537,0.011579467205783178,0.7124350047583687,0.747199832655224
PBX1,PDCD1,within_positive_median,181,181,1.687424168375024,0.2567688390986499,1.430655329276374,7.845179175111284e-61,1.5721928487748167e-60
PDX1,PDCD1,positive_vs_negative,362,2480,-0.718756626038766,-0.7777473260733726,0.0589907000346066,0.1426054557305744,0.17342494982619303
PDX1,PDCD1,within_positive_median,181,181,-0.15640810075203973,-1.2811051513254923,1.1246970505734526,7.845179175111284e-61,1.5721928487748167e-60
PGR,PDCD1,positive_vs_negative,362,2480,-0.9159391327443356,-0.9054917099915537,-0.010447422752781876,0.9804980331496914,0.9854450464350076
PGR,PDCD1,within_positive_median,181,181,-0.22952856900683266,-1.6023496964818391,1.3728211274750064,7.845179175111284e-61,1.5721928487748167e-60
PHF20,PDCD1,positive_vs_negative,362,2480,1.866445260699598,1.6065588048949573,0.25988645580464076,4.0953040314936295e-07,6.960619138852654e-07
PHF20,PDCD1,within_positive_median,181,181,2.633725183705048,1.0991653376941481,1.5345598460109,7.845179175111284e-61,1.5721928487748167e-60
PITX1,PDCD1,positive_vs_negative,362,2480,-0.49988888323707703,-0.6127207643628974,0.11283188112582032,0.027782066256952474,0.03684545671361473
PITX1,PDCD1,within_positive_median,181,181,0.1671074985871956,-1.1668852650613495,1.3339927636485451,7.845179175111284e-61,1.5721928487748167e-60
PITX2,PDCD1,positive_vs_negative,362,2480,0.9378748166608973,0.7933053737844488,0.14456944287644857,0.0036839270029882074,0.005241701849966078
PITX2,PDCD1,within_positive_median,181,181,1.617120353242075,0.2586292800797195,1.3584910731623556,7.845179175111284e-61,1.5721928487748167e-60
PITX3,PDCD1,positive_vs_negative,362,2480,0.12233774883210552,0.2698453058273025,-0.14750755699519696,5.90054771630741e-05,9.313701308149257e-05
PITX3,PDCD1,within_positive_median,181,181,0.863589207642688,-0.618913709978477,1.482502917621165,7.845179175111284e-61,1.5721928487748167e-60
PKNOX1,PDCD1,positive_vs_negative,362,2480,-0.1963433260313039,-0.20437824936107318,0.008034923329769295,0.009225983768158306,0.012699717851644213
PKNOX1,PDCD1,within_positive_median,181,181,0.2747073914353316,-0.6673940434979394,0.942101434933271,7.845179175111284e-61,1.5721928487748167e-60
PLAGL1,PDCD1,positive_vs_negative,362,2480,-0.45175656006188686,-0.32357789553176497,-0.1281786645301219,2.7262529837256445e-06,4.540715671890873e-06
PLAGL1,PDCD1,within_positive_median,181,181,0.04061876028012267,-0.9441318804038966,0.9847506406840193,7.845179175111284e-61,1.5721928487748167e-60
PLAGL2,PDCD1,positive_vs_negative,362,2480,-0.23422172776625277,-0.15065008644209213,-0.08357164132416064,0.0037744797624089713,0.005362884227331434
PLAGL2,PDCD1,within_positive_median,181,181,0.3632624034375139,-0.8317058589700195,1.1949682624075333,7.845179175111284e-61,1.5721928487748167e-60
PML,PDCD1,positive_vs_negative,362,2480,-0.5050845943303641,-0.6283454547029589,0.12326086037259476,0.021783781865898088,0.029083976861172246
PML,PDCD1,within_positive_median,181,181,0.0972285134375433,-1.1073977020982715,1.2046262155358147,7.845179175111284e-61,1.5721928487748167e-60
POU1F1,PDCD1,positive_vs_negative,362,2480,0.18829361978469508,0.16543010009481404,0.02286351968988104,0.7815842475809812,0.8092078072667955
POU1F1,PDCD1,within_positive_median,181,181,0.8345887436699398,-0.4580015041005496,1.2925902477704894,7.845179175111284e-61,1.5721928487748167e-60
POU2F1,PDCD1,positive_vs_negative,362,2480,-0.4548724332319468,-0.38638428312309975,-0.06848815010884707,0.14756325058937858,0.17858201407900492
POU2F1,PDCD1,within_positive_median,181,181,0.18803627575930412,-1.0977811422231978,1.285817417982502,7.845179175111284e-61,1.5721928487748167e-60
POU2F2,PDCD1,positive_vs_negative,362,2480,1.4305551840079096,1.08303827395713,0.34751691005077956,5.479165024707015e-08,9.675972277674091e-08
POU2F2,PDCD1,within_positive_median,181,181,2.312155571138058,0.5489547968777617,1.7632007742602962,7.845179175111284e-61,1.5721928487748167e-60
POU2F3,PDCD1,positive_vs_negative,362,2480,0.39811238046300085,0.4663004383902117,-0.06818805792721083,0.15061611529173136,0.18205540149340343
POU2F3,PDCD1,within_positive_median,181,181,1.1183853888634445,-0.3221606279374429,1.4405460168008875,7.845179175111284e-61,1.5721928487748167e-60
POU3F1,PDCD1,positive_vs_negative,362,2480,0.8535793975843462,0.9671317353224866,-0.11355233773814044,0.022522904829620147,0.03003053977282686
POU3F1,PDCD1,within_positive_median,181,181,1.6078822184809851,0.09927657668770715,1.508605641793278,7.845179175111284e-61,1.5721928487748167e-60
POU3F2,PDCD1,positive_vs_negative,362,2480,0.5738873127778217,0.5945289822752483,-0.02064166949742663,0.12275889118707664,0.15113455577543677
POU3F2,PDCD1,within_positive_median,181,181,0.988551086267372,0.15922353928827138,0.8293275469791006,7.845179175111284e-61,1.5721928487748167e-60
POU4F1,PDCD1,positive_vs_negative,362,2480,0.13834690950037817,0.22529660962409628,-0.08694970012371811,0.039199879531321306,0.05137247370157372
POU4F1,PDCD1,within_positive_median,181,181,0.7992217885381231,-0.5225279695373667,1.3217497580754898,7.845179175111284e-61,1.5721928487748167e-60
POU4F2,PDCD1,positive_vs_negative,362,2480,0.9911153302775559,0.7424441629867508,0.24867116729080518,8.75204082165861e-05,0.00013599114911656748
POU4F2,PDCD1,within_positive_median,181,181,1.851276006410257,0.1309546541448551,1.7203213522654017,7.845179175111284e-61,1.5721928487748167e-60
POU5F1,PDCD1,positive_vs_negative,362,2480,0.027800025374284058,0.19370071047846055,-0.1659006851041765,0.0001212333175014908,0.00018720679725811603
POU5F1,PDCD1,within_positive_median,181,181,0.6676937118023473,-0.6120936610537792,1.2797873728561264,7.845179175111284e-61,1.5721928487748167e-60
PPARA,PDCD1,positive_vs_negative,362,2480,-0.908448075288092,-1.123192355791032,0.21474428050293992,1.6481688503126108e-05,2.6867040505914244e-05
PPARA,PDCD1,within_positive_median,181,181,-0.16193607304231303,-1.6549600775338715,1.4930240044915586,7.845179175111284e-61,1.5721928487748167e-60
PPARD,PDCD1,positive_vs_negative,362,2480,0.8211413797596611,0.6593900892426283,0.16175129051703274,0.0006177302434154674,0.0009169289455168487
PPARD,PDCD1,within_positive_median,181,181,1.5599785382281979,0.08230422129112419,1.4776743169370736,7.845179175111284e-61,1.5721928487748167e-60
PPARG,PDCD1,positive_vs_negative,362,2480,0.307848864793339,0.3075224200146258,0.00032644477871318633,0.9347225872739933,0.9470841270853483
PPARG,PDCD1,within_positive_median,181,181,0.9977920748563037,-0.38209434526962566,1.3798864201259293,7.845179175111284e-61,1.5721928487748167e-60
PPARGC1A,PDCD1,positive_vs_negative,362,2480,1.0599640548006088,1.067607714223562,-0.007643659422953197,0.7459759246388447,0.7771883064228967
PPARGC1A,PDCD1,within_positive_median,181,181,1.6912417054625613,0.428686404138657,1.2625553013239044,7.845179175111284e-61,1.5721928487748167e-60
PRDM1,PDCD1,positive_vs_negative,362,2480,1.255556803932206,0.9014562702622648,0.3541005336699412,6.289139694992154e-11,1.1908713186715182e-10
PRDM1,PDCD1,within_positive_median,181,181,2.0279100970740713,0.4832035107903408,1.5447065862837306,7.845179175111284e-61,1.5721928487748167e-60
PRDM2,PDCD1,positive_vs_negative,362,2480,-0.18308483388089314,-0.18527078061173782,0.0021859467308446845,0.2382913418801066,0.2766179213433405
PRDM2,PDCD1,within_positive_median,181,181,0.38943386270191727,-0.7556035304637035,1.1450373931656208,7.845179175111284e-61,1.5721928487748167e-60
PREB,PDCD1,positive_vs_negative,362,2480,-0.6317853692485735,-0.6067038870631544,-0.02508148218541917,1.560493806270624e-08,2.8414110256774065e-08
PREB,PDCD1,within_positive_median,181,181,-0.3639519021109807,-0.8996188363861662,0.5356669342751855,7.845179175111284e-61,1.5721928487748167e-60
PROX1,PDCD1,positive_vs_negative,362,2480,0.1834879820645916,0.17715189731459538,0.006336084749996224,0.3965818872694047,0.43986142507831527
PROX1,PDCD1,within_positive_median,181,181,0.7791769525782944,-0.41220098844911124,1.1913779410274057,7.845179175111284e-61,1.5721928487748167e-60
PURA,PDCD1,positive_vs_negative,362,2480,0.09469157913067523,0.09469034674530273,1.2323853725015876e-06,0.7539840263806933,0.7830741295882905
PURA,PDCD1,within_positive_median,181,181,0.6534821674573098,-0.4640990091959594,1.1175811766532693,7.845179175111284e-61,1.5721928487748167e-60
RARA,PDCD1,positive_vs_negative,362,2480,0.30656869935760295,0.32895220829831157,-0.02238350894070862,0.6627940801436889,0.7007886452474672
RARA,PDCD1,within_positive_median,181,181,0.9148687629224506,-0.30173136420724456,1.2166001271296951,7.845179175111284e-61,1.5721928487748167e-60
RARB,PDCD1,positive_vs_negative,362,2480,0.5276530731727562,0.5326815079498686,-0.005028434777112345,0.9359767709152085,0.9472013238340954
RARB,PDCD1,within_positive_median,181,181,1.0153632980730514,0.03994284827246097,0.9754204498005904,7.845179175111284e-61,1.5721928487748167e-60
RARG,PDCD1,positive_vs_negative,362,2480,0.03247991321278046,0.36223227432928495,-0.3297523611165045,1.497993429332068e-11,2.858240336426704e-11
RARG,PDCD1,within_positive_median,181,181,0.8030621605202319,-0.7381023340946711,1.541164494614903,7.845179175111284e-61,1.5721928487748167e-60
RB1,PDCD1,positive_vs_negative,362,2480,0.023301811809788412,-0.1070605811162313,0.13036239292601973,0.0016209547795409756,0.0023603376614368594
RB1,PDCD1,within_positive_median,181,181,0.579313887622157,-0.53271026400258,1.1120241516247371,7.845179175111284e-61,1.5721928487748167e-60
RBPJ,PDCD1,positive_vs_negative,362,2480,0.31988528154911977,-0.10249801202501627,0.42238329357413607,1.1278560775042114e-15,2.22885843887737e-15
RBPJ,PDCD1,within_positive_median,181,181,1.0616083150546,-0.4218377519563605,1.4834460670109606,7.845179175111284e-61,1.5721928487748167e-60
RCOR2,PDCD1,positive_vs_negative,362,2480,1.4227163179301743,1.2517216976722816,0.1709946202578927,0.00015127321769507244,0.00023215427553820053
RCOR2,PDCD1,within_positive_median,181,181,2.063943164240324,0.7814894716200247,1.2824536926202994,7.845179175111284e-61,1.5721928487748167e-60
REL,PDCD1,positive_vs_negative,362,2480,2.2412676729093044,1.9501337860539985,0.29113388685530595,0.00021615112079365577,0.0003271831554870534
REL,PDCD1,within_positive_median,181,181,3.2865734619430302,1.1959618838755797,2.090611578067451,7.845179175111284e-61,1.5721928487748167e-60
RELA,PDCD1,positive_vs_negative,362,2480,3.1652515533815158,3.1650666968565195,0.00018485652499622418,0.8843420044868755,0.9024637668739016
RELA,PDCD1,within_positive_median,181,181,4.209284503614015,2.121218603149017,2.088065900464998,7.845179175111284e-61,1.5721928487748167e-60
RELB,PDCD1,positive_vs_negative,362,2480,1.9553191085586794,1.789678115984191,0.1656409925744884,0.0020197504573623228,0.0029112466794976462
RELB,PDCD1,within_positive_median,181,181,2.7203793155108085,1.1902589016065506,1.530120413904258,7.845179175111284e-61,1.5721928487748167e-60
REST,PDCD1,positive_vs_negative,362,2480,0.08418260458750884,0.06347726336752361,0.020705341219985227,0.17624650348300175,0.21022936223840688
REST,PDCD1,within_positive_median,181,181,0.5866128663990379,-0.41824765722402013,1.004860523623058,7.845179175111284e-61,1.5721928487748167e-60
RFX1,PDCD1,positive_vs_negative,362,2480,3.7558165338228644,3.4318736781505064,0.32394285567235803,7.41484632416636e-07,1.249608619098087e-06
RFX1,PDCD1,within_positive_median,181,181,4.735700191423636,2.7759328762220936,1.959767315201542,7.845179175111284e-61,1.5721928487748167e-60
RFX5,PDCD1,positive_vs_negative,362,2480,2.60094331678562,1.7873355313176145,0.8136077854680055,1.795276283809114e-13,3.492373395847417e-13
RFX5,PDCD1,within_positive_median,181,181,4.250247459959015,0.9516391736122268,3.298608286346788,7.845179175111284e-61,1.5721928487748167e-60
RFXANK,PDCD1,positive_vs_negative,362,2480,2.771793999131765,1.9069762096656246,0.8648177894661404,1.3253577867328445e-13,2.5934309539998294e-13
RFXANK,PDCD1,within_positive_median,181,181,4.525092051042772,1.0184959472207589,3.506596103822013,7.845179175111284e-61,1.5721928487748167e-60
RFXAP,PDCD1,positive_vs_negative,362,2480,2.9007993691179688,2.04054470878828,0.8602546603296886,6.911703831544377e-13,1.3367101002365437e-12
RFXAP,PDCD1,within_positive_median,181,181,4.690889527675127,1.1107092105608116,3.5801803171143156,7.845179175111284e-61,1.5721928487748167e-60
RORA,PDCD1,positive_vs_negative,362,2480,0.13547900796925846,0.09066289814486546,0.044816109824393005,0.1911159481351139,0.22580247252974311
RORA,PDCD1,within_positive_median,181,181,0.733833219209228,-0.46287520327071097,1.196708422479939,7.845179175111284e-61,1.5721928487748167e-60
RORC,PDCD1,positive_vs_negative,362,2480,0.792429302565822,0.5632192319899839,0.2292100705758381,0.00015443498599293195,0.00023664191699840034
RORC,PDCD1,within_positive_median,181,181,1.6894228210885347,-0.10456421595689089,1.7939870370454256,7.845179175111284e-61,1.5721928487748167e-60
RUNX1,PDCD1,positive_vs_negative,362,2480,1.2013884233872265,1.4508786261129585,-0.24949020272573197,3.463144721717748e-05,5.527711767357175e-05
RUNX1,PDCD1,within_positive_median,181,181,2.047514046499709,0.355262800274744,1.692251246224965,7.845179175111284e-61,1.5721928487748167e-60
RUNX2,PDCD1,positive_vs_negative,362,2480,0.0061373693648726245,0.010745947781785219,-0.004608578416912594,0.9979483989240918,0.9989331665828257
RUNX2,PDCD1,within_positive_median,181,181,0.5933446009040653,-0.58106986217432,1.1744144630783853,7.845179175111284e-61,1.5721928487748167e-60
RUNX3,PDCD1,positive_vs_negative,362,2480,-0.3811419270904923,-0.42002004226992157,0.03887811517942924,0.5377257515023106,0.5808837836185481
RUNX3,PDCD1,within_positive_median,181,181,0.2987718526280604,-1.0610557068090452,1.3598275594371056,7.845179175111284e-61,1.5721928487748167e-60
RXRA,PDCD1,positive_vs_negative,362,2480,0.07066621615309883,-0.15384899944910335,0.22451521560220217,3.273616762116669e-05,5.2335831381512075e-05
RXRA,PDCD1,within_positive_median,181,181,0.8251733463940071,-0.6838409140878094,1.5090142604818166,7.845179175111284e-61,1.5721928487748167e-60
RXRB,PDCD1,positive_vs_negative,362,2480,-0.39901345383282016,-0.3863991307096111,-0.012614323123209037,0.00016989012955507575,0.00025992406918103755
RXRB,PDCD1,within_positive_median,181,181,0.054350381998019115,-0.8523772896636596,0.9067276716616787,7.845179175111284e-61,1.5721928487748167e-60
SALL4,PDCD1,positive_vs_negative,362,2480,-0.15919968161898257,-0.24355496099436025,0.08435527937537768,0.4355948591027641,0.47939500515619116
SALL4,PDCD1,within_positive_median,181,181,0.293589478420979,-0.6119888416589443,0.9055783200799232,7.845179175111284e-61,1.5721928487748167e-60
SATB1,PDCD1,positive_vs_negative,362,2480,1.0556253192495766,1.0504075151495817,0.005217804099994838,0.745197363441348,0.7771883064228967
SATB1,PDCD1,within_positive_median,181,181,1.7039462400587377,0.40730439844041544,1.2966418416183223,7.845179175111284e-61,1.5721928487748167e-60
SATB2,PDCD1,positive_vs_negative,362,2480,-0.18945362635430674,-0.12489148602788905,-0.06456214032641769,0.11699766141020661,0.1449374014484649
SATB2,PDCD1,within_positive_median,181,181,0.4484030996359081,-0.8273103523445217,1.2757134519804296,7.845179175111284e-61,1.5721928487748167e-60
SFPQ,PDCD1,positive_vs_negative,362,2480,1.3129076151768866,1.03104767817565,0.2818599370012367,1.1663219149499617e-10,2.2001072486556097e-10
SFPQ,PDCD1,within_positive_median,181,181,1.929217034041833,0.6965981963119394,1.2326188377298937,7.845179175111284e-61,1.5721928487748167e-60
SIM2,PDCD1,positive_vs_negative,362,2480,0.1681877093134282,0.12141403601913707,0.04677367329429112,0.9967995073775002,0.9988051401891249
SIM2,PDCD1,within_positive_median,181,181,0.8066737519614966,-0.4702983333346403,1.2769720852961368,7.845179175111284e-61,1.5721928487748167e-60
SIN3A,PDCD1,positive_vs_negative,362,2480,0.39117712343675903,0.3686682118224242,0.022508911614334826,0.6337571040112902,0.6707992301756057
SIN3A,PDCD1,within_positive_median,181,181,1.222380475285636,-0.44002622841211797,1.662406703697754,7.845179175111284e-61,1.5721928487748167e-60
SIRT1,PDCD1,positive_vs_negative,362,2480,0.5396537231969682,0.4896498924861862,0.05000383071078207,0.13781291586572483,0.1682128237772818
SIRT1,PDCD1,within_positive_median,181,181,1.0470126838553786,0.032294762538557883,1.0147179213168207,7.845179175111284e-61,1.5721928487748167e-60
SKIL,PDCD1,positive_vs_negative,362,2480,0.5986870518209371,0.5272066945496044,0.07148035727133262,0.1525337142395778,0.1841497931910539
SKIL,PDCD1,within_positive_median,181,181,1.1276924031688844,0.0696817004729896,1.0580107026958947,7.845179175111284e-61,1.5721928487748167e-60
SMAD1,PDCD1,positive_vs_negative,362,2480,0.172090535746716,0.25089101961729626,-0.07880048387058025,0.10595078578804457,0.1317440482458082
SMAD1,PDCD1,within_positive_median,181,181,0.8994515543812887,-0.5552704828878566,1.4547220372691454,7.845179175111284e-61,1.5721928487748167e-60
SMAD2,PDCD1,positive_vs_negative,362,2480,-0.34854713659308434,-0.33457571184962615,-0.013971424743458194,0.5723762158475818,0.6110254137022416
SMAD2,PDCD1,within_positive_median,181,181,0.28401112096476555,-0.981105394150934,1.2651165151156996,7.845179175111284e-61,1.5721928487748167e-60
SMAD3,PDCD1,positive_vs_negative,362,2480,0.08084805831350698,0.30370985843004605,-0.22286180011653905,5.561840154489615e-06,9.23265465645276e-06
SMAD3,PDCD1,within_positive_median,181,181,0.8015501512477888,-0.6398540346207747,1.4414041858685636,7.845179175111284e-61,1.5721928487748167e-60
SMAD4,PDCD1,positive_vs_negative,362,2480,0.3232164260454202,0.3544392559705247,-0.0312228299251045,0.5674879413195958,0.6071084742796106
SMAD4,PDCD1,within_positive_median,181,181,1.0953924084949338,-0.4489595564040932,1.544351964899027,7.845179175111284e-61,1.5721928487748167e-60
SMAD5,PDCD1,positive_vs_negative,362,2480,-0.15892415025549197,-0.2287587160135582,0.06983456575806624,0.08105238535405711,0.10270760281506472
SMAD5,PDCD1,within_positive_median,181,181,0.4665299745931945,-0.7843782751041785,1.250908249697373,7.845179175111284e-61,1.5721928487748167e-60
SMAD6,PDCD1,positive_vs_negative,362,2480,0.2307913882681857,0.15657170555737618,0.07421968271080953,1.2312509009780994e-06,2.0645217127511563e-06
SMAD6,PDCD1,within_positive_median,181,181,0.573651242116651,-0.11206846558027948,0.6857197076969305,7.845179175111284e-61,1.5721928487748167e-60
SMAD7,PDCD1,positive_vs_negative,362,2480,0.19510331141132026,0.33918793241901596,-0.1440846210076957,0.0004851080122694245,0.0007211456421199207
SMAD7,PDCD1,within_positive_median,181,181,0.7792636586716447,-0.3890570358490042,1.168320694520649,7.845179175111284e-61,1.5721928487748167e-60
SMARCA1,PDCD1,positive_vs_negative,362,2480,-0.7110981727666229,-0.7914165955436681,0.08031842277704515,0.0935819075593395,0.11783512001150713
SMARCA1,PDCD1,within_positive_median,181,181,-0.0694449027998861,-1.3527514427333596,1.2833065399334735,7.845179175111284e-61,1.5721928487748167e-60
SMARCC1,PDCD1,positive_vs_negative,362,2480,-0.11573705697269716,-0.19352302846845307,0.0777859714957559,0.90695965345465,0.9227086974880812
SMARCC1,PDCD1,within_positive_median,181,181,0.5268304948783741,-0.7583046088237685,1.2851351037021426,7.845179175111284e-61,1.5721928487748167e-60
SNAI1,PDCD1,positive_vs_negative,362,2480,0.049984356910054976,0.118342820695292,-0.06835846378523702,0.2527841971780176,0.2927593725457041
SNAI1,PDCD1,within_positive_median,181,181,0.7781365242758571,-0.6781678104557474,1.4563043347316045,7.845179175111284e-61,1.5721928487748167e-60
SNAI2,PDCD1,positive_vs_negative,362,2480,1.5837500119589367,1.8649531139294453,-0.2812031019705086,1.3406907757820838e-07,2.3223095872677488e-07
SNAI2,PDCD1,within_positive_median,181,181,2.392046300591601,0.7754537233262718,1.6165925772653291,7.845179175111284e-61,1.5721928487748167e-60
SOX10,PDCD1,positive_vs_negative,362,2480,0.1503828822590661,0.05100368005365515,0.09937920220541094,0.3054649168145469,0.3481041843790489
SOX10,PDCD1,within_positive_median,181,181,0.8567892162930146,-0.5560234517748824,1.4128126680678972,7.845179175111284e-61,1.5721928487748167e-60
SOX17,PDCD1,positive_vs_negative,362,2480,0.7216161460606898,0.7594282302078278,-0.03781208414713799,0.3804756738980304,0.4251688248412775
SOX17,PDCD1,within_positive_median,181,181,1.451234554081424,-0.008002261960044575,1.4592368160414686,7.845179175111284e-61,1.5721928487748167e-60
SOX2,PDCD1,positive_vs_negative,362,2480,0.49792590065811015,0.4165567959928596,0.08136910466525055,0.07998322913341027,0.10161134721540387
SOX2,PDCD1,within_positive_median,181,181,1.205973891701459,-0.21012209038523888,1.416095982086698,7.845179175111284e-61,1.5721928487748167e-60
SOX4,PDCD1,positive_vs_negative,362,2480,-0.671497750978162,-0.5879196340211592,-0.08357811695700279,0.0010464683324322808,0.001539560500890032
SOX4,PDCD1,within_positive_median,181,181,-0.1539649782484439,-1.1890305237078802,1.0350655454594362,7.845179175111284e-61,1.5721928487748167e-60
SOX6,PDCD1,positive_vs_negative,362,2480,-0.33979309313336115,-0.18357889679401238,-0.15621419633934877,9.94233316787946e-09,1.8169841899464113e-08
SOX6,PDCD1,within_positive_median,181,181,0.15564307838654118,-0.8352292646532634,0.9908723430398045,7.845179175111284e-61,1.5721928487748167e-60
SOX9,PDCD1,positive_vs_negative,362,2480,-1.3512057577205123,-1.3888673444100759,0.03766158668956354,0.3807736865044373,0.4251688248412775
SOX9,PDCD1,within_positive_median,181,181,-0.7325409235904033,-1.9698705918506212,1.2373296682602177,7.845179175111284e-61,1.5721928487748167e-60
SP1,PDCD1,positive_vs_negative,362,2480,3.4802262071116488,3.072834239864555,0.4073919672470936,1.1826929404347798e-09,2.1935980794656253e-09
SP1,PDCD1,within_positive_median,181,181,4.35394143608075,2.606510978142547,1.747430457938203,7.845179175111284e-61,1.5721928487748167e-60
SP2,PDCD1,positive_vs_negative,362,2480,-0.5176635335328044,-0.456672763298163,-0.06099077023464139,0.03585563914374705,0.04711374219943544
SP2,PDCD1,within_positive_median,181,181,-0.04389210663315891,-0.9914349604324498,0.9475428537992909,7.845179175111284e-61,1.5721928487748167e-60
SP3,PDCD1,positive_vs_negative,362,2480,0.8183616950994649,0.5095768511910621,0.3087848439084028,1.4160356376906815e-08,2.5830979764467376e-08
SP3,PDCD1,within_positive_median,181,181,1.6011430783707983,0.03558031182813131,1.565562766542667,7.845179175111284e-61,1.5721928487748167e-60
SP4,PDCD1,positive_vs_negative,362,2480,-0.19943796244292422,-0.24461629713279595,0.04517833468987173,0.2035535216914368,0.2387977710302368
SP4,PDCD1,within_positive_median,181,181,0.3608545985747315,-0.75973052346058,1.1205851220353116,7.845179175111284e-61,1.5721928487748167e-60
SP7,PDCD1,positive_vs_negative,362,2480,-0.36221180809532255,-0.3895549745058985,0.027343166410575936,0.2825388793133983,0.32420359884348465
SP7,PDCD1,within_positive_median,181,181,0.14203327632300075,-0.8664568925136458,1.0084901688366465,7.845179175111284e-61,1.5721928487748167e-60
SPDEF,PDCD1,positive_vs_negative,362,2480,0.08081302919344432,0.015633553595494426,0.0651794755979499,0.7275182054971956,0.7603443155038896
SPDEF,PDCD1,within_positive_median,181,181,0.7157910663697654,-0.5541650079828767,1.2699560743526421,7.845179175111284e-61,1.5721928487748167e-60
SPI1,PDCD1,positive_vs_negative,362,2480,2.342834792130227,2.2719072573550574,0.07092753477516966,0.17328373137363395,0.20702072886429898
SPI1,PDCD1,within_positive_median,181,181,3.0380877566837667,1.6475818275766876,1.3905059291070792,7.845179175111284e-61,1.5721928487748167e-60
SPIB,PDCD1,positive_vs_negative,362,2480,-0.43411129760987427,-0.40802096050334546,-0.026090337106528805,0.07199908489845115,0.09217363567976523
SPIB,PDCD1,within_positive_median,181,181,0.11233677786422823,-0.9805593730839768,1.092896150948205,7.845179175111284e-61,1.5721928487748167e-60
SREBF1,PDCD1,positive_vs_negative,362,2480,0.5019228281534334,0.36102567225719584,0.14089715589623752,0.0004135364536442758,0.0006175147043923518
SREBF1,PDCD1,within_positive_median,181,181,1.0737396247518898,-0.06989396844502285,1.1436335931969126,7.845179175111284e-61,1.5721928487748167e-60
SREBF2,PDCD1,positive_vs_negative,362,2480,-0.8222141046291445,-0.8461085340866619,0.023894429457517408,0.5490056222645266,0.5892344825166687
SREBF2,PDCD1,within_positive_median,181,181,-0.29837429295110557,-1.3460539163071832,1.0476796233560777,7.845179175111284e-61,1.5721928487748167e-60
SRF,PDCD1,positive_vs_negative,362,2480,1.6059085688070516,1.7904465337105653,-0.1845379649035137,0.0014054735200348452,0.0020555824169672626
SRF,PDCD1,within_positive_median,181,181,2.330701009773848,0.8811161278402551,1.4495848819335928,7.845179175111284e-61,1.5721928487748167e-60
SRSF2,PDCD1,positive_vs_negative,362,2480,1.8343523119528329,1.8349413121804516,-0.0005890002276187634,0.896698013267034,0.9132016576829917
SRSF2,PDCD1,within_positive_median,181,181,2.809367757542963,0.8593368663627033,1.9500308911802597,7.845179175111284e-61,1.5721928487748167e-60
SRY,PDCD1,positive_vs_negative,362,2480,-0.18704216428564524,-0.166456736551462,-0.02058542773418323,0.5587397643765459,0.5990363889333044
SRY,PDCD1,within_positive_median,181,181,0.41671197485557115,-0.7907963034268614,1.2075082782824325,7.845179175111284e-61,1.5721928487748167e-60
SSRP1,PDCD1,positive_vs_negative,362,2480,-0.41668541589576347,-0.31008361919386906,-0.1066017967018944,0.008781831215389146,0.012131350749691525
SSRP1,PDCD1,within_positive_median,181,181,0.2066201005194511,-1.0399909323109782,1.2466110328304292,7.845179175111284e-61,1.5721928487748167e-60
STAT1,PDCD1,positive_vs_negative,362,2480,1.0949952102946918,1.0449793272189958,0.050015883075696044,0.35749463147588256,0.4007635488126386
STAT1,PDCD1,within_positive_median,181,181,1.9129122527775515,0.2770781678118322,1.6358340849657194,7.845179175111284e-61,1.5721928487748167e-60
STAT2,PDCD1,positive_vs_negative,362,2480,1.0303043234005447,1.2074884961470598,-0.1771841727465151,0.0007342390216447575,0.001086630112270696
STAT2,PDCD1,within_positive_median,181,181,1.7920448436068495,0.2685638031942398,1.5234810404126096,7.845179175111284e-61,1.5721928487748167e-60
STAT3,PDCD1,positive_vs_negative,362,2480,1.5703567400415213,1.4501530864349206,0.12020365360660068,0.07977077927907184,0.10147087632433659
STAT3,PDCD1,within_positive_median,181,181,2.4754259203655997,0.6652875597174428,1.810138360648157,7.845179175111284e-61,1.5721928487748167e-60
STAT4,PDCD1,positive_vs_negative,362,2480,0.638070360986718,0.658251561399124,-0.02018120041240601,0.5446254011190134,0.5863346800340551
STAT4,PDCD1,within_positive_median,181,181,1.3589128213859767,-0.08277209941254084,1.4416849207985176,7.845179175111284e-61,1.5721928487748167e-60
STAT5A,PDCD1,positive_vs_negative,362,2480,0.19638529760558185,0.3864253423737021,-0.19004004476812023,0.00041257262057159183,0.0006170004956295878
STAT5A,PDCD1,within_positive_median,181,181,0.9667901269946249,-0.5740195317834613,1.5408096587780862,7.845179175111284e-61,1.5721928487748167e-60
STAT5B,PDCD1,positive_vs_negative,362,2480,0.21837044618748933,0.08657889022372411,0.1317915559637652,0.012648596488161972,0.01723392900439032
STAT5B,PDCD1,within_positive_median,181,181,0.8980356091014267,-0.46129471672644823,1.3593303258278748,7.845179175111284e-61,1.5721928487748167e-60
STAT6,PDCD1,positive_vs_negative,362,2480,1.0531790342405154,1.2669292763936058,-0.21375024215309035,9.652743093730133e-05,0.0001495199396789302
STAT6,PDCD1,within_positive_median,181,181,1.7997941302906846,0.3065639381903461,1.4932301921003384,7.845179175111284e-61,1.5721928487748167e-60
TADA2A,PDCD1,positive_vs_negative,362,2480,-0.16700134148394044,-0.2590748586605813,0.09207351717664083,0.11817132723297144,0.14620949307334105
TADA2A,PDCD1,within_positive_median,181,181,0.4198038810256694,-0.7538065639935504,1.1736104450192197,7.845179175111284e-61,1.5721928487748167e-60
TAF1,PDCD1,positive_vs_negative,362,2480,0.7424082792707887,0.9284085512456892,-0.18600027197490054,8.292891070346932e-05,0.0001294626881828455
TAF1,PDCD1,within_positive_median,181,181,1.3639875178351175,0.12082904070645971,1.243158477128658,7.845179175111284e-61,1.5721928487748167e-60
TAL1,PDCD1,positive_vs_negative,362,2480,-0.734189518767118,-0.9530553941138141,0.2188658753466961,1.768942693455306e-07,3.037701590830146e-07
TAL1,PDCD1,within_positive_median,181,181,-0.1296779242170704,-1.3387011133171656,1.209023189100095,7.845179175111284e-61,1.5721928487748167e-60
TBP,PDCD1,positive_vs_negative,362,2480,1.559264356698883,1.5601743436437923,-0.0009099869449091802,0.938976544159385,0.948499632842543
TBP,PDCD1,within_positive_median,181,181,2.268377086440073,0.8501516269576934,1.4182254594823795,7.845179175111284e-61,1.5721928487748167e-60
TBPL1,PDCD1,positive_vs_negative,362,2480,0.8062682495334287,0.6658841062287718,0.14038414330465687,0.0009878062444580277,0.0014554068335505853
TBPL1,PDCD1,within_positive_median,181,181,1.4941829667783175,0.11835353228853991,1.3758294344897777,7.845179175111284e-61,1.5721928487748167e-60
TBPL2,PDCD1,positive_vs_negative,362,2480,0.1323196599858516,0.29500204033409533,-0.16268238034824373,0.00013849361880994456,0.00021319883204745717
TBPL2,PDCD1,within_positive_median,181,181,0.7624696693905536,-0.4978303494188503,1.2603000188094038,7.845179175111284e-61,1.5721928487748167e-60
TBX15,PDCD1,positive_vs_negative,362,2480,0.06776421697398691,-0.07034885154035607,0.13811306851434296,0.001999806284243901,0.0028866768972564136
TBX15,PDCD1,within_positive_median,181,181,0.6888976175565769,-0.553369183608603,1.2422668011651798,7.845179175111284e-61,1.5721928487748167e-60
TBX2,PDCD1,positive_vs_negative,362,2480,-1.5116321204915424,-1.261732833739954,-0.24989928675158835,3.2234311931900013e-10,6.04620992168972e-10
TBX2,PDCD1,within_positive_median,181,181,-1.0330940984213688,-1.9901701425617155,0.9570760441403467,7.843831144351722e-61,1.5721928487748167e-60
TBX21,PDCD1,positive_vs_negative,362,2480,0.8634095135109771,0.18466304957501245,0.6787464639359646,4.991863277001629e-32,9.943791647787245e-32
TBX21,PDCD1,within_positive_median,181,181,1.6493930463610489,0.07742598066090514,1.5719670657001437,7.845179175111284e-61,1.5721928487748167e-60
TBX3,PDCD1,positive_vs_negative,362,2480,0.6193831964255561,0.5499608280853479,0.06942236834020821,1.0130011820608258e-05,1.6676845906323677e-05
TBX3,PDCD1,within_positive_median,181,181,1.0289367592029897,0.20982963364812243,0.8191071255548672,7.845179175111284e-61,1.5721928487748167e-60
TBX5,PDCD1,positive_vs_negative,362,2480,-0.06939642426182,-0.16459502692808764,0.09519860266626765,0.442081756730039,0.4854613337410351
TBX5,PDCD1,within_positive_median,181,181,0.48822122300468684,-0.6270140715283269,1.1152352945330137,7.845179175111284e-61,1.5721928487748167e-60
TBXT,PDCD1,positive_vs_negative,362,2480,3.79570678086776,3.746294637250027,0.04941214361773261,0.7002047255299835,0.7372134319533441
TBXT,PDCD1,within_positive_median,181,181,4.8251939816244915,2.766219580111028,2.0589744015134634,7.845179175111284e-61,1.5721928487748167e-60
TCF12,PDCD1,positive_vs_negative,362,2480,0.18529073287052666,-0.07295737568579154,0.2582481085563182,3.217685950162565e-08,5.774441813264712e-08
TCF12,PDCD1,within_positive_median,181,181,0.8062525201118352,-0.43567105437078174,1.241923574482617,7.845179175111284e-61,1.5721928487748167e-60
TCF21,PDCD1,positive_vs_negative,362,2480,0.3228838763520649,0.34296752975800665,-0.02008365340594176,0.11553158004941906,0.14329944424560573
TCF21,PDCD1,within_positive_median,181,181,0.9995463585054851,-0.3537786058013552,1.3533249643068404,7.845179175111284e-61,1.5721928487748167e-60
TCF3,PDCD1,positive_vs_negative,362,2480,0.08931328207900695,0.15139521867183844,-0.062081936592831496,0.2609828969776269,0.30155332411800045
TCF3,PDCD1,within_positive_median,181,181,0.7863991004632463,-0.6077725363052323,1.3941716367684787,7.845179175111284e-61,1.5721928487748167e-60
TCF4,PDCD1,positive_vs_negative,362,2480,0.9156709862003046,1.3693723148555865,-0.4537013286552819,2.3017442160661047e-15,4.521769702567732e-15
TCF4,PDCD1,within_positive_median,181,181,1.6710826937773657,0.16025927862324363,1.510823415154122,7.845179175111284e-61,1.5721928487748167e-60
TCF7,PDCD1,positive_vs_negative,362,2480,-0.3165864387038142,-0.3132889336619447,-0.0032975050418694862,0.06122394895994676,0.07878430641357491
TCF7,PDCD1,within_positive_median,181,181,0.28338709187516814,-0.9165599692827966,1.1999470611579648,7.845179175111284e-61,1.5721928487748167e-60
TCF7L2,PDCD1,positive_vs_negative,362,2480,0.7007744957913336,0.8177339469350047,-0.11695945114367112,0.01796594928422044,0.024138361875498983
TCF7L2,PDCD1,within_positive_median,181,181,1.3825898120195828,0.01895917956308425,1.3636306324564984,7.845179175111284e-61,1.5721928487748167e-60
TEAD1,PDCD1,positive_vs_negative,362,2480,0.49617327846932674,0.4162003243760073,0.07997295409331945,0.1889369580144593,0.22349312373206826
TEAD1,PDCD1,within_positive_median,181,181,1.341731408970537,-0.34938485203188374,1.6911162610024206,7.845179175111284e-61,1.5721928487748167e-60
TEAD4,PDCD1,positive_vs_negative,362,2480,-0.26037864266482097,-0.19995782872520584,-0.060420813939615126,0.00045855981379201423,0.0006837209199653386
TEAD4,PDCD1,within_positive_median,181,181,0.31482579906463304,-0.8355830843942752,1.1504088834589083,7.845179175111284e-61,1.5721928487748167e-60
TEF,PDCD1,positive_vs_negative,362,2480,-0.43160732388943035,-0.39166687779949205,-0.0399404460899383,0.0024026623435162205,0.0034432398476865553
TEF,PDCD1,within_positive_median,181,181,0.06307551702629087,-0.9262901648051516,0.9893656818314425,7.845179175111284e-61,1.5721928487748167e-60
TET1,PDCD1,positive_vs_negative,362,2480,-0.3051575250205712,-0.386961432098586,0.08180390707801483,0.5300164689894625,0.5738004381668529
TET1,PDCD1,within_positive_median,181,181,0.2572813724803005,-0.8675964225214428,1.1248777950017432,7.845179175111284e-61,1.5721928487748167e-60
TFAM,PDCD1,positive_vs_negative,362,2480,1.820176203307457,1.715065664118425,0.10511053918903213,0.005437197547495136,0.007659757789681974
TFAM,PDCD1,within_positive_median,181,181,2.454344785203658,1.1860076214112565,1.2683371637924015,7.845179175111284e-61,1.5721928487748167e-60
TFAP2A,PDCD1,positive_vs_negative,362,2480,0.9753289366278961,0.6365349821085192,0.3387939545193769,7.531445996320147e-10,1.4047416127967913e-09
TFAP2A,PDCD1,within_positive_median,181,181,1.706576153569966,0.2440817196858259,1.4624944338841401,7.845179175111284e-61,1.5721928487748167e-60
TFAP2B,PDCD1,positive_vs_negative,362,2480,-0.40557498962630234,-0.3177193324178413,-0.08785565720846106,0.005807439889583288,0.00815826534559232
TFAP2B,PDCD1,within_positive_median,181,181,0.11645519487916074,-0.9276051741317655,1.0440603690109262,7.845179175111284e-61,1.5721928487748167e-60
TFAP2C,PDCD1,positive_vs_negative,362,2480,0.42953977091320233,0.30579892449834883,0.1237408464148535,0.13934750547391359,0.16967006778975297
TFAP2C,PDCD1,within_positive_median,181,181,1.164099942486395,-0.30502040065999036,1.4691203431463853,7.845179175111284e-61,1.5721928487748167e-60
TFAP4,PDCD1,positive_vs_negative,362,2480,0.8413440959946256,0.9132303778181423,-0.07188628182351675,0.12796464436779503,0.15676849420704042
TFAP4,PDCD1,within_positive_median,181,181,1.50517608299644,0.1775121089928108,1.3276639740036291,7.845179175111284e-61,1.5721928487748167e-60
TFCP2,PDCD1,positive_vs_negative,362,2480,-0.2636278292086585,-0.09402008988258959,-0.16960773932606893,0.0003032875760606428,0.0004563057790882178
TFCP2,PDCD1,within_positive_median,181,181,0.342978116353568,-0.8702337747708851,1.2132118911244532,7.845179175111284e-61,1.5721928487748167e-60
TFDP1,PDCD1,positive_vs_negative,362,2480,0.049787680447008806,-0.03966765159047827,0.08945533203748707,0.0061040157737027095,0.00853876363849424
TFDP1,PDCD1,within_positive_median,181,181,0.5768658058537968,-0.4772904449597792,1.054156250813576,7.845179175111284e-61,1.5721928487748167e-60
TFE3,PDCD1,positive_vs_negative,362,2480,-0.5422022908970925,-0.6189357252527798,0.07673343435568736,0.036281277158039124,0.04761021350383
TFE3,PDCD1,within_positive_median,181,181,0.06191030313562254,-1.1463148849298075,1.20822518806543,7.845179175111284e-61,1.5721928487748167e-60
TGFB1I1,PDCD1,positive_vs_negative,362,2480,1.0035772046128246,1.4310112469916525,-0.42743404237882787,2.9431184363537222e-09,5.428418449274644e-09
TGFB1I1,PDCD1,within_positive_median,181,181,1.8413394780064238,0.16581493121922514,1.6755245467871986,7.845179175111284e-61,1.5721928487748167e-60
TGIF1,PDCD1,positive_vs_negative,362,2480,0.12093157401664963,-0.04374512329574101,0.16467669731239065,0.1307882550117453,0.16003083782763922
TGIF1,PDCD1,within_positive_median,181,181,0.8198013593987783,-0.5779382113654792,1.3977395707642575,7.845179175111284e-61,1.5721928487748167e-60
THRA,PDCD1,positive_vs_negative,362,2480,2.255813574889453,2.148782766407417,0.10703080848203639,0.02777477544546195,0.03684545671361473
THRA,PDCD1,within_positive_median,181,181,2.9834729711527466,1.5281541786261605,1.455318792526586,7.845179175111284e-61,1.5721928487748167e-60
THRB,PDCD1,positive_vs_negative,362,2480,1.111107929237513,1.1898819372825826,-0.07877400804506962,0.10241481391274053,0.12798639229245867
THRB,PDCD1,within_positive_median,181,181,1.6973708509468188,0.5248450075282068,1.172525843418612,7.845179175111284e-61,1.5721928487748167e-60
TP53,PDCD1,positive_vs_negative,362,2480,2.707568753832317,2.4714138555261402,0.23615489830617697,1.455932828366053e-05,2.392919302066978e-05
TP53,PDCD1,within_positive_median,181,181,3.43887190253943,1.9762656051252034,1.4626062974142267,7.845179175111284e-61,1.5721928487748167e-60
TP63,PDCD1,positive_vs_negative,362,2480,0.1829274522861951,0.18790623567111578,-0.004978783384920665,0.9989331665828257,0.9989331665828257
TP63,PDCD1,within_positive_median,181,181,0.8130762358426352,-0.44722133127024505,1.2602975671128802,7.845179175111284e-61,1.5721928487748167e-60
TP73,PDCD1,positive_vs_negative,362,2480,0.7642022990585567,0.8218184188973132,-0.057616119838756474,0.20333420392382384,0.2387977710302368
TP73,PDCD1,within_positive_median,181,181,1.3813776491012641,0.1470269490158494,1.2343507000854148,7.845179175111284e-61,1.5721928487748167e-60
TRERF1,PDCD1,positive_vs_negative,362,2480,-0.1120963756685173,0.1867711651865557,-0.298867540855073,1.851374384671657e-15,3.644207286824052e-15
TRERF1,PDCD1,within_positive_median,181,181,0.5121131412891081,-0.7363058926261427,1.2484190339152508,7.845179175111284e-61,1.5721928487748167e-60
TRIM28,PDCD1,positive_vs_negative,362,2480,-0.8886587612479838,-0.7597195140104362,-0.12893924723754757,0.0021116988533227267,0.00303499575455907
TRIM28,PDCD1,within_positive_median,181,181,-0.2862160290382158,-1.4911014934577518,1.204885464419536,4.6070349677583455e-61,1.5721928487748167e-60
TRPS1,PDCD1,positive_vs_negative,362,2480,-0.4937967218976574,-0.16818302664787008,-0.32561369524978734,9.008253743324711e-08,1.5768401983042905e-07
TRPS1,PDCD1,within_positive_median,181,181,0.2825938370492634,-1.2701872808445782,1.5527811178938415,7.845179175111284e-61,1.5721928487748167e-60
TSC22D1,PDCD1,positive_vs_negative,362,2480,-0.4632943241578697,-0.4158264345252429,-0.04746788963262677,6.127679438571262e-05,9.656912532938255e-05
TSC22D1,PDCD1,within_positive_median,181,181,0.021407867285982006,-0.9479965156017216,0.9694043828877036,7.845179175111284e-61,1.5721928487748167e-60
TTF1,PDCD1,positive_vs_negative,362,2480,0.7349798613187021,0.6567157974164123,0.0782640639022898,0.0494630192288059,0.0640639364784014
TTF1,PDCD1,within_positive_median,181,181,1.3853203256661646,0.0846393969712393,1.3006809286949252,7.845179175111284e-61,1.5721928487748167e-60
TWIST1,PDCD1,positive_vs_negative,362,2480,0.4848254351462553,0.65575889729376,-0.1709334621475047,0.00020244568672193332,0.0003073718048400085
TWIST1,PDCD1,within_positive_median,181,181,1.124588784498483,-0.1549379142059723,1.2795266987044553,7.845179175111284e-61,1.5721928487748167e-60
TWIST2,PDCD1,positive_vs_negative,362,2480,0.7822347407601542,0.9502905819579825,-0.16805584119782835,0.007354279696877364,0.010230254997332199
TWIST2,PDCD1,within_positive_median,181,181,1.5242329382598057,0.0402365432605027,1.483996394999303,7.845179175111284e-61,1.5721928487748167e-60
USF1,PDCD1,positive_vs_negative,362,2480,2.6331464663018616,2.6488852301413464,-0.015738763839484804,0.8769849287915372,0.8959842805590187
USF1,PDCD1,within_positive_median,181,181,3.3297197350339234,1.9365731975697993,1.393146537464124,7.845179175111284e-61,1.5721928487748167e-60
USF2,PDCD1,positive_vs_negative,362,2480,2.731566907958951,2.4369941968393634,0.2945727111195877,4.104108790940998e-10,7.683632247701567e-10
USF2,PDCD1,within_positive_median,181,181,3.3795941161090406,2.083539699808862,1.2960544163001786,7.845179175111284e-61,1.5721928487748167e-60
VDR,PDCD1,positive_vs_negative,362,2480,0.8690137815918203,0.8139167065915223,0.055097075000298035,0.32748776667991986,0.37065660865136385
VDR,PDCD1,within_positive_median,181,181,1.629232351567786,0.10879521161585472,1.5204371399519312,7.845179175111284e-61,1.5721928487748167e-60
VHL,PDCD1,positive_vs_negative,362,2480,-1.131264092995083,-1.0144267229330732,-0.11683737006200978,0.20531426576696443,0.24058001023987835
VHL,PDCD1,within_positive_median,181,181,-0.3265111557088649,-1.9360170302813011,1.6095058745724362,7.845179175111284e-61,1.5721928487748167e-60
VSX2,PDCD1,positive_vs_negative,362,2480,-0.2409390538924811,-0.25164349918008716,0.010704445287606057,0.34836184213838794,0.39161218371313133
VSX2,PDCD1,within_positive_median,181,181,0.39912493705771585,-0.8810030448426781,1.280127981900394,7.845179175111284e-61,1.5721928487748167e-60
WT1,PDCD1,positive_vs_negative,362,2480,1.0632262478781993,1.0658602079755584,-0.002633960097359056,0.87271616590968,0.8933456333463939
WT1,PDCD1,within_positive_median,181,181,1.7435852288711098,0.3828672668852888,1.360717961985821,7.845179175111284e-61,1.5721928487748167e-60
XBP1,PDCD1,positive_vs_negative,362,2480,0.03355797503692638,0.23647182036282527,-0.2029138453258989,0.0016327947036672288,0.002374107335551182
XBP1,PDCD1,within_positive_median,181,181,0.7819590932900482,-0.7148431432161954,1.4968022365062437,7.845179175111284e-61,1.5721928487748167e-60
YBX1,PDCD1,positive_vs_negative,362,2480,2.459387818394835,2.5548635522776677,-0.0954757338828327,0.07344219195196888,0.09390041487055328
YBX1,PDCD1,within_positive_median,181,181,3.1975434978616026,1.7212321389280667,1.476311358933536,7.845179175111284e-61,1.5721928487748167e-60
YBX3,PDCD1,positive_vs_negative,362,2480,-0.9917623885762946,-1.1821008298837075,0.19033844130741284,2.550856658888234e-05,4.104447871167498e-05
YBX3,PDCD1,within_positive_median,181,181,-0.44820422287825407,-1.5353205542743353,1.0871163313960812,7.845179175111284e-61,1.5721928487748167e-60
YY1,PDCD1,positive_vs_negative,362,2480,1.0147073441132743,0.7292419293540756,0.28546541475919873,2.115255552315666e-10,3.982598355588664e-10
YY1,PDCD1,within_positive_median,181,181,1.6544479887009218,0.37496669952562717,1.2794812891752947,7.845179175111284e-61,1.5721928487748167e-60
ZBED1,PDCD1,positive_vs_negative,362,2480,4.4447056675465735,4.853073599327603,-0.40836793178102937,1.2689176519371478e-12,2.43984938480579e-12
ZBED1,PDCD1,within_positive_median,181,181,5.237114569640414,3.6522967654527325,1.5848178041876815,7.845179175111284e-61,1.5721928487748167e-60
ZBTB16,PDCD1,positive_vs_negative,362,2480,0.5476272609647436,0.42802341785419823,0.11960384311054534,0.013349234931117523,0.018138933139690387
ZBTB16,PDCD1,within_positive_median,181,181,1.2107332147255623,-0.11547869279607484,1.3262119075216372,7.845179175111284e-61,1.5721928487748167e-60
ZBTB17,PDCD1,positive_vs_negative,362,2480,0.2926626641147535,0.3572715048939179,-0.0646088407791644,0.14679792740792785,0.17808859402959334
ZBTB17,PDCD1,within_positive_median,181,181,0.9049495521930481,-0.31962422396354107,1.2245737761565891,7.845179175111284e-61,1.5721928487748167e-60
ZBTB4,PDCD1,positive_vs_negative,362,2480,9.10667981463434,9.861844533683847,-0.7551647190495068,3.9123004233029144e-23,7.7622534295014e-23
ZBTB4,PDCD1,within_positive_median,181,181,10.039987740450071,8.17337188881861,1.8666158516314617,7.845179175111284e-61,1.5721928487748167e-60
ZBTB7A,PDCD1,positive_vs_negative,362,2480,-0.011656983671370764,0.20060739316632714,-0.21226437683769792,2.5994332858988464e-06,4.344019383817535e-06
ZBTB7A,PDCD1,within_positive_median,181,181,0.6826050030249564,-0.705918970367698,1.3885239733926544,7.845179175111284e-61,1.5721928487748167e-60
ZBTB7B,PDCD1,positive_vs_negative,362,2480,0.9546288013854478,0.7419291140757712,0.2126996873096766,3.515278796255372e-05,5.60194828971256e-05
ZBTB7B,PDCD1,within_positive_median,181,181,1.6162057740135858,0.2930518287573097,1.3231539452562762,7.845179175111284e-61,1.5721928487748167e-60
ZEB1,PDCD1,positive_vs_negative,362,2480,0.7728017986084846,0.9469327994234116,-0.17413100081492694,0.0001081257281010351,0.0001672255049512903
ZEB1,PDCD1,within_positive_median,181,181,1.4323196860221619,0.11328391119480762,1.3190357748273542,7.845179175111284e-61,1.5721928487748167e-60
ZEB2,PDCD1,positive_vs_negative,362,2480,0.5506259304692382,0.6528203725546722,-0.10219444208543393,0.007560214587877432,0.010502055410775346
ZEB2,PDCD1,within_positive_median,181,181,1.0957227078884626,0.005529153050013697,1.090193554838449,7.845179175111284e-61,1.5721928487748167e-60
ZFP42,PDCD1,positive_vs_negative,362,2480,-0.29575803285574187,-0.056499275866754774,-0.2392587569889871,7.586557438108832e-12,1.453117540068538e-11
ZFP42,PDCD1,within_positive_median,181,181,0.24771508005789344,-0.8392311457693772,1.0869462258272706,7.845179175111284e-61,1.5721928487748167e-60
ZFPM1,PDCD1,positive_vs_negative,362,2480,-0.33393765700896905,-0.40341521231693994,0.0694775553079709,0.2701075498580069,0.31101401116598254
ZFPM1,PDCD1,within_positive_median,181,181,0.26618283556217814,-0.9340581495801162,1.2002409851422944,7.845179175111284e-61,1.5721928487748167e-60
ZFPM2,PDCD1,positive_vs_negative,362,2480,-0.39733478618466056,-0.3586613793166095,-0.03867340686805104,9.05526255965548e-06,1.4956951093560297e-05
ZFPM2,PDCD1,within_positive_median,181,181,-0.058786470857215084,-0.735883101512106,0.6770966306548909,7.845179175111284e-61,1.5721928487748167e-60
ZGLP1,PDCD1,positive_vs_negative,362,2480,1.187049363428601,1.171102790783171,0.01594657264542998,0.3034307056282468,0.3465791087221718
ZGLP1,PDCD1,within_positive_median,181,181,1.6438042894449274,0.7302944374122746,0.9135098520326528,7.845179175111284e-61,1.5721928487748167e-60
ZIC1,PDCD1,positive_vs_negative,362,2480,0.370878616181544,0.35833161367095334,0.012547002510590655,0.8227746755713408,0.8457002857265794
ZIC1,PDCD1,within_positive_median,181,181,1.1672859727199638,-0.4255287403568756,1.5928147130768395,7.845179175111284e-61,1.5721928487748167e-60
ZNF143,PDCD1,positive_vs_negative,362,2480,-0.323519376790165,-0.3616491266029096,0.038129749812744584,0.7126394811181143,0.747199832655224
ZNF143,PDCD1,within_positive_median,181,181,0.31078166311577493,-0.957820416696105,1.2686020798118798,7.845179175111284e-61,1.5721928487748167e-60
ZNF148,PDCD1,positive_vs_negative,362,2480,-1.0384023171530636,-1.0306332425831157,-0.007769074569947909,0.7900203505923277,0.8144199103147092
ZNF148,PDCD1,within_positive_median,181,181,-0.41368369060951293,-1.663120943696615,1.249437253087102,7.845179175111284e-61,1.5721928487748167e-60
ZNF300,PDCD1,positive_vs_negative,362,2480,0.7512093502508389,0.5130251838383632,0.23818416641247575,5.7246068378537445e-05,9.050330810321157e-05
ZNF300,PDCD1,within_positive_median,181,181,1.4408977280278275,0.06152097247385063,1.3793767555539769,7.845179175111284e-61,1.5721928487748167e-60
ZNF331,PDCD1,positive_vs_negative,362,2480,-0.8148701861072819,-0.9017935835678268,0.0869233974605449,0.12360926615416808,0.15199361615994
ZNF331,PDCD1,within_positive_median,181,181,-0.018599277313960872,-1.611141094900603,1.5925418175866421,7.845179175111284e-61,1.5721928487748167e-60
ZNF350,PDCD1,positive_vs_negative,362,2480,-0.3724814054414772,-0.28158096310571834,-0.09090044233575884,9.243740539182856e-09,1.6924201428356844e-08
ZNF350,PDCD1,within_positive_median,181,181,-0.0028113550589414977,-0.7421514558240127,0.7393401007650712,7.845179175111284e-61,1.5721928487748167e-60
ZNF354C,PDCD1,positive_vs_negative,362,2480,0.7583400173680915,0.9174093784479401,-0.1590693610798486,0.005527412961128626,0.00777585213175722
ZNF354C,PDCD1,within_positive_median,181,181,1.5579694042817378,-0.041289369545555,1.5992587738272928,7.845179175111284e-61,1.5721928487748167e-60
ZNF362,PDCD1,positive_vs_negative,362,2480,-0.23172790006228072,-0.16634030256545781,-0.06538759749682291,0.1320683807221259,0.1613989045389416
ZNF362,PDCD1,within_positive_median,181,181,0.3695124483299499,-0.8329682484545113,1.2024806967844612,7.845179175111284e-61,1.5721928487748167e-60
ZNF382,PDCD1,positive_vs_negative,362,2480,-0.710869980641886,-0.6399398028259348,-0.07093017781595123,0.17831626510168896,0.21193675422587377
ZNF382,PDCD1,within_positive_median,181,181,0.0923619134522967,-1.5141018747360688,1.6064637881883654,7.845179175111284e-61,1.5721928487748167e-60
ZNF384,PDCD1,positive_vs_negative,362,2480,-0.5355900457725683,-0.6013298017826361,0.06573975601006776,0.5703719340643806,0.609539105502278
ZNF384,PDCD1,within_positive_median,181,181,-0.13221528022170512,-0.9389648113234315,0.8067495311017263,7.845179175111284e-61,1.5721928487748167e-60
ZNF699,PDCD1,positive_vs_negative,362,2480,0.007504043319676734,0.01802770719824959,-0.010523663878572856,0.9690149043962515,0.974887721998653
ZNF699,PDCD1,within_positive_median,181,181,0.6340638447966975,-0.619055758157344,1.2531196029540417,7.845179175111284e-61,1.5721928487748167e-60
ZNF76,PDCD1,positive_vs_negative,362,2480,0.11854730097860301,0.03393675942187131,0.0846105415567317,0.9577567258418712,0.9655118410308743
ZNF76,PDCD1,within_positive_median,181,181,0.6666073693286242,-0.4295127673714183,1.0961201367000424,7.845179175111284e-61,1.5721928487748167e-60
ZNF91,PDCD1,positive_vs_negative,362,2480,2.626506081488972,2.544336816231667,0.08216926525730495,0.09710787731248764,0.12165968025564489
ZNF91,PDCD1,within_positive_median,181,181,3.293581962742935,1.9594302002350095,1.3341517625079253,7.845179175111284e-61,1.5721928487748167e-60
